20_현업확인_요청-001.md:165	145	### D. 원천 값 전무(100% NULL) 컬럼
20_현업확인_요청-001.md:203	167	### E. 참조 무결성 gap — 마스터 부재 외래키 ⚠️최우선
20_현업확인_요청-001.md:220	207	## D. SV 코드→라벨 매핑 — 현업 확인 (2026-07-23 신규 · 순서9-F 라벨화)
20_현업확인_요청-001.md:241	229	### AD-2. `CRM_DEV_CNT`(CRM 개발건수)가 소수값인 이유 🔵
20_현업확인_요청-001.md:263	243	### AD-3. 2026-06부터 개발건수가 단가로 대체된 원천 포맷 변경 🔴
20_현업확인_요청-001.md:298	279	### AD-5. VIDEO(비디오) 광고 개발실적이 원천에 없습니다 🔴
20_현업확인_요청-002.md:29	10	### F-1. 신규본부 / 신규지부 — 본부와 지부를 구별하는 축이 없습니다 🔴
20_현업확인_요청-002.md:57	31	### F-2. 후원사업 그룹 — 4그룹 매핑과 "총 11개"의 기준 🟡
20_현업확인_요청-002.md:83	59	### F-3. 발송 오픈 — C-9 폐기 결정을 되돌려야 합니까? 🔴 **최우선**
20_현업확인_요청-002.md:98	85	### F-4. 예측 등급 산출식 — 정본이 미확정으로 남긴 항목 🔴
20_현업확인_요청-002.md:111	100	### F-5. 공휴일 캘린더 (문서40 HOL-1 연계) 🔴
20_현업확인_요청-002.md:160	153	### H-3. 질문
20_현업확인_요청-003.md:163	155	### J-2. 질문 (1개뿐입니다)
20_현업확인_요청-004.md:29	21	### K-2. 질문
20_현업확인_요청-004.md:85	46	### L-1. 「발송 후 반응」을 어떤 발송에 대해 셀 것입니까? 🔴 **최우선**
20_현업확인_요청-004.md:90	46	### L-1. 「발송 후 반응」을 어떤 발송에 대해 셀 것입니까? 🔴 **최우선**
20_현업확인_요청-004.md:95	46	### L-1. 「발송 후 반응」을 어떤 발송에 대해 셀 것입니까? 🔴 **최우선**
20_현업확인_요청-004.md:115	100	### L-2. 중단보고의 「후원사업」은 어느 사업입니까? 🟡
20_현업확인_요청-005.md:83	65	### M-2. 발송 서비스 `SUBTYPE`(발신유형)의 코드군을 찾을 수 없습니다 🔴
20_현업확인_요청-005.md:143	108	### M-4. 이메일·SND 발송결과의 **라벨이 코드사전에 없습니다** 🔴 (2026-08-11 O59-N 신규)
20_현업확인_요청-005.md:164	145	### M-5. 통신사 발송결과 코드 **17종이 코드사전에 없습니다** 🔴 (2026-08-11 O59-N build 후 신규)
20_현업확인_요청-005.md:200	168	### M-6. 「발송상태2」가 원천의 어느 컬럼입니까? 🟡 (2026-08-11 O59-P 신규)
20_현업확인_요청-006.md:19	4	### N-1. 「월 목표(건)」이 기존 「연사업목표(건)」과 같은 지표입니까? 🔴
20_현업확인_요청-006.md:43	21	### N-2. 단위·분해 축이 보완된 것으로 보이는 10건 — 기존 번호를 대체합니까? 🟡
20_현업확인_요청-006.md:67	45	### N-3. 캠페인 축 4건 — 이름이 다른데 값이 겹치고, 이름이 같은데 값이 다릅니다 🔴 **최우선**
20_현업확인_요청-006.md:84	69	### N-4. 「데이터 출처」 칸이 20건 중 2건만 채워져 있습니다 🟡
20_현업확인_요청-007.md:29	10	#### N-6-A. 캠페인 4축 — 값이 라이브에 실재하고, 07 이 오히려 기존 문서를 교정합니다
20_현업확인_요청-009.md:199	159	### N-19. 🆕 🔴 **[2026-09-22 O179 신설] 「그 밖」 9항목 BRONZE 실측 일괄 — 원천에 데이터가 있는지 전수 판정**
20_현업확인_요청-009.md:230	201	### D-2. 사업목표(FTG-B) 원천이 CRM 인지 ERP 인지 확정 부탁드립니다 🔴
20_현업확인_요청-009.md:258	232	### W-1. BigQuery UTM 을 캠페인 축에 붙일 수 있습니까 — 마케팅 캠페인코드 작업과의 관계 🔴
20_현업확인_요청-010.md:51	17	### N-20. 🆕 🟠 **[2026-09-22 O179 신설] BRONZE `AGE` COMMENT 오기 3건 + 코드/라벨 혼재 — 원천 정정 요청**
20_현업확인_요청-010.md:101	83	### N-23. 🆕 🟠 **[2026-09-28 O184 신설] 현업 회신 묶음 — 신규 1건 + 재발행 2건(§E 좁힘 · §M-4 분할)**
20_현업확인_요청-010.md:111	83	### N-23. 🆕 🟠 **[2026-09-28 O184 신설] 현업 회신 묶음 — 신규 1건 + 재발행 2건(§E 좁힘 · §M-4 분할)**
20_현업확인_요청-010.md:120	83	### N-23. 🆕 🟠 **[2026-09-28 O184 신설] 현업 회신 묶음 — 신규 1건 + 재발행 2건(§E 좁힘 · §M-4 분할)**
20_현업확인_요청-010.md:143	123	### N-24. 🆕 🟠 **[2026-09-28 O186 신설] 2026 사업목표(`TM_CM_MBER_DVLP_GOAL_DIV`) 배선 전 확인 + 2024 
20_현업확인_요청-010.md:154	123	### N-24. 🆕 🟠 **[2026-09-28 O186 신설] 2026 사업목표(`TM_CM_MBER_DVLP_GOAL_DIV`) 배선 전 확인 + 2024 
