SV	캠페인	상위캠페인	브랜드(BRND_NM)	공통브랜드(MM297)	홍보방법(CM008)	캠페인카테고리(MM294)	개발인입경로(MM293)	캠페인유형1(MM295)	캠페인유형2(MM296)	마케팅캠페인(C001)	마케팅UTM(U001)	마케팅채널(C002)	법인구분(CM019)	후원구분(CM035)
SV_AD	MKTG.MARKETING_CAMPAIGN	-	-	-	-	-	-	-	-	MKTG.MARKETING_CAMPAIGN	-	-	-	-
SV_BUDGET	-	-	-	-	-	-	FBD.DVLP_INBOUND_PATH	-	-	-	-	-	-	-
SV_GA_BEHAVIOR	-	-	-	-	-	-	-	-	-	-	FBQ.UTM_CAMPAIGN,SRC.UTM_MEDIUM,SRC.UTM_SOURCE	-	-	-
SV_MEMBER_COHORT	ACQ_CAMPAIGN.CAMPAIGN_NAME,FMC.PARENT_CAMPAIGN_NAME	FMC.PARENT_CAMPAIGN_NAME	FMC.CAMPAIGN_BRAND	-	FMC.PROMO_METHOD_NAME	FMC.CAMPAIGN_TYPE	FMC.CAMPAIGN_INFLOW_PATH	FMC.CAMPAIGN_TYPE	-	FMC.MARKETING_CAMPAIGN	-	-	-	-
SV_MEMBER_EVENT	CAMPAIGN.CAMPAIGN_NAME,CAMPAIGN.PARENT_CAMPAIGN_NAME	CAMPAIGN.PARENT_CAMPAIGN_NAME	CAMPAIGN.CAMPAIGN_BRAND,FME.CMMN_BRND_NM	FME.CMMN_BRND_NM	CAMPAIGN.PROMO_METHOD_NAME	FME.CAMPAIGN_TYPE	FME.CAMPAIGN_INFLOW_PATH	FME.DOMESTIC_OVERSEAS	FME.BIZ_CASE_TYPE	FME.MARKETING_CAMPAIGN	FME.MKTG_UTM_NM	-	FME.CPR_DIV_NM,SPONSORSHIP.SPONSORSHIP_CPR_DIV_NM	FME.SPNSR_DIV_NM
SV_MEMBER_FEE	FEE.ACQ_CAMPAIGN	FEE.ACQ_PARENT_CAMPAIGN	FEE.ACQ_BRAND	FEE.ACQ_CMMN_BRAND	FEE.ACQ_PROMO_METHOD	FEE.ACQ_CAMPAIGN_TYPE	FEE.ACQ_INFLOW_PATH	FEE.ACQ_DOMESTIC_OVERSEAS	-	FEE.ACQ_MARKETING_CAMPAIGN	FEE.ACQ_UTM	-	FEE.ACQ_CPR_DIV	FEE.ACQ_SPNSR_DIV
SV_MEMBER_SERVICE_COHORT	SVC.ACQ_CAMPAIGN_NAME,SVC.ACQ_PARENT_CAMPAIGN_NAME	SVC.ACQ_PARENT_CAMPAIGN_NAME	-	-	-	SVC.ACQ_CAMPAIGN_TYPE	SVC.ACQ_INFLOW_PATH	-	-	-	-	-	SVC.ACQ_CPR_DIV_NM	-
SV_MEMBER_SPONSOR_BIZ	CAMPAIGN.CAMPAIGN	-	-	-	-	FMSB.ACQ_CMPGN_CTGR_NM	-	-	-	-	-	-	-	-
SV_ML_DVLP_FORECAST	DF.SERIES_NAME	-	-	-	-	-	-	-	-	-	-	-	-	-
SV_ML_FEE_FORECAST	-	-	-	-	-	FF.CMPGN_CTGR_CD,FF.CMPGN_CTGR_NAME	-	-	-	-	-	-	-	-
SV_ML_LTV_FORECAST	LF.SERIES_NAME	-	-	-	-	-	-	-	-	-	-	LF.SERIES_NAME	-	-
SV_ML_SPONSOR_RISK	-	-	-	-	-	SR.CMPGN_CTGR_CD,SR.CMPGN_CTGR_NAME	-	-	-	-	-	-	-	-
SV_MSTR_SPNSR_DVLP	MD.CMPGN_NM,MD.PRE_CMPGN_NM,MD.UPPER_CMPGN_NM	MD.UPPER_CMPGN_NM	MD.BRND_NM,MD.CMMN_BRND_NM	MD.CMMN_BRND_NM	MD.PR_MTH_NM	MD.CMPGN_CTGR_NM	MD.DVLP_INFLOW_PATH_NM	MD.CMPGN_TYPE1_NM	MD.CMPGN_TYPE2_NM	-	-	-	MD.CPR_DIV_NM	-
SV_SPNSR_CLS_AGGR	-	-	-	-	-	-	-	-	-	-	-	-	SC.CPR_NM	-
SV_TARGET_BIZ	-	-	-	-	-	-	-	-	-	-	-	-	TGT.CORP_DIV	-

# 축별 배선 SV 수
캠페인	9
상위캠페인	5
브랜드(BRND_NM)	4
공통브랜드(MM297)	3
홍보방법(CM008)	4
캠페인카테고리(MM294)	8
개발인입경로(MM293)	6
캠페인유형1(MM295)	4
캠페인유형2(MM296)	2
마케팅캠페인(C001)	4
마케팅UTM(U001)	3
마케팅채널(C002)	1
법인구분(CM019)	6
후원구분(CM035)	2

# SV 수 = 28
