schema	table	column	ndv	comment	base_of_sv	exposed_in	judge
GOLD	DIM_AD_CREATIVE	AD_TYPE	14	소재 광고유형.	-	-	S3_SV미연결(신설·base확장)
GOLD	DIM_AD_CREATIVE	CM_POSITION	16	CM위치(#21)	-	SV_AD	S1_노출됨
GOLD	DIM_AD_CREATIVE	MEDIA_NAME	92	매체명/공동브랜드(#11)	-	-	S3_SV미연결(신설·base확장)
GOLD	DIM_AD_CREATIVE	PLATFORM	3	플랫폼(#12)	-	-	S3_SV미연결(신설·base확장)
GOLD	DIM_BIGQUERY_EVENT	EVENT_CATEGORY	341	이벤트 카테고리(#99)	SV_GA_BEHAVIOR	SV_GA_BEHAVIOR	S1_노출됨
GOLD	DIM_BIGQUERY_SOURCE	DEFAULT_CHANNEL_GROUP	14	[DEC.	SV_GA_BEHAVIOR	SV_GA_BEHAVIOR	S1_노출됨
GOLD	DIM_BIGQUERY_SOURCE	SOURCE_MEDIUM	491	세션 소스/매체(#109)	SV_GA_BEHAVIOR	SV_GA_BEHAVIOR	S1_노출됨
GOLD	DIM_BIGQUERY_SOURCE	UTM_CONTENT	135	세션 수동 광고 콘텐츠(#103)	SV_GA_BEHAVIOR	-	S2_SV차원추가
GOLD	DIM_BIGQUERY_SOURCE	UTM_MEDIUM	51	medium	SV_GA_BEHAVIOR	SV_GA_BEHAVIOR	S1_노출됨
GOLD	DIM_BIGQUERY_SOURCE	UTM_SOURCE	398	source	SV_GA_BEHAVIOR	SV_GA_BEHAVIOR	S1_노출됨
GOLD	DIM_BIGQUERY_SOURCE	UTM_TERM	108	세션 수동 검색어(#104)	SV_GA_BEHAVIOR	-	S2_SV차원추가
GOLD	DIM_BIZ_PLACE	BPLC_CD	380	사업장코드 [원천: SILVER.CRM_BIZ_PLACE]	-	-	S3_SV미연결(신설·base확장)
GOLD	DIM_BIZ_PLACE	BPLC_DC	107	사업장설명 [원천: SILVER.CRM_BIZ_PLACE]	-	-	S3_SV미연결(신설·base확장)
GOLD	DIM_BIZ_PLACE	BPLC_ENGNM	364	사업장영문명 [원천: SILVER.CRM_BIZ_PLACE]	-	-	S3_SV미연결(신설·base확장)
GOLD	DIM_BIZ_PLACE	BPLC_KORNM	377	사업장한글명 [원천: SILVER.CRM_BIZ_PLACE]	-	-	S3_SV미연결(신설·base확장)
GOLD	DIM_BIZ_PLACE	BPLC_MTCHG_MNG_YN	2	사업장매칭관리여부 [원천: SILVER.CRM_BIZ_PLACE]	-	-	S3_SV미연결(신설·base확장)
GOLD	DIM_BIZ_PLACE	CNCSN_RSN	17	종결사유 [원천: SILVER.CRM_BIZ_PLACE]	-	-	S3_SV미연결(신설·base확장)
GOLD	DIM_BIZ_PLACE	GFTMNEY_PSBL_YN	2	선물금가능여부 [원천: SILVER.CRM_BIZ_PLACE]	-	-	S3_SV미연결(신설·base확장)
GOLD	DIM_BIZ_PLACE	LETTER_PSBL_YN	2	서신가능여부 [원천: SILVER.CRM_BIZ_PLACE]	-	-	S3_SV미연결(신설·base확장)
GOLD	DIM_BIZ_PLACE	NATION_CD	36	국가코드 [원천: SILVER.CRM_BIZ_PLACE]	-	-	S3_SV미연결(신설·base확장)
GOLD	DIM_BIZ_PLACE	RELATNSP_BSNS_YN	2	결연사업여부 [원천: SILVER.CRM_BIZ_PLACE]	-	-	S3_SV미연결(신설·base확장)
GOLD	DIM_BUDGET_ITEM	BDGT_UNIT_NM	6	예산단위명(ERP 원천 BDGT_UNIT_NM 그대로 · 조직명 표기 · 코드 없음). 세세목에 1:1 종속	SV_BUDGET,SV_BUDGET_YEARLY	SV_BUDGET,SV_BUDGET_YEARLY	S1_노출됨
GOLD	DIM_BUDGET_ITEM	BUDGET_ITEM_NAME	49	세세목명	SV_BUDGET,SV_BUDGET_YEARLY	SV_BUDGET,SV_BUDGET_YEARLY	S1_노출됨
GOLD	DIM_CAMPAIGN	BIZ_CASE_TYPE	4	BIZ_CASE_TYPE (#16). 코드id:MM296.	SV_MEMBER_COHORT,SV_MEMBER_EVENT,SV_MEMBER_SPONSOR_BIZ	SV_MEMBER_COHORT,SV_MEMBER_EVENT	S1_노출됨
GOLD	DIM_CAMPAIGN	BRAND	84	공통브랜드(#117)	SV_MEMBER_COHORT,SV_MEMBER_EVENT,SV_MEMBER_SPONSOR_BIZ	SV_MEMBER_COHORT,SV_MEMBER_EVENT	S1_노출됨
GOLD	DIM_CAMPAIGN	BRND_USE_YN	2	사용여부 [SILVER.CRM_CAMPAIGN 승계 · 원천 BRONZE_CRM.TM_CM_BRND_MNG]	SV_MEMBER_COHORT,SV_MEMBER_EVENT,SV_MEMBER_SPONSOR_BIZ	-	S2_SV차원추가
GOLD	DIM_CAMPAIGN	CAMPAIGN_TYPE	59	CAMPAIGN_TYPE (#17). 코드id:MM294.	SV_MEMBER_COHORT,SV_MEMBER_EVENT,SV_MEMBER_SPONSOR_BIZ	SV_MEMBER_COHORT,SV_MEMBER_EVENT,SV_MEMBER_SPONSOR_BIZ	S1_노출됨
GOLD	DIM_CAMPAIGN	CMMN_BRND	17	공통브랜드 원천코드(MM297  14종). 코드id:MM297.	SV_MEMBER_COHORT,SV_MEMBER_EVENT,SV_MEMBER_SPONSOR_BIZ	-	S2_SV차원추가
GOLD	DIM_CAMPAIGN	CMMN_BRND_NM	17	공통브랜드명. 코드id:MM297.	SV_MEMBER_COHORT,SV_MEMBER_EVENT,SV_MEMBER_SPONSOR_BIZ	SV_MEMBER_EVENT	S1_노출됨
GOLD	DIM_CAMPAIGN	CMPGN_PRPT_YN	2	캠페인특성여부 [SILVER.CRM_CAMPAIGN 승계 · 원천 BRONZE_CRM.TM_CM_CMPGN_	SV_MEMBER_COHORT,SV_MEMBER_EVENT,SV_MEMBER_SPONSOR_BIZ	-	S2_SV차원추가
GOLD	DIM_CAMPAIGN	CPR_DIV_CD	3	CPR_DIV_CD. 코드id:CM019.	SV_MEMBER_COHORT,SV_MEMBER_EVENT,SV_MEMBER_SPONSOR_BIZ	-	S1_노출됨(라벨)
GOLD	DIM_CAMPAIGN	CPR_DIV_NM	3	법인구분명. 코드id:CM019.	SV_MEMBER_COHORT,SV_MEMBER_EVENT,SV_MEMBER_SPONSOR_BIZ	SV_MEMBER_EVENT	S1_노출됨
GOLD	DIM_CAMPAIGN	DOMESTIC_OVERSEAS	4	DOMESTIC_OVERSEAS (#15). 코드id:MM295.	SV_MEMBER_COHORT,SV_MEMBER_EVENT,SV_MEMBER_SPONSOR_BIZ	SV_MEMBER_COHORT,SV_MEMBER_EVENT	S1_노출됨
GOLD	DIM_CAMPAIGN	INFLOW_PATH	12	INFLOW_PATH. 코드id:MM293.	SV_MEMBER_COHORT,SV_MEMBER_EVENT,SV_MEMBER_SPONSOR_BIZ	SV_MEMBER_COHORT,SV_MEMBER_EVENT	S1_노출됨
GOLD	DIM_CAMPAIGN	MKTG_CHANNEL_NM	126	마케팅 채널명 (TC_MKTNG_DTL_CD C002 라벨).	SV_MEMBER_COHORT,SV_MEMBER_EVENT,SV_MEMBER_SPONSOR_BIZ	-	S2_SV차원추가
GOLD	DIM_CAMPAIGN	MKTG_UTM_NM	248	마케팅 UTM 라벨 (TC_MKTNG_DTL_CD U001 라벨).	SV_MEMBER_COHORT,SV_MEMBER_EVENT,SV_MEMBER_SPONSOR_BIZ	SV_MEMBER_EVENT	S1_노출됨
GOLD	DIM_CAMPAIGN	PROMO_METHOD	95	홍보방법 원천코드 (#118). 코드id:CM008.	SV_MEMBER_COHORT,SV_MEMBER_EVENT,SV_MEMBER_SPONSOR_BIZ	-	S2_SV차원추가
GOLD	DIM_CAMPAIGN	PROMO_METHOD_NAME	93	홍보방법명. 코드id:CM008.	SV_MEMBER_COHORT,SV_MEMBER_EVENT,SV_MEMBER_SPONSOR_BIZ	SV_MEMBER_COHORT,SV_MEMBER_EVENT	S1_노출됨
GOLD	DIM_CAMPAIGN	SPNSR_DIV_CD	2	후원구분 원천코드(CM035): 1=정기후원 · 2=일시후원. 코드id:CM035.	SV_MEMBER_COHORT,SV_MEMBER_EVENT,SV_MEMBER_SPONSOR_BIZ	-	S1_노출됨(라벨)
GOLD	DIM_CAMPAIGN	SPNSR_DIV_NM	2	후원구분명. 코드id:CM035.	SV_MEMBER_COHORT,SV_MEMBER_EVENT,SV_MEMBER_SPONSOR_BIZ	SV_MEMBER_EVENT	S1_노출됨
GOLD	DIM_CAMPAIGN	USE_DEPT_CD	113	사용부서코드 [SILVER.CRM_CAMPAIGN 승계 · 원천 BRONZE_CRM.TM_CM_CMPGN_M	SV_MEMBER_COHORT,SV_MEMBER_EVENT,SV_MEMBER_SPONSOR_BIZ	-	S2_SV차원추가
GOLD	DIM_CAMPAIGN	USE_SCOPE	3	사용범위 [SILVER.CRM_CAMPAIGN 승계 · 원천 BRONZE_CRM.TM_CM_CMPGN_MNG	SV_MEMBER_COHORT,SV_MEMBER_EVENT,SV_MEMBER_SPONSOR_BIZ	-	S2_SV차원추가
GOLD	DIM_CAMPAIGN	USE_YN	2	사용여부 [SILVER.CRM_CAMPAIGN 승계 · 원천 BRONZE_CRM.TM_CM_CMPGN_MNG	SV_MEMBER_COHORT,SV_MEMBER_EVENT,SV_MEMBER_SPONSOR_BIZ	-	S2_SV차원추가
GOLD	DIM_CHILD	BPLC_CD	261	사업장코드 [원천: SILVER.CRM_CHILD]	-	-	S3_SV미연결(신설·base확장)
GOLD	DIM_CHILD	CHILD_DTL_STAT_CD	14	아동상세상태코드 [원천: SILVER.CRM_CHILD]	-	-	S3_SV미연결(신설·base확장)
GOLD	DIM_CHILD	CHILD_STAT_CD	7	아동상태코드 [원천: SILVER.CRM_CHILD]	-	-	S3_SV미연결(신설·base확장)
GOLD	DIM_CHILD	MNYRS_NATION_CD	6	모금국가코드 [원천: SILVER.CRM_CHILD]	-	-	S3_SV미연결(신설·base확장)
GOLD	DIM_CHILD	REGIST_DIV_CD	3	등록구분코드 [원천: SILVER.CRM_CHILD]	-	-	S3_SV미연결(신설·base확장)
GOLD	DIM_CHILD	RELATNSP_STAT_CD	3	결연상태코드 [원천: SILVER.CRM_CHILD]	-	-	S3_SV미연결(신설·base확장)
GOLD	DIM_CHILD	SEX	4	성별 [원천: SILVER.CRM_CHILD]	-	SV_EVENT_PARTICIPATION,SV_MEMBER_EVENT,SV_MEMBER_MONTHLY,SV_SERVICE	S1_노출됨
GOLD	DIM_CODE_GROUP	CD_DC	310	코드설명 [원천: SILVER.CRM_CODE_GROUP]	-	-	S3_SV미연결(신설·base확장)
GOLD	DIM_CODE_GROUP	CD_NM	331	코드명 [원천: SILVER.CRM_CODE_GROUP]	-	-	S3_SV미연결(신설·base확장)
GOLD	DIM_CODE_GROUP	RM	52	비고 [원천: SILVER.CRM_CODE_GROUP]	-	-	S3_SV미연결(신설·base확장)
GOLD	DIM_CODE_GROUP	USE_YN	2	사용여부 [원천: SILVER.CRM_CODE_GROUP]	-	-	S3_SV미연결(신설·base확장)
GOLD	DIM_DATE	DAY_OF_WEEK	7	요일	SV_AD,SV_EVENT_PARTICIPATION,SV_GA_BEHAVIOR,SV_MEMBER_COHORT,SV_MEMBER_EVENT,SV_RELATION_ACTIVITY,SV_SERVICE	SV_AD,SV_MEMBER_EVENT	S1_노출됨
GOLD	DIM_DEVICE	DEVICE_SCOPE_DESC	4	멤버 의미 자기설명(DEC.	SV_AD,SV_GA_BEHAVIOR	SV_AD	S1_노출됨
GOLD	DIM_DEVICE	DEVICE_TYPE	4	DEVICE_TYPE.	SV_AD,SV_GA_BEHAVIOR	SV_AD,SV_GA_BEHAVIOR	S1_노출됨
GOLD	DIM_EVENT	CPR_DIV_CD	2	법인구분코드 [SILVER.CRM_EVENT 승계 · 원천 BRONZE_CRM.TM_MS_CRMN]	SV_EVENT_PARTICIPATION	-	S1_노출됨(라벨)
GOLD	DIM_EVENT	CRMN_PLACE_NM	234	행사장소명 [SILVER.CRM_EVENT 승계 · 원천 BRONZE_CRM.TM_MS_CRMN]	SV_EVENT_PARTICIPATION	SV_EVENT_PARTICIPATION	S1_노출됨
GOLD	DIM_EVENT	EVENT_CATEGORY	19	행사구분	SV_EVENT_PARTICIPATION	SV_EVENT_PARTICIPATION	S1_노출됨
GOLD	DIM_EVENT	EVENT_CATEGORY_GROUP	2	EVENT_CATEGORY_GROUP. 코드id:MS286.	SV_EVENT_PARTICIPATION	-	S2_SV차원추가
GOLD	DIM_EVENT	EVENT_CATEGORY_NAME	19	EVENT_CATEGORY_NAME.	SV_EVENT_PARTICIPATION	SV_EVENT_PARTICIPATION	S1_노출됨
GOLD	DIM_EVENT	EVENT_KIND	2	EVENT_KIND.	SV_EVENT_PARTICIPATION	SV_EVENT_PARTICIPATION	S1_노출됨
GOLD	DIM_EVENT	EVENT_KIND_NAME	3	행사종류명(라벨). EVENT→일반행사·CRMN→캠페인행사.	SV_EVENT_PARTICIPATION	SV_EVENT_PARTICIPATION	S1_노출됨
GOLD	DIM_EVENT	USE_YN	2	사용여부 [SILVER.CRM_EVENT 승계 · 원천 BRONZE_CRM.TM_MS_CRMN]	SV_EVENT_PARTICIPATION	-	S2_SV차원추가
GOLD	DIM_MEMBER	AGE_BAND	12	연령대. 코드id:CM014	SV_EVENT_PARTICIPATION,SV_MEMBER_EVENT,SV_MEMBER_MONTHLY,SV_RELATION_ACTIVITY,SV_SERVICE	SV_MEMBER_MONTHLY	S1_노출됨
GOLD	DIM_MEMBER	CHRCTR_RECPTN_YN	2	문자수신여부 [SILVER.CRM_MEMBER 승계 · 원천 BRONZE_CRM.TM_MM_FDRM_MBER	SV_EVENT_PARTICIPATION,SV_MEMBER_EVENT,SV_MEMBER_MONTHLY,SV_RELATION_ACTIVITY,SV_SERVICE	SV_EVENT_PARTICIPATION,SV_MEMBER_EVENT,SV_MEMBER_MONTHLY,SV_SERVICE	S1_노출됨
GOLD	DIM_MEMBER	ENROLL_PATH_NAME	7	ENROLL_PATH_NAME. 코드id:MM014. [사유:원천 부재]	SV_EVENT_PARTICIPATION,SV_MEMBER_EVENT,SV_MEMBER_MONTHLY,SV_RELATION_ACTIVITY,SV_SERVICE	-	S2_SV차원추가
GOLD	DIM_MEMBER	FIRST_SPONSORSHIP	28	FIRST_SPONSORSHIP.	SV_EVENT_PARTICIPATION,SV_MEMBER_EVENT,SV_MEMBER_MONTHLY,SV_RELATION_ACTIVITY,SV_SERVICE	-	S2_SV차원추가
GOLD	DIM_MEMBER	GENDER_NAME	5	성별 (#130). 고유값:남자 여자 기타 단체 기업	SV_EVENT_PARTICIPATION,SV_MEMBER_EVENT,SV_MEMBER_MONTHLY,SV_RELATION_ACTIVITY,SV_SERVICE	SV_EVENT_PARTICIPATION,SV_MEMBER_EVENT,SV_MEMBER_MONTHLY,SV_RELATION_ACTIVITY,SV_SERVICE	S1_노출됨
GOLD	DIM_MEMBER	JOIN_CMMN_BRND_NM	16	가입 공통브랜드명. 코드id:MM297	SV_EVENT_PARTICIPATION,SV_MEMBER_EVENT,SV_MEMBER_MONTHLY,SV_RELATION_ACTIVITY,SV_SERVICE	-	S2_SV차원추가
GOLD	DIM_MEMBER	JOIN_PATH_CD	6	가입경로코드. 코드id:MM014	SV_EVENT_PARTICIPATION,SV_MEMBER_EVENT,SV_MEMBER_MONTHLY,SV_RELATION_ACTIVITY,SV_SERVICE	-	S2_SV차원추가
GOLD	DIM_MEMBER	MBER_DIV_CD	3	회원구분 원천코드 raw. 코드id:MM018	SV_EVENT_PARTICIPATION,SV_MEMBER_EVENT,SV_MEMBER_MONTHLY,SV_RELATION_ACTIVITY,SV_SERVICE	SV_EVENT_PARTICIPATION,SV_MEMBER_EVENT,SV_MEMBER_MONTHLY,SV_SERVICE	S1_노출됨
GOLD	DIM_MEMBER	MBER_STAT_CD	12	회원상태 원천코드 raw (#132). 코드id:MM010	SV_EVENT_PARTICIPATION,SV_MEMBER_EVENT,SV_MEMBER_MONTHLY,SV_RELATION_ACTIVITY,SV_SERVICE	SV_EVENT_PARTICIPATION,SV_MEMBER_EVENT,SV_MEMBER_MONTHLY,SV_SERVICE	S1_노출됨
GOLD	DIM_MEMBER	MEMBER_STATUS_GROUP	4	MEMBER_STATUS_GROUP. 코드id:MM010.	SV_EVENT_PARTICIPATION,SV_MEMBER_EVENT,SV_MEMBER_MONTHLY,SV_RELATION_ACTIVITY,SV_SERVICE	SV_MEMBER_STATUS_ASOF	S1_노출됨
GOLD	DIM_MEMBER	MEMBER_STATUS_NAME	13	회원상태명 (라벨). 코드id:MM010	SV_EVENT_PARTICIPATION,SV_MEMBER_EVENT,SV_MEMBER_MONTHLY,SV_RELATION_ACTIVITY,SV_SERVICE	SV_EVENT_PARTICIPATION,SV_MEMBER_EVENT,SV_MEMBER_MONTHLY,SV_RELATION_ACTIVITY,SV_SERVICE	S1_노출됨
GOLD	DIM_MEMBER	MEMBER_TYPE	2	회원 **등록계통** 구분. 코드id:MM010.	SV_EVENT_PARTICIPATION,SV_MEMBER_EVENT,SV_MEMBER_MONTHLY,SV_RELATION_ACTIVITY,SV_SERVICE	SV_MEMBER_FEE	S1_노출됨
GOLD	DIM_MEMBER	MEMBER_TYPE_NAME	3	회원구분명 (라벨). 고유값:개인 기업 단체	SV_EVENT_PARTICIPATION,SV_MEMBER_EVENT,SV_MEMBER_MONTHLY,SV_RELATION_ACTIVITY,SV_SERVICE	SV_EVENT_PARTICIPATION,SV_MEMBER_EVENT,SV_MEMBER_MONTHLY,SV_SERVICE	S1_노출됨
GOLD	DIM_MEMBER	REGION	18	지역 (#131). 코드id:CM018	SV_EVENT_PARTICIPATION,SV_MEMBER_EVENT,SV_MEMBER_MONTHLY,SV_RELATION_ACTIVITY,SV_SERVICE	SV_MEMBER_MONTHLY	S1_노출됨
GOLD	DIM_MEMBER	SEX	8	성별 원천코드 raw. 코드id:CM013	SV_EVENT_PARTICIPATION,SV_MEMBER_EVENT,SV_MEMBER_MONTHLY,SV_RELATION_ACTIVITY,SV_SERVICE	SV_EVENT_PARTICIPATION,SV_MEMBER_EVENT,SV_MEMBER_MONTHLY,SV_SERVICE	S1_노출됨
GOLD	DIM_MEMBER	SEX_NM	8	성별 원천 라벨. 코드id:CM013	SV_EVENT_PARTICIPATION,SV_MEMBER_EVENT,SV_MEMBER_MONTHLY,SV_RELATION_ACTIVITY,SV_SERVICE	SV_EVENT_PARTICIPATION,SV_MEMBER_EVENT,SV_MEMBER_MONTHLY,SV_SERVICE	S1_노출됨
GOLD	DIM_MEMBER	SPECL_MNG_CD1	20	특별관리코드1 [SILVER.CRM_MEMBER 승계 · 원천 BRONZE_CRM.TM_MM_FDRM_MBE	SV_EVENT_PARTICIPATION,SV_MEMBER_EVENT,SV_MEMBER_MONTHLY,SV_RELATION_ACTIVITY,SV_SERVICE	-	S2_SV차원추가
GOLD	DIM_MEMBER_ACQUISITION	ACQ_AGE_BAND	12	획득 시점 연령대명(CM014 라벨  사전 조인. 코드id:CM014. [사유:부서차원 산출불가]	SV_MEMBER_EVENT	SV_MEMBER_COHORT,SV_MEMBER_FEE,SV_MEMBER_SERVICE_COHORT	S1_노출됨
GOLD	DIM_MEMBER_ACQUISITION	ACQ_AREA_CD	19	ACQ_AREA_CD. 코드id:CM018.	SV_MEMBER_EVENT	SV_MEMBER_COHORT	S1_노출됨
GOLD	DIM_MEMBER_ACQUISITION	ACQ_BASIS	2	ACQ_BASIS. 코드id:MM015.	SV_MEMBER_EVENT	SV_MEMBER_COHORT	S1_노출됨
GOLD	DIM_MEMBER_ACQUISITION	ACQ_BIZ_CASE_TYPE	4	ACQ_BIZ_CASE_TYPE. 코드id:MM296.	SV_MEMBER_EVENT	SV_MEMBER_FEE	S1_노출됨
GOLD	DIM_MEMBER_ACQUISITION	ACQ_BRAND	68	획득 캠페인의 브랜드.	SV_MEMBER_EVENT	SV_MEMBER_COHORT,SV_MEMBER_FEE	S1_노출됨
GOLD	DIM_MEMBER_ACQUISITION	ACQ_CAMPAIGN_TYPE	57	획득 캠페인의 카테고리 라벨(MM294). 코드id:MM294.	SV_MEMBER_EVENT	SV_MEMBER_FEE,SV_MEMBER_SERVICE_COHORT	S1_노출됨
GOLD	DIM_MEMBER_ACQUISITION	ACQ_CMMN_BRND_NM	16	획득 캠페인의 공통브랜드명(MM297 라벨). 코드id:MM297.	SV_MEMBER_EVENT	SV_MEMBER_FEE	S1_노출됨
GOLD	DIM_MEMBER_ACQUISITION	ACQ_CPR_DIV_NM	3	획득 캠페인의 법인구분명(CM019 라벨: 통합/사단/사복). 코드id:CM019.	SV_MEMBER_EVENT	SV_MEMBER_FEE,SV_MEMBER_SERVICE_COHORT	S1_노출됨
GOLD	DIM_MEMBER_ACQUISITION	ACQ_DEPARTMENT	281	현재 최신 부서명 (Master 실시간 조인 · MSTR 대조용).	SV_MEMBER_EVENT	SV_MEMBER_COHORT,SV_MEMBER_FEE	S1_노출됨
GOLD	DIM_MEMBER_ACQUISITION	ACQ_DOMESTIC_OVERSEAS	4	ACQ_DOMESTIC_OVERSEAS. 코드id:MM295.	SV_MEMBER_EVENT	SV_MEMBER_FEE	S1_노출됨
GOLD	DIM_MEMBER_ACQUISITION	ACQ_DVLP_DIV_CD	5	ACQ_DVLP_DIV_CD. 코드id:MM015.	SV_MEMBER_EVENT	SV_MEMBER_COHORT	S1_노출됨
GOLD	DIM_MEMBER_ACQUISITION	ACQ_GENDER	8	ACQ_GENDER. 코드id:CM013.	SV_MEMBER_EVENT	SV_MEMBER_COHORT,SV_MEMBER_SERVICE_COHORT	S1_노출됨
GOLD	DIM_MEMBER_ACQUISITION	ACQ_INFLOW_PATH	12	획득 캠페인의 모집 채널명(MM293 라벨). 코드id:MM293.	SV_MEMBER_EVENT	SV_MEMBER_FEE,SV_MEMBER_SERVICE_COHORT	S1_노출됨
GOLD	DIM_MEMBER_ACQUISITION	ACQ_MKTG_UTM_NM	245	ACQ_MKTG_UTM_NM.	SV_MEMBER_EVENT	SV_MEMBER_FEE	S1_노출됨
GOLD	DIM_MEMBER_ACQUISITION	ACQ_PROMO_METHOD_NAME	91	획득 캠페인의 홍보방법명. 코드그룹 **CM008(홍보방법)**. 코드id:CM008.	SV_MEMBER_EVENT	SV_MEMBER_COHORT,SV_MEMBER_FEE	S1_노출됨
GOLD	DIM_MEMBER_ACQUISITION	ACQ_REGION	18	ACQ_REGION (#131). 코드id:CM018.	SV_MEMBER_EVENT	SV_MEMBER_COHORT,SV_MEMBER_FEE,SV_MEMBER_SERVICE_COHORT	S1_노출됨
GOLD	DIM_MEMBER_ACQUISITION	ACQ_SEX_CD	9	ACQ_SEX_CD. 코드id:CM013.	SV_MEMBER_EVENT	SV_MEMBER_COHORT	S1_노출됨
GOLD	DIM_MEMBER_ACQUISITION	ACQ_SPNSR_DIV_NM	2	획득 캠페인의 후원구분명(CM035 라벨: 정기후원/일시후원). 코드id:CM035.	SV_MEMBER_EVENT	SV_MEMBER_FEE	S1_노출됨
GOLD	DIM_MEMBER_ACQUISITION	ACQ_SPONSORSHIP_NAME	29	ACQ_SPONSORSHIP_NAME (#123).	SV_MEMBER_EVENT	SV_MEMBER_EVENT	S1_노출됨
GOLD	DIM_MEMBER_ACQUISITION	FIRST_STOP_REASON_NM	20	FIRST_STOP_REASON_NM. 코드id:MM005.	SV_MEMBER_EVENT	SV_MEMBER_COHORT	S1_노출됨
GOLD	DIM_MEMBER_STATUS_HISTORY	AGE_BAND	12	연령대. 코드id:CM014	SV_MEMBER_STATUS_ASOF	SV_MEMBER_MONTHLY	S1_노출됨
GOLD	DIM_MEMBER_STATUS_HISTORY	AREA_CD	19	지역 코드 raw. 코드id:CM018	SV_MEMBER_STATUS_ASOF	SV_MEMBER_MONTHLY	S1_노출됨
GOLD	DIM_MEMBER_STATUS_HISTORY	ENROLL_PATH_NAME	7	ENROLL_PATH_NAME. 코드id:MM014. [사유:원천 부재]	SV_MEMBER_STATUS_ASOF	-	S2_SV차원추가
GOLD	DIM_MEMBER_STATUS_HISTORY	FIRST_SPONSORSHIP	28	최초 후원사업.	SV_MEMBER_STATUS_ASOF	-	S2_SV차원추가
GOLD	DIM_MEMBER_STATUS_HISTORY	GENDER_NAME	5	성별 (#130). 고유값:남자 여자 기타 단체 기업	SV_MEMBER_STATUS_ASOF	SV_MEMBER_STATUS_ASOF	S1_노출됨
GOLD	DIM_MEMBER_STATUS_HISTORY	JOIN_PATH_CD	6	가입경로코드. 코드id:MM014	SV_MEMBER_STATUS_ASOF	-	S2_SV차원추가
GOLD	DIM_MEMBER_STATUS_HISTORY	MBER_DIV_CD	3	회원구분 원천코드 raw. 코드id:MM018	SV_MEMBER_STATUS_ASOF	SV_EVENT_PARTICIPATION,SV_MEMBER_EVENT,SV_MEMBER_MONTHLY,SV_SERVICE	S1_노출됨
GOLD	DIM_MEMBER_STATUS_HISTORY	MBER_STAT_CD	12	회원상태 원천코드 raw (#132). 코드id:MM010	SV_MEMBER_STATUS_ASOF	SV_EVENT_PARTICIPATION,SV_MEMBER_EVENT,SV_MEMBER_MONTHLY,SV_SERVICE	S1_노출됨
GOLD	DIM_MEMBER_STATUS_HISTORY	MEMBER_STATUS_GROUP	4	MEMBER_STATUS_GROUP. 코드id:MM010.	SV_MEMBER_STATUS_ASOF	SV_MEMBER_STATUS_ASOF	S1_노출됨
GOLD	DIM_MEMBER_STATUS_HISTORY	MEMBER_STATUS_NAME	13	회원상태명 (라벨). 코드id:MM010	SV_MEMBER_STATUS_ASOF	SV_MEMBER_STATUS_ASOF	S1_노출됨
GOLD	DIM_MEMBER_STATUS_HISTORY	MEMBER_TYPE	2	회원 등록계통 구분. 코드id:MM010.	SV_MEMBER_STATUS_ASOF	SV_MEMBER_FEE	S1_노출됨
GOLD	DIM_MEMBER_STATUS_HISTORY	MEMBER_TYPE_NAME	3	회원구분명 (라벨). 고유값:개인 기업 단체	SV_MEMBER_STATUS_ASOF	SV_MEMBER_STATUS_ASOF	S1_노출됨
GOLD	DIM_MEMBER_STATUS_HISTORY	PREV_MBER_STAT_CD	12	상태전이 **이전상태** 코드 raw. 코드id:MM010.	SV_MEMBER_STATUS_ASOF	-	S2_SV차원추가
GOLD	DIM_MEMBER_STATUS_HISTORY	PREV_MEMBER_STATUS_NAME	12	이전상태 라벨. 코드id:MM010.	SV_MEMBER_STATUS_ASOF	SV_MEMBER_STATUS_ASOF	S1_노출됨
GOLD	DIM_MEMBER_STATUS_HISTORY	REGION	18	지역 (#131). 코드id:CM018	SV_MEMBER_STATUS_ASOF	SV_MEMBER_MONTHLY	S1_노출됨
GOLD	DIM_MEMBER_STATUS_HISTORY	SEX	8	성별 원천코드 raw. 코드id:CM013	SV_MEMBER_STATUS_ASOF	SV_EVENT_PARTICIPATION,SV_MEMBER_EVENT,SV_MEMBER_MONTHLY,SV_SERVICE	S1_노출됨
GOLD	DIM_MEMBER_STATUS_HISTORY	SEX_NM	8	성별 원천 라벨. 코드id:CM013	SV_MEMBER_STATUS_ASOF	SV_EVENT_PARTICIPATION,SV_MEMBER_EVENT,SV_MEMBER_MONTHLY,SV_MSTR_SPNSR_DVLP,SV_SERVICE	S1_노출됨
GOLD	DIM_MSG_TEMPLATE	APRV_STAT_CD	4	승인상태코드 [원천: SILVER.CRM_MSG_TEMPLATE]	-	-	S3_SV미연결(신설·base확장)
GOLD	DIM_MSG_TEMPLATE	ATMC_YN	2	자동여부 [원천: SILVER.CRM_MSG_TEMPLATE]	-	-	S3_SV미연결(신설·base확장)
GOLD	DIM_MSG_TEMPLATE	CPR_DIV_CD	3	법인구분코드 [원천: SILVER.CRM_MSG_TEMPLATE]	-	-	S1_노출됨(라벨)
GOLD	DIM_MSG_TEMPLATE	SEND_CHANNEL	2	발송채널 — MSG_AT=알림톡 템플릿(TM_MS_AT_TMPLAT_MNG) · EMAIL=이메일 템플릿(T	-	-	S3_SV미연결(신설·base확장)
GOLD	DIM_MSG_TEMPLATE	TEMPLATE_RM	25	템플릿비고(TMPLAT_RM) — 알림톡 전용 · 이메일 행은 원천 개념 부재로 NULL	-	-	S3_SV미연결(신설·base확장)
GOLD	DIM_MSG_TEMPLATE	USE_YN	2	사용여부 [원천: SILVER.CRM_MSG_TEMPLATE]	-	-	S3_SV미연결(신설·base확장)
GOLD	DIM_MSG_TEMPLATE	WRITNG_DEPT_NM	22	작성부서명 [원천: SILVER.CRM_MSG_TEMPLATE]	-	-	S3_SV미연결(신설·base확장)
GOLD	DIM_MSG_TEMPLATE_BUTTON	BTN_TY_CD	2	버튼유형코드 [원천: SILVER.CRM_MSG_TEMPLATE_BUTTON]	-	-	S3_SV미연결(신설·base확장)
GOLD	DIM_ORG	ACMSLT_DEPT_YN	2	실적부서 여부 Y/N (원천 그대로) — Y 455개	SV_MEMBER_COHORT,SV_MEMBER_EVENT	-	S2_SV차원추가
GOLD	DIM_ORG	ACMSLT_DIV_GROUP_NM	8	실적 본부/지부 구분명(ZB 노드 DEPT_NM)	SV_MEMBER_COHORT,SV_MEMBER_EVENT	SV_MEMBER_COHORT,SV_MEMBER_EVENT	S1_노출됨
GOLD	DIM_ORG	ACMSLT_DIV_NM	46	실적 본부/지부 단위명(ZC 노드 DEPT_NM) · 같은 이름이 여러 ZB 아래 존재	SV_MEMBER_COHORT,SV_MEMBER_EVENT	SV_MEMBER_COHORT,SV_MEMBER_EVENT	S1_노출됨
GOLD	DIM_ORG	USE_YN	2	사용여부 Y/N. 고유값:Y N	SV_MEMBER_COHORT,SV_MEMBER_EVENT	-	S2_SV차원추가
GOLD	DIM_PAYMENT	PAYMENT_METHOD	7	납입방식(#125)	-	SV_MEMBER_FEE	S1_노출됨
GOLD	DIM_PAYMENT	SETTLE_METHOD	6	결제방식	-	-	S3_SV미연결(신설·base확장)
GOLD	DIM_PAYMENT_ACCOUNT	ACCOUNT_ABBR	232	계좌약칭(ACNUT_ABRV) — 기관 계좌 전용 · 결제사 행 NULL	-	-	S3_SV미연결(신설·base확장)
GOLD	DIM_PAYMENT_ACCOUNT	ACCOUNT_DIV_CD	4	계좌구분코드 — INSTT=계좌구분코드(ACNUT_DIV_CD · 실제값 1·2) · SETLE_CMPNY=	-	-	S3_SV미연결(신설·base확장)
GOLD	DIM_PAYMENT_ACCOUNT	ACCOUNT_KIND	2	계정 종류 — INSTT=기관 계좌(TM_PM_INSTT_ACNUT) · SETLE_CMPNY=결제사 계정(	-	-	S3_SV미연결(신설·base확장)
GOLD	DIM_PAYMENT_ACCOUNT	ACCOUNT_PURPOSE	173	계좌용도(ACNUT_PRP · ACNT_PRP)	-	-	S3_SV미연결(신설·base확장)
GOLD	DIM_PAYMENT_ACCOUNT	BANK_CD	10	은행코드 [원천: SILVER.CRM_INSTT_ACCOUNT]	-	-	S3_SV미연결(신설·base확장)
GOLD	DIM_PAYMENT_ACCOUNT	CHRG_DEPT_CD	49	담당부서코드 [원천: SILVER.CRM_INSTT_ACCOUNT]	-	-	S3_SV미연결(신설·base확장)
GOLD	DIM_PAYMENT_ACCOUNT	CPR_DIV_CD	2	법인구분코드 [원천: SILVER.CRM_INSTT_ACCOUNT]	-	-	S1_노출됨(라벨)
GOLD	DIM_PAYMENT_ACCOUNT	REGIST_USE_YN	2	등록사용여부 [원천: SILVER.CRM_INSTT_ACCOUNT]	-	-	S3_SV미연결(신설·base확장)
GOLD	DIM_PAYMENT_ACCOUNT	RM	40	비고 [원천: SILVER.CRM_INSTT_ACCOUNT]	-	-	S3_SV미연결(신설·base확장)
GOLD	DIM_PAYMENT_ACCOUNT	USE_YN	2	사용여부 [원천: SILVER.CRM_INSTT_ACCOUNT]	-	-	S3_SV미연결(신설·base확장)
GOLD	DIM_REASON	REASON_TYPE	331	사유 코드그룹 ID. 코드id:PM019.	SV_MEMBER_MONTHLY	SV_MEMBER_MONTHLY	S1_노출됨
GOLD	DIM_SEND_REQUEST	ALTRTV_MSG_SNDNG_YN	2	대체메시지발신여부 [원천: SILVER.CRM_SEND_REQUEST]	-	SV_SERVICE	S1_노출됨
GOLD	DIM_SEND_REQUEST	LQY_YN	2	대량여부 [원천: SILVER.CRM_SEND_REQUEST]	-	-	S3_SV미연결(신설·base확장)
GOLD	DIM_SEND_REQUEST	MENU_CODE	10	메뉴코드 [원천: SILVER.CRM_SEND_REQUEST]	-	-	S3_SV미연결(신설·base확장)
GOLD	DIM_SEND_REQUEST	MSG_TYPE	3	메시지 유형 [원천: SILVER.CRM_SEND_REQUEST]	-	-	S3_SV미연결(신설·base확장)
GOLD	DIM_SEND_REQUEST	PRCS_YN	2	처리여부 [원천: SILVER.CRM_SEND_REQUEST]	-	-	S3_SV미연결(신설·base확장)
GOLD	DIM_SEND_REQUEST	REGULARLY	3	발송 유형 (정기/비정기) [원천: SILVER.CRM_SEND_REQUEST]	-	-	S3_SV미연결(신설·base확장)
GOLD	DIM_SEND_REQUEST	RE_SNDNG_YN	2	재발신여부 [원천: SILVER.CRM_SEND_REQUEST]	-	-	S3_SV미연결(신설·base확장)
GOLD	DIM_SEND_REQUEST	SEND_CHANNEL	4	발송채널 (SND/SMS/EMAIL 등) [원천: SILVER.CRM_SEND_REQUEST]	-	-	S3_SV미연결(신설·base확장)
GOLD	DIM_SEND_REQUEST	SEND_GBN_BOT	46	발송구분 소분류코드 [원천: SILVER.CRM_SEND_REQUEST]	-	-	S3_SV미연결(신설·base확장)
GOLD	DIM_SEND_REQUEST	SEND_GBN_BOT_NM	61	발송구분 소분류명 [원천: SILVER.CRM_SEND_REQUEST]	-	-	S3_SV미연결(신설·base확장)
GOLD	DIM_SEND_REQUEST	SEND_GBN_MID	16	발송구분 중분류코드 [원천: SILVER.CRM_SEND_REQUEST]	-	-	S3_SV미연결(신설·base확장)
GOLD	DIM_SEND_REQUEST	SEND_GBN_MID_NM	29	발송구분 중분류명 [원천: SILVER.CRM_SEND_REQUEST]	-	-	S3_SV미연결(신설·base확장)
GOLD	DIM_SEND_REQUEST	SEND_GBN_TOP	12	발송구분 대분류코드 [원천: SILVER.CRM_SEND_REQUEST]	-	SV_SERVICE	S1_노출됨
GOLD	DIM_SEND_REQUEST	SEND_GBN_TOP_NM	9	발송구분 대분류명 [원천: SILVER.CRM_SEND_REQUEST]	-	-	S3_SV미연결(신설·base확장)
GOLD	DIM_SEND_REQUEST	SERVICE_MENU_CODE	13	서비스메뉴코드 [원천: SILVER.CRM_SEND_REQUEST]	-	-	S3_SV미연결(신설·base확장)
GOLD	DIM_SEND_REQUEST	SNDNG_TY_CD	4	발송유형코드 [원천: SILVER.CRM_SEND_REQUEST]	-	-	S3_SV미연결(신설·base확장)
GOLD	DIM_SEND_TYPE	SEND_GBN_BOT	46	발송구분 소 코드 raw ← SEND_GBN_BOT (CRM_CODE.UPPER_CD_ID 계층 하위). 🔴	-	-	S3_SV미연결(신설·base확장)
GOLD	DIM_SEND_TYPE	SEND_GBN_MID	16	발송구분 중 코드 raw ← SEND_GBN_MID. 🔴 코드 단독 사용 금지 — 실측 코드 16종에 라벨 	-	-	S3_SV미연결(신설·base확장)
GOLD	DIM_SEND_TYPE	SEND_GBN_TOP	12	발송구분 대 코드 raw ← CRM_SEND_REQUEST.SEND_GBN_TOP. ⚠️이 값은 코드가 아니	-	SV_SERVICE	S1_노출됨
GOLD	DIM_SEND_TYPE	SEND_TYPE_L	10	발송구분(대) (#133) 분석 라벨 ← SEND_GBN_TOP_NM. 🔴정본 #133 과 불일치(2026-	-	-	S3_SV미연결(신설·base확장)
GOLD	DIM_SEND_TYPE	SEND_TYPE_M	30	발송구분(중) (#134) 분석 라벨 ← SEND_GBN_MID_NM. 정본 값정의: 선물금/신규결연회원발송	-	-	S3_SV미연결(신설·base확장)
GOLD	DIM_SEND_TYPE	SEND_TYPE_S	62	발송구분(소) (#135) 분석 라벨 ← SEND_GBN_BOT_NM. 정본 값정의: 선물금접수확인/신규결연	-	-	S3_SV미연결(신설·base확장)
GOLD	DIM_SERVICE	CHANNEL	5	CHANNEL.	SV_SERVICE	SV_SERVICE	S1_노출됨
GOLD	DIM_SERVICE	SUBTYPE	5	발송/참여 subtype	SV_SERVICE	SV_SERVICE	S1_노출됨
GOLD	DIM_SPONSORSHIP	CPR_DIV_CD	2	[O202] 후원사업 법인구분 코드(CM019: A 통합 · I 사단 · S 사복) — MSTR 법인 축. 	SV_MEMBER_COHORT,SV_MEMBER_EVENT,SV_MEMBER_SPONSOR_BIZ	-	S1_노출됨(라벨)
GOLD	DIM_SPONSORSHIP	CPR_DIV_NM	2	[O202] 후원사업 법인구분명(통합/사단/사복). 코드id:CM019. 🔴 세부캠페인 법인(FACT_MEM	SV_MEMBER_COHORT,SV_MEMBER_EVENT,SV_MEMBER_SPONSOR_BIZ	SV_MEMBER_EVENT	S1_노출됨
GOLD	DIM_SPONSORSHIP	SPONSORSHIP_ABBR	6	약칭 (#124). 코드id:CM003.	SV_MEMBER_COHORT,SV_MEMBER_EVENT,SV_MEMBER_SPONSOR_BIZ	-	S2_SV차원추가
GOLD	DIM_SPONSORSHIP	SPONSORSHIP_DIV_CD	2	SPONSORSHIP_DIV_CD. 코드id:CM035.	SV_MEMBER_COHORT,SV_MEMBER_EVENT,SV_MEMBER_SPONSOR_BIZ	-	S1_노출됨(라벨)
GOLD	DIM_SPONSORSHIP	SPONSORSHIP_DIV_NAME	2	정기일시후원구분명. 코드id:CM035.	SV_MEMBER_COHORT,SV_MEMBER_EVENT,SV_MEMBER_SPONSOR_BIZ	SV_MEMBER_EVENT,SV_MEMBER_SPONSOR_BIZ	S1_노출됨
GOLD	DIM_SPONSORSHIP	SPONSORSHIP_GROUP4_NAME	4	후원사업 4그룹(ML 요건 · 국내/결연/해외프로젝트/기타) — CM003 라벨 접기: 해외구호·해외→해외프	SV_MEMBER_COHORT,SV_MEMBER_EVENT,SV_MEMBER_SPONSOR_BIZ	-	S2_SV차원추가
GOLD	DIM_SPONSORSHIP	SPONSORSHIP_GROUP_NAME	6	후원약칭명. 코드id:CM003.	SV_MEMBER_COHORT,SV_MEMBER_EVENT,SV_MEMBER_SPONSOR_BIZ	SV_MEMBER_SPONSOR_BIZ	S1_노출됨
GOLD	DIM_SPONSORSHIP	SPONSORSHIP_NAME	51	후원사업 전체(#123)	SV_MEMBER_COHORT,SV_MEMBER_EVENT,SV_MEMBER_SPONSOR_BIZ	SV_MEMBER_COHORT,SV_MEMBER_EVENT,SV_MEMBER_SPONSOR_BIZ	S1_노출됨
GOLD	DIM_SPONSORSHIP	USE_YN	2	사용여부 [SILVER.CRM_SPONSORSHIP 승계 · 원천 BRONZE_CRM.TM_CM_SPNSR_	SV_MEMBER_COHORT,SV_MEMBER_EVENT,SV_MEMBER_SPONSOR_BIZ	-	S2_SV차원추가
GOLD	FACT_AD_BROADCAST	BRDC_DIV	6	방송구분 ← REBRDC.BRDC_DIV_NM [REBRDC 전용]	-	-	S3_SV미연결(신설·base확장)
GOLD	FACT_AD_BROADCAST	CHANNEL_COMPANY	61	채널사 ← VIDEO.CHNNL_NM / REBRDC.CHNNL_CMPNY	-	SV_AD	S1_노출됨
GOLD	FACT_AD_BROADCAST	CHANNEL_COMPANY_TYPE	9	채널사유형 ← VIDEO.CHNNL_CMPNY_TY_NM [VIDEO 전용]	-	-	S3_SV미연결(신설·base확장)
GOLD	FACT_AD_BROADCAST	CM_POSITION	16	CM위치 ← VIDEO.CM_AREA [VIDEO 전용]. 코어에서 이관	-	SV_AD	S1_노출됨
GOLD	FACT_AD_BROADCAST	CTV_DIV	4	CTV구분 ← VIDEO.CTV_DIV_NM [VIDEO 전용]	-	-	S3_SV미연결(신설·base확장)
GOLD	FACT_AD_BROADCAST	DAY_DIV	3	요일구분 평일/주말 ← VIDEO.DAY_DIV_NM [VIDEO 전용]	-	-	S3_SV미연결(신설·base확장)
GOLD	FACT_AD_BROADCAST	RT_TYPE	2	RT(재방송)유형 ← REBRDC.DIV_NM(재송출/방송	-	SV_AD	S1_노출됨
GOLD	FACT_AD_BROADCAST	SPOT_TYPE	4	SPOT유형 ← VIDEO.SPOT_TY [VIDEO 전용]	-	SV_AD	S1_노출됨
GOLD	FACT_AD_BROADCAST	TIME_BAND	82	시간대 ← VIDEO.TIME_RNG / REBRDC.TIME_RNG_DIV_NM(1순위)·BRDC_TIME	-	SV_AD	S1_노출됨
GOLD	FACT_AD_DIGITAL	AD_GROUP_NM	31	광고그룹명 ← DGT.AD_GRP_NM	-	SV_AD	S1_노출됨
GOLD	FACT_AD_DIGITAL	AD_TYPE_NM	7	광고유형명(대행사 표기) ← DGT.AD_TY_NM. ⚠️코어 AD_SOURCE_TYPE(원천 출처축 DIG	-	SV_AD	S1_노출됨
GOLD	FACT_AD_DIGITAL	CREATIVE_TYPE	5	소재유형 ← DGT.MATR_TY_NM	-	SV_AD	S1_노출됨
GOLD	FACT_AD_DIGITAL	PAGE_TYPE	3	페이지유형 ← DGT.PAGE_TYPE_NM	-	SV_AD	S1_노출됨
GOLD	FACT_AD_PERFORMANCE	AD_SOURCE_TYPE	3	AD_SOURCE_TYPE.	-	SV_AD	S1_노출됨
GOLD	FACT_AD_PERFORMANCE	DAY_OF_WEEK	7	요일 (degen  AD_DATE 파생)	-	SV_AD,SV_MEMBER_EVENT	S1_노출됨
GOLD	FACT_BUDGET	BUDGET_PROCEDURE	2	예산 편성 차수 (연사업 / 추가경정 · DEC.	SV_BUDGET	SV_BUDGET_YEARLY	S1_노출됨
GOLD	FACT_BUDGET	DVLP_INBOUND_PATH	7	개발 유입경로(ERP 원천 DVLP_INBOUND_PATH 그대로 · 퇴화 차원 · 2026-10-02 O1	SV_BUDGET	SV_BUDGET	S1_노출됨
GOLD	FACT_BUDGET_YEARLY	BUDGET_PROCEDURE	2	예산 편성 차수 (연사업 / 추가경정 · DEC.	SV_BUDGET_YEARLY	SV_BUDGET_YEARLY	S1_노출됨
GOLD	FACT_EVENT_ATTENDANCE	EVENT_KIND	2	원천 계열 판별 **코드**.	SV_EVENT_PARTICIPATION	SV_EVENT_PARTICIPATION	S1_노출됨
GOLD	FACT_EVENT_ATTENDANCE	EVENT_KIND_NAME	2	원천 계열 판별 **라벨**.	SV_EVENT_PARTICIPATION	SV_EVENT_PARTICIPATION	S1_노출됨
GOLD	FACT_EVENT_ATTENDANCE	EVENT_PARTCPT_DIV_CD	2	이벤트참여구분코드 [SILVER.CRM_EVENT_PARTICIPATION 승계 · 원천 BRONZE_CRM	SV_EVENT_PARTICIPATION	-	S2_SV차원추가
GOLD	FACT_EVENT_ATTENDANCE	PART_CHANNEL	9	참여채널(05 3-5)	SV_EVENT_PARTICIPATION	SV_EVENT_PARTICIPATION	S1_노출됨
GOLD	FACT_EVENT_ATTENDANCE	PART_CHANNEL_NAME	8	PART_CHANNEL_NAME.	SV_EVENT_PARTICIPATION	SV_EVENT_PARTICIPATION	S1_노출됨
GOLD	FACT_EVENT_ATTENDANCE	PART_PATH	13	참여경로(05 3-5)	SV_EVENT_PARTICIPATION	SV_EVENT_PARTICIPATION	S1_노출됨
GOLD	FACT_EVENT_ATTENDANCE	PART_PATH_GROUP	2	PART_PATH_GROUP. 코드id:MS303.	SV_EVENT_PARTICIPATION	-	S2_SV차원추가
GOLD	FACT_EVENT_ATTENDANCE	PART_PATH_NAME	12	PART_PATH_NAME.	SV_EVENT_PARTICIPATION	SV_EVENT_PARTICIPATION	S1_노출됨
GOLD	FACT_EVENT_ATTENDANCE	PART_STATUS	19	참여상태. 코드id:MS304. [사유:규칙 미확정]	SV_EVENT_PARTICIPATION	SV_EVENT_PARTICIPATION	S1_노출됨
GOLD	FACT_EVENT_ATTENDANCE	PART_STATUS_GROUP	2	PART_STATUS_GROUP. 코드id:MS304.	SV_EVENT_PARTICIPATION	-	S2_SV차원추가
GOLD	FACT_EVENT_ATTENDANCE	PART_STATUS_NAME	18	참여상태 라벨 (CRM_CODE 조인). 코드id:MS304.	SV_EVENT_PARTICIPATION	SV_EVENT_PARTICIPATION	S1_노출됨
GOLD	FACT_EVENT_ATTENDANCE	RCPMNY_STAT_CD	4	입금상태코드 [SILVER.CRM_EVENT_PARTICIPATION 승계 · 원천 BRONZE_CRM.TD	SV_EVENT_PARTICIPATION	-	S2_SV차원추가
GOLD	FACT_EVENT_ATTENDANCE	SELF_PARTCPT_CD	3	자기참여코드 [SILVER.CRM_EVENT_PARTICIPATION 승계 · 원천 BRONZE_CRM.TD	SV_EVENT_PARTICIPATION	SV_EVENT_PARTICIPATION	S1_노출됨
GOLD	FACT_MEMBER_COHORT	ACQ_AGE_BAND	12	획득 시점 연령대명(CM014 라벨). 코드id:CM014. [사유:부서차원 산출불가]	SV_MEMBER_COHORT	SV_MEMBER_COHORT	S1_노출됨
GOLD	FACT_MEMBER_COHORT	ACQ_AREA_CD	19	ACQ_AREA_CD. 코드id:CM018.	SV_MEMBER_COHORT	SV_MEMBER_COHORT	S1_노출됨
GOLD	FACT_MEMBER_COHORT	ACQ_BASIS	2	ACQ_BASIS. 코드id:MM015.	SV_MEMBER_COHORT	SV_MEMBER_COHORT	S1_노출됨
GOLD	FACT_MEMBER_COHORT	ACQ_BRAND	68	획득 캠페인의 브랜드명 — 적재 시점 동결값	SV_MEMBER_COHORT	SV_MEMBER_COHORT	S1_노출됨
GOLD	FACT_MEMBER_COHORT	ACQ_CMMN_BRND_NM	16	획득 캠페인의 MM297 공통브랜드명. 코드id:MM297.	SV_MEMBER_COHORT	SV_MEMBER_FEE	S1_노출됨
GOLD	FACT_MEMBER_COHORT	ACQ_CMPGN_CTGR_NM	57	ACQ_CMPGN_CTGR_NM. 코드id:MM294.	SV_MEMBER_COHORT	SV_MEMBER_COHORT	S1_노출됨
GOLD	FACT_MEMBER_COHORT	ACQ_CMPGN_TYPE1_NM	4	획득 캠페인 유형1명(MM295 라벨: 국내/통합/해외). 코드id:MM295.	SV_MEMBER_COHORT	SV_MEMBER_COHORT	S1_노출됨
GOLD	FACT_MEMBER_COHORT	ACQ_CMPGN_TYPE2_NM	4	획득 캠페인 유형2명(MM296 라벨: 굿즈/기타/사례/사업). 코드id:MM296.	SV_MEMBER_COHORT	SV_MEMBER_COHORT	S1_노출됨
GOLD	FACT_MEMBER_COHORT	ACQ_CPR_DIV_CD	3	ACQ_CPR_DIV_CD. 코드id:CM019.	SV_MEMBER_COHORT	-	S1_노출됨(라벨)
GOLD	FACT_MEMBER_COHORT	ACQ_CPR_DIV_NM	3	획득 캠페인의 법인구분명(CM019 라벨). 코드id:CM019.	SV_MEMBER_COHORT	SV_MEMBER_FEE,SV_MEMBER_SERVICE_COHORT	S1_노출됨
GOLD	FACT_MEMBER_COHORT	ACQ_DVLP_DIV_CD	5	ACQ_DVLP_DIV_CD. 코드id:MM015.	SV_MEMBER_COHORT	SV_MEMBER_COHORT	S1_노출됨
GOLD	FACT_MEMBER_COHORT	ACQ_GENDER	8	ACQ_GENDER. 코드id:CM013.	SV_MEMBER_COHORT	SV_MEMBER_COHORT	S1_노출됨
GOLD	FACT_MEMBER_COHORT	ACQ_MBER_INFLOW_PATH_NM	12	획득 캠페인의 모집채널명(MM293 라벨). 코드id:MM293.	SV_MEMBER_COHORT	SV_MEMBER_COHORT	S1_노출됨
GOLD	FACT_MEMBER_COHORT	ACQ_MKTG_UTM_NM	245	ACQ_MKTG_UTM_NM.	SV_MEMBER_COHORT	SV_MEMBER_FEE	S1_노출됨
GOLD	FACT_MEMBER_COHORT	ACQ_PROMO_METHOD_NAME	91	획득 캠페인의 홍보방법명(CM008 라벨). 코드id:CM008.	SV_MEMBER_COHORT	SV_MEMBER_COHORT	S1_노출됨
GOLD	FACT_MEMBER_COHORT	ACQ_REGION	18	획득 시점 지역명(CM018 약칭). 코드id:CM018.	SV_MEMBER_COHORT	SV_MEMBER_COHORT	S1_노출됨
GOLD	FACT_MEMBER_COHORT	ACQ_SEX_CD	9	획득 시점 성별 코드(CM013). 라벨=ACQ_GENDER. 코드id:CM013.	SV_MEMBER_COHORT	SV_MEMBER_COHORT	S1_노출됨
GOLD	FACT_MEMBER_COHORT	ACQ_SPNSR_DIV_CD	2	ACQ_SPNSR_DIV_CD. 코드id:CM035.	SV_MEMBER_COHORT	-	S1_노출됨(라벨)
GOLD	FACT_MEMBER_COHORT	ACQ_SPNSR_DIV_NM	2	획득 캠페인의 후원구분명(CM035 라벨). 코드id:CM035.	SV_MEMBER_COHORT	SV_MEMBER_FEE	S1_노출됨
GOLD	FACT_MEMBER_COHORT	FIRST_STOP_REASON_NM	20	최초 중단의 사유명(MM005 라벨). 미중단 회원은 NULL. 코드id:MM005.	SV_MEMBER_COHORT	SV_MEMBER_COHORT	S1_노출됨
GOLD	FACT_MEMBER_DEV_ACHIEVEMENT	DEV_TYPE	3	DEV_TYPE (#121). 코드id:MM015.	SV_DEV_ACHIEVEMENT	SV_DEV_ACHIEVEMENT	S1_노출됨
GOLD	FACT_MEMBER_DEV_ACHIEVEMENT	DEV_TYPE_NAME	3	개발구분명 (MM015 라벨). 코드는 DEV_TYPE	SV_DEV_ACHIEVEMENT	SV_DEV_ACHIEVEMENT	S1_노출됨
GOLD	FACT_MEMBER_DEV_ACHIEVEMENT	ORG_DEPARTMENT	285	부서명 (정본 #116) (#116).	SV_DEV_ACHIEVEMENT	SV_DEV_ACHIEVEMENT	S1_노출됨
GOLD	FACT_MEMBER_EVENT	AGE_BAND_AT_EVENT	12	연령대명. 코드id:CM014.	SV_MEMBER_EVENT	SV_MEMBER_EVENT	S1_노출됨
GOLD	FACT_MEMBER_EVENT	AREA_CD_AT_EVENT	19	지역 코드 raw (#131). 코드id:CM018. [사유:부서차원 산출불가]	SV_MEMBER_EVENT	SV_MEMBER_EVENT	S1_노출됨
GOLD	FACT_MEMBER_EVENT	BRAND_AT_EVENT	69	브랜드명 — 사건 시점 동결값. 중단원천 행은 NULL	SV_MEMBER_EVENT	-	S2_SV차원추가
GOLD	FACT_MEMBER_EVENT	CMMN_BRND_NM_AT_EVENT	16	MM297 공통브랜드명. 코드id:MM297.	SV_MEMBER_EVENT	SV_MEMBER_EVENT	S1_노출됨
GOLD	FACT_MEMBER_EVENT	CMPGN_CTGR_NM_AT_EVENT	57	캠페인 카테고리명(MM294 라벨  현업 '주요캠페인' 축). 코드id:MM294.	SV_MEMBER_EVENT	SV_MEMBER_EVENT	S1_노출됨
GOLD	FACT_MEMBER_EVENT	CMPGN_TYPE1_NM_AT_EVENT	4	캠페인 유형1명(MM295 라벨: 국내/통합/해외). 코드id:MM295.	SV_MEMBER_EVENT	SV_MEMBER_EVENT	S1_노출됨
GOLD	FACT_MEMBER_EVENT	CMPGN_TYPE2_NM_AT_EVENT	4	캠페인 유형2명(MM296 라벨: 굿즈/기타/사례/사업). 코드id:MM296.	SV_MEMBER_EVENT	SV_MEMBER_EVENT	S1_노출됨
GOLD	FACT_MEMBER_EVENT	CPR_DIV_CD_AT_EVENT	3	법인구분 코드(CM019: A=통합·I=사단·S=사복). 코드id:CM019.	SV_MEMBER_EVENT	-	S2_SV차원추가
GOLD	FACT_MEMBER_EVENT	CPR_DIV_NM_AT_EVENT	3	법인구분명(CM019 라벨). 코드id:CM019.	SV_MEMBER_EVENT	SV_MEMBER_EVENT	S1_노출됨
GOLD	FACT_MEMBER_EVENT	DVLP_DIV_CD	5	개발구분코드. 코드id:MM015.	SV_MEMBER_EVENT	SV_MEMBER_EVENT	S1_노출됨
GOLD	FACT_MEMBER_EVENT	DVLP_DIV_NM	5	개발구분명. 코드id:MM015.	SV_MEMBER_EVENT	SV_MEMBER_EVENT	S1_노출됨
GOLD	FACT_MEMBER_EVENT	EVENT_TYPE	2	EVENT_TYPE.	SV_MEMBER_EVENT	SV_MEMBER_EVENT	S1_노출됨
GOLD	FACT_MEMBER_EVENT	GENDER_AT_EVENT	8	성별명. 코드id:CM013.	SV_MEMBER_EVENT	SV_MEMBER_EVENT	S1_노출됨
GOLD	FACT_MEMBER_EVENT	MBER_INFLOW_PATH_NM_AT_EVENT	12	개발인입경로명(MM293 라벨). 코드id:MM293.	SV_MEMBER_EVENT	SV_MEMBER_EVENT	S1_노출됨
GOLD	FACT_MEMBER_EVENT	MKTG_CHANNEL_NM_AT_EVENT	124	마케팅 채널명 — 사건 시점 동결값.	SV_MEMBER_EVENT	-	S2_SV차원추가
GOLD	FACT_MEMBER_EVENT	MKTG_UTM_NM_AT_EVENT	247	UTM 라벨(TC_MKTNG_DTL_CD U001).	SV_MEMBER_EVENT	SV_MEMBER_EVENT	S1_노출됨
GOLD	FACT_MEMBER_EVENT	NEW_EXISTING_FLAG	2	신규기존 (#113). 사건연도 = 최초가입연도 신규. 기준일 없음 NULL.	SV_MEMBER_EVENT	SV_MEMBER_EVENT	S1_노출됨
GOLD	FACT_MEMBER_EVENT	PROMO_METHOD_NAME_AT_EVENT	91	홍보방법명(CM008 라벨). 코드id:CM008.	SV_MEMBER_EVENT	-	S2_SV차원추가
GOLD	FACT_MEMBER_EVENT	REGION_AT_EVENT	18	지역명 (#131). 코드id:CM018.	SV_MEMBER_EVENT	SV_MEMBER_EVENT	S1_노출됨
GOLD	FACT_MEMBER_EVENT	SEX_AT_EVENT	9	성별 코드 raw. 코드id:CM013.	SV_MEMBER_EVENT	SV_MEMBER_EVENT	S1_노출됨
GOLD	FACT_MEMBER_EVENT	SPNSR_DIV_CD_AT_EVENT	2	후원구분 코드(CM035: 1=정기후원·2=일시후원). 코드id:CM035.	SV_MEMBER_EVENT	-	S2_SV차원추가
GOLD	FACT_MEMBER_EVENT	SPNSR_DIV_NM_AT_EVENT	2	후원구분명(CM035 라벨). 코드id:CM035.	SV_MEMBER_EVENT	SV_MEMBER_EVENT	S1_노출됨
GOLD	FACT_MEMBER_EVENT	STOP_CHANNEL	3	중단채널	SV_MEMBER_EVENT	-	S2_SV차원추가
GOLD	FACT_MEMBER_EVENT	STOP_CHANNEL_NM	3	중단경로명. 코드id:MM287.	SV_MEMBER_EVENT	SV_MEMBER_EVENT	S1_노출됨
GOLD	FACT_MEMBER_EVENT	STOP_REASON	20	중단사유	SV_MEMBER_EVENT	-	S2_SV차원추가
GOLD	FACT_MEMBER_EVENT	STOP_REASON_NM	20	중단사유명 (#162). 코드id:MM005.	SV_MEMBER_EVENT	SV_MEMBER_EVENT	S1_노출됨
GOLD	FACT_MEMBER_FEE	FEE_DIV_CD	4	회비구분 코드(PM010). 코드id:PM010.	-	SV_MEMBER_FEE	S1_노출됨
GOLD	FACT_MEMBER_FEE	FEE_DIV_NAME	3	회비구분명: 정기·선물금·일시·긴급구호 (PM010 라벨). 코드id:PM010.	-	SV_MEMBER_FEE	S1_노출됨
GOLD	FACT_MEMBER_FEE	PAYMENT_TYPE	2	납입유형 = 회비/기부금.	-	SV_MEMBER_FEE	S1_노출됨
GOLD	FACT_MEMBER_FEE	SETLE_CD	11	SETLE_CD.	-	SV_MEMBER_FEE	S1_노출됨
GOLD	FACT_MEMBER_MONTHLY	AMOUNT_BAND1	88	후원금액대1 5만 (#72). 약정 없음 NULL.	SV_MEMBER_MONTHLY	SV_MEMBER_MONTHLY	S1_노출됨
GOLD	FACT_MEMBER_MONTHLY	AMOUNT_BAND2	296	후원금액대2 1만 (#73). 약정 없음 NULL.	SV_MEMBER_MONTHLY	SV_MEMBER_MONTHLY	S1_노출됨
GOLD	FACT_MEMBER_MONTHLY	DEV_TYPE	3	개발구분 (#121). 그 달 개발구분이 하나로 확정될 때만 값. 코드id:MM015.	SV_MEMBER_MONTHLY	SV_MEMBER_MONTHLY	S1_노출됨
GOLD	FACT_MEMBER_MONTHLY	NEW_EXISTING_FLAG	2	신규/기존 구분 (#113). 기준일 없음 NULL.	SV_MEMBER_MONTHLY	SV_MEMBER_MONTHLY	S1_노출됨
GOLD	FACT_MEMBER_MONTHLY	PERIOD_BAND1	8	후원기간대1 5년 (#74). 기준일 없음 NULL.	SV_MEMBER_MONTHLY	SV_MEMBER_MONTHLY	S1_노출됨
GOLD	FACT_MEMBER_MONTHLY	PERIOD_BAND2	36	후원기간대2 1년 (#75). 기준일 없음 NULL.	SV_MEMBER_MONTHLY	SV_MEMBER_MONTHLY	S1_노출됨
GOLD	FACT_MEMBER_SPONSORSHIP_SPAN	ACQ_BRAND	69	대표캠페인의 브랜드명 — 동결값	SV_MEMBER_SPONSOR_BIZ	SV_MEMBER_COHORT,SV_MEMBER_FEE	S1_노출됨
GOLD	FACT_MEMBER_SPONSORSHIP_SPAN	ACQ_CMMN_BRND_NM	16	대표캠페인의 MM297 공통브랜드명 — 동결값	SV_MEMBER_SPONSOR_BIZ	SV_MEMBER_FEE	S1_노출됨
GOLD	FACT_MEMBER_SPONSORSHIP_SPAN	ACQ_CMPGN_CTGR_NM	57	ACQ_CMPGN_CTGR_NM. 코드id:MM294.	SV_MEMBER_SPONSOR_BIZ	SV_MEMBER_SPONSOR_BIZ	S1_노출됨
GOLD	FACT_MEMBER_SPONSORSHIP_SPAN	ACQ_CMPGN_TYPE1_NM	4	대표캠페인 유형1명(MM295 라벨) — 동결값	SV_MEMBER_SPONSOR_BIZ	SV_MEMBER_COHORT	S1_노출됨
GOLD	FACT_MEMBER_SPONSORSHIP_SPAN	ACQ_CMPGN_TYPE2_NM	4	대표캠페인 유형2명(MM296 라벨) — 동결값	SV_MEMBER_SPONSOR_BIZ	SV_MEMBER_COHORT	S1_노출됨
GOLD	FACT_MEMBER_SPONSORSHIP_SPAN	ACQ_CPR_DIV_CD	3	대표캠페인의 법인구분 코드(CM019). 코드id:CM019.	SV_MEMBER_SPONSOR_BIZ	-	S1_노출됨(라벨)
GOLD	FACT_MEMBER_SPONSORSHIP_SPAN	ACQ_CPR_DIV_NM	3	대표캠페인의 법인구분명(CM019 라벨) — 동결값	SV_MEMBER_SPONSOR_BIZ	SV_MEMBER_FEE,SV_MEMBER_SERVICE_COHORT	S1_노출됨
GOLD	FACT_MEMBER_SPONSORSHIP_SPAN	ACQ_MBER_INFLOW_PATH_NM	12	대표캠페인의 모집채널명(MM293 라벨) — 동결값	SV_MEMBER_SPONSOR_BIZ	SV_MEMBER_COHORT	S1_노출됨
GOLD	FACT_MEMBER_SPONSORSHIP_SPAN	ACQ_MKTG_UTM_NM	247	ACQ_MKTG_UTM_NM.	SV_MEMBER_SPONSOR_BIZ	SV_MEMBER_FEE	S1_노출됨
GOLD	FACT_MEMBER_SPONSORSHIP_SPAN	ACQ_PROMO_METHOD_NAME	91	대표캠페인의 홍보방법명(CM008 라벨) — 동결값	SV_MEMBER_SPONSOR_BIZ	SV_MEMBER_COHORT,SV_MEMBER_FEE	S1_노출됨
GOLD	FACT_MEMBER_SPONSORSHIP_SPAN	ACQ_SPNSR_DIV_CD	2	대표캠페인의 후원구분 코드(CM035). 코드id:CM035.	SV_MEMBER_SPONSOR_BIZ	-	S1_노출됨(라벨)
GOLD	FACT_MEMBER_SPONSORSHIP_SPAN	ACQ_SPNSR_DIV_NM	2	대표캠페인의 후원구분명(CM035 라벨) — 동결값	SV_MEMBER_SPONSOR_BIZ	SV_MEMBER_FEE	S1_노출됨
GOLD	FACT_MEMBER_SPONSORSHIP_SPAN	SPNSR_ACMSLT_DEPT_CD	355	후원(SPNSR_NO) 실적부서코드 raw ← SILVER.CRM_MEMBER_SPONSOR_SPAN.ACM	SV_MEMBER_SPONSOR_BIZ	-	S2_SV차원추가
GOLD	FACT_MEMBER_SPONSORSHIP_SPAN	SPNSR_JOIN_PATH_CD	6	후원(SPNSR_NO) 단위 가입경로 코드 raw. 코드id:MM014	SV_MEMBER_SPONSOR_BIZ	-	S2_SV차원추가
GOLD	FACT_MEMBER_SPONSORSHIP_SPAN	SPNSR_JOIN_PATH_NM	6	후원 단위 가입경로명. 코드id:MM014	SV_MEMBER_SPONSOR_BIZ	-	S2_SV차원추가
GOLD	FACT_MESSAGE_DISPATCH	CINFO	6	알림톡구분 [SILVER.CRM_SEND_MEMBER 승계 · 원천 BRONZE_CRM.SND_MEMBER_	SV_SERVICE	-	S2_SV차원추가
GOLD	FACT_MESSAGE_DISPATCH	CURRENT_BRND	126	현재 브랜드 ← SILVER.CRM_SEND_MEMBER	SV_SERVICE	-	S2_SV차원추가
GOLD	FACT_MESSAGE_DISPATCH	FRST_BRND_CD	65	발송 시점 최초 브랜드 코드 ← SILVER.CRM_SEND_MEMBER	SV_SERVICE	-	S2_SV차원추가
GOLD	FACT_MESSAGE_DISPATCH	FRST_BRND_NM	66	발송 시점 최초 브랜드명 ← SILVER.CRM_SEND_MEMBER	SV_SERVICE	-	S2_SV차원추가
GOLD	FACT_MESSAGE_DISPATCH	LST_BRND_CD	66	발송 시점 최종 브랜드 코드 ← SILVER.CRM_SEND_MEMBER	SV_SERVICE	-	S2_SV차원추가
GOLD	FACT_MESSAGE_DISPATCH	LST_BRND_NM	66	발송 시점 최종 브랜드명 ← SILVER.CRM_SEND_MEMBER	SV_SERVICE	-	S2_SV차원추가
GOLD	FACT_MESSAGE_DISPATCH	RESPONSED_YN	2	발송확인여부 [SILVER.CRM_SEND_MEMBER 승계 · 원천 BRONZE_CRM.SND_MEMBER	SV_SERVICE	SV_SERVICE	S1_노출됨
GOLD	FACT_MESSAGE_DISPATCH	SEND_RESULT_CD	49	축B(통신사 결과) 코드 raw.	SV_SERVICE	SV_SERVICE	S1_노출됨
GOLD	FACT_MESSAGE_DISPATCH	SEND_RESULT_GROUP	4	축B 코드군 ID. 코드id:MS283.	SV_SERVICE	SV_SERVICE	S1_노출됨
GOLD	FACT_MESSAGE_DISPATCH	SEND_RESULT_NAME	32	SEND_RESULT_NAME.	SV_SERVICE	SV_SERVICE	S1_노출됨
GOLD	FACT_MESSAGE_DISPATCH	SEND_STATUS	7	발송상태(#138)	SV_SERVICE	SV_SERVICE	S1_노출됨
GOLD	FACT_MESSAGE_DISPATCH	SEND_STATUS_NAME	3	축A 라벨 (CRM_CODE 조인).	SV_SERVICE	SV_SERVICE	S1_노출됨
GOLD	FACT_MESSAGE_DISPATCH	SEND_TYPE	4	발송유형.	SV_SERVICE	-	S2_SV차원추가
GOLD	FACT_PAYMENT_METHOD_CHANGE	APPLCNT_ETC_CTTPC_REL_CD	14	신청자기타연락처관계코드 [원천: SILVER.CRM_PAYMENT_METHOD_HIST]	-	-	S3_SV미연결(신설·base확장)
GOLD	FACT_PAYMENT_METHOD_CHANGE	APPLCNT_MBER_REL_CD	14	신청자회원관계코드 [원천: SILVER.CRM_PAYMENT_METHOD_HIST]	-	-	S3_SV미연결(신설·base확장)
GOLD	FACT_PAYMENT_METHOD_CHANGE	APRV_YN	2	승인여부 [원천: SILVER.CRM_PAYMENT_METHOD_HIST]	-	-	S3_SV미연결(신설·base확장)
GOLD	FACT_PAYMENT_METHOD_CHANGE	BF_SETLE_STAT_CD	9	이전결제상태코드 [원천: SILVER.CRM_PAYMENT_METHOD_HIST]	-	-	S3_SV미연결(신설·base확장)
GOLD	FACT_PAYMENT_METHOD_CHANGE	CARD_DIV_CD	3	카드구분코드 [원천: SILVER.CRM_PAYMENT_METHOD_HIST]	-	-	S3_SV미연결(신설·base확장)
GOLD	FACT_PAYMENT_METHOD_CHANGE	CPR_DIV_CD	2	법인구분코드 [원천: SILVER.CRM_PAYMENT_METHOD_HIST]	-	-	S1_노출됨(라벨)
GOLD	FACT_PAYMENT_METHOD_CHANGE	CRTFC_MTH_CD	5	인증방법코드 [원천: SILVER.CRM_PAYMENT_METHOD_HIST]	-	-	S3_SV미연결(신설·base확장)
GOLD	FACT_PAYMENT_METHOD_CHANGE	CRTFC_TY_CD	6	인증유형코드 [원천: SILVER.CRM_PAYMENT_METHOD_HIST]	-	-	S3_SV미연결(신설·base확장)
GOLD	FACT_PAYMENT_METHOD_CHANGE	ETC_CTTPC_REL_CD	14	기타연락처관계코드 [원천: SILVER.CRM_PAYMENT_METHOD_HIST]	-	-	S3_SV미연결(신설·base확장)
GOLD	FACT_PAYMENT_METHOD_CHANGE	FNLT_CD	106	금융기관코드 [원천: SILVER.CRM_PAYMENT_METHOD_HIST]	-	-	S3_SV미연결(신설·base확장)
GOLD	FACT_PAYMENT_METHOD_CHANGE	FNLT_DIV_CD	3	금융기관구분코드 [원천: SILVER.CRM_PAYMENT_METHOD_HIST]	-	-	S3_SV미연결(신설·base확장)
GOLD	FACT_PAYMENT_METHOD_CHANGE	OPERT_DIV_CD	6	작업구분코드 [원천: SILVER.CRM_PAYMENT_METHOD_HIST]	-	-	S3_SV미연결(신설·base확장)
GOLD	FACT_PAYMENT_METHOD_CHANGE	PAYER_MBER_REL_CD	14	결제자회원관계코드 [원천: SILVER.CRM_PAYMENT_METHOD_HIST]	-	-	S3_SV미연결(신설·base확장)
GOLD	FACT_PAYMENT_METHOD_CHANGE	RCEPT_DIV_CD	6	접수구분코드 [원천: SILVER.CRM_PAYMENT_METHOD_HIST]	-	-	S3_SV미연결(신설·base확장)
GOLD	FACT_PAYMENT_METHOD_CHANGE	RQEST_EXCL_YN	2	청구제외여부 [원천: SILVER.CRM_PAYMENT_METHOD_HIST]	-	-	S3_SV미연결(신설·base확장)
GOLD	FACT_PAYMENT_METHOD_CHANGE	RQST_DIV_CD	6	신청구분코드 [원천: SILVER.CRM_PAYMENT_METHOD_HIST]	-	-	S3_SV미연결(신설·base확장)
GOLD	FACT_PAYMENT_METHOD_CHANGE	SETLE_CD	6	결제코드 [원천: SILVER.CRM_PAYMENT_METHOD_HIST]	-	SV_MEMBER_FEE	S1_노출됨
GOLD	FACT_PAYMENT_METHOD_CHANGE	SETLE_ENTRPS_CD	56	결제업체코드 [원천: SILVER.CRM_PAYMENT_METHOD_HIST]	-	-	S3_SV미연결(신설·base확장)
GOLD	FACT_PAYMENT_METHOD_CHANGE	SETLE_STAT_CD	8	결제상태코드 [원천: SILVER.CRM_PAYMENT_METHOD_HIST]	-	-	S3_SV미연결(신설·base확장)
GOLD	FACT_PAYMENT_METHOD_CHANGE	USE_YN	2	사용여부 [원천: SILVER.CRM_PAYMENT_METHOD_HIST]	-	-	S3_SV미연결(신설·base확장)
GOLD	FACT_RELATION_ACTIVITY	ACTIVITY_TYPE	2	활동유형 파생 (서신/선물금) [원천: SILVER.CRM_RELATION_ACTIVITY]	SV_RELATION_ACTIVITY	SV_RELATION_ACTIVITY	S1_노출됨
GOLD	FACT_RELATION_ACTIVITY	GFTMNEY_DOLLAR_AMT	50	선물금미화금액 [원천: SILVER.CRM_RELATION_ACTIVITY]	SV_RELATION_ACTIVITY	SV_RELATION_ACTIVITY	S1_노출됨
GOLD	FACT_RELATION_ACTIVITY	GFT_DIV_CD	7	선물구분코드 [원천: SILVER.CRM_RELATION_ACTIVITY]	SV_RELATION_ACTIVITY	SV_RELATION_ACTIVITY	S1_노출됨
GOLD	FACT_RELATION_ACTIVITY	LANG_CD	391	언어코드 [원천: SILVER.CRM_RELATION_ACTIVITY]	SV_RELATION_ACTIVITY	-	S2_SV차원추가
GOLD	FACT_RELATION_ACTIVITY	ONLINE_POST_WRITNG_YN	2	온라인우편작성여부 [원천: SILVER.CRM_RELATION_ACTIVITY]	SV_RELATION_ACTIVITY	SV_RELATION_ACTIVITY	S1_노출됨
GOLD	FACT_RELATION_ACTIVITY	SETLE_CD	11	결제코드 [원천: SILVER.CRM_RELATION_ACTIVITY]	SV_RELATION_ACTIVITY	SV_MEMBER_FEE	S1_노출됨
GOLD	FACT_RELATION_ACTIVITY	TRNSFER_YN	3	이관여부 [원천: SILVER.CRM_RELATION_ACTIVITY]	SV_RELATION_ACTIVITY	SV_RELATION_ACTIVITY	S1_노출됨
GOLD	FACT_RELATION_CHANGE	CHG_YN	5	교체여부 [원천: SILVER.CRM_RELATION_CHANGE]	-	-	S3_SV미연결(신설·base확장)
GOLD	FACT_RELATION_DEV	ACCNUT_STATS_CD	9	회계상태코드 [원천: SILVER.CRM_RELATION_DEV]	-	-	S3_SV미연결(신설·base확장)
GOLD	FACT_RELATION_DEV	AF_STAT_CD	5	이후상태코드 [원천: SILVER.CRM_RELATION_DEV]	-	-	S3_SV미연결(신설·base확장)
GOLD	FACT_RELATION_DEV	BF_STAT_CD	7	이전상태코드 [원천: SILVER.CRM_RELATION_DEV]	-	-	S3_SV미연결(신설·base확장)
GOLD	FACT_RELATION_DEV	CHILD_STATS_CD	8	아동상태코드 [원천: SILVER.CRM_RELATION_DEV]	-	-	S3_SV미연결(신설·base확장)
GOLD	FACT_RELATION_DEV	RELATNSP_DVLP_DIV_CD	5	관계개발구분코드 [원천: SILVER.CRM_RELATION_DEV]	-	-	S3_SV미연결(신설·base확장)
GOLD	FACT_TARGET_MEMBER_DEV	DEV_TYPE	3	개발구분(#121 conform) (#121).	-	SV_DEV_ACHIEVEMENT,SV_MEMBER_MONTHLY	S1_노출됨
GOLD	FACT_TARGET_PROJECT	DTL_DIV_NM	10	세부구분 원천 표기(채널 등 · 회원개발 유형만 · 그 외 NULL)	-	SV_TARGET_BIZ	S1_노출됨
GOLD	FACT_TARGET_PROJECT	GOAL_TYPE_NM	9	목표 지표 유형 원천 표기 그대로(O190 · 9종): 건 = 후원사업·회원개발 / 명 = 월말활동회원 / 	-	SV_TARGET_BIZ	S1_노출됨
GOLD	FACT_TARGET_PROJECT	NEW_OLD_DIV_NM	4	신규/기존 구분 원천 표기. 🔴 비율 유형에는 소계 행(합계·신규합계)이 있다 — 신규/기존과 함께 합산하면	-	SV_MSTR_SPNSR_DVLP,SV_TARGET_BIZ	S1_노출됨
GOLD	FACT_TARGET_PROJECT	ORG_DIV_NM	3	조직 구분명 (원천 그대로)	-	SV_TARGET_BIZ	S1_노출됨
GOLD	FACT_TARGET_PROJECT	SRC_SPONSOR_BIZ_NM	15	원천 후원사업 표기 그대로 — 후원사업 유형 = 사업명 · 회원개발 유형 = 4그룹(국내/결연/해외프로젝트/	-	SV_TARGET_BIZ	S1_노출됨
GOLD	FACT_TARGET_PROJECT	SRC_TEAM_NM	8	원천 목표표의 팀명 (CRM_BIZ_TARGET.ORG_NM 그대로)	-	SV_TARGET_BIZ	S1_노출됨
GOLD	WIDE_AD_BROADCAST	AD_SOURCE_TYPE	2	광고 원천유형 — 본 뷰는 방송 2종(**VIDEO·REBROADCAST**)만 담는다. 🔴두 원천은 보고 	-	SV_AD	S1_노출됨
GOLD	WIDE_AD_BROADCAST	BRDC_DIV	6	방송구분 (REBRDC 전용) 🔴[O51-F 실측] 채움이 **REBROADCAST 안에서도 일부**다. 커	-	-	S3_SV미연결(신설·base확장)
GOLD	WIDE_AD_BROADCAST	CHANNEL_COMPANY	61	채널사	-	SV_AD	S1_노출됨
GOLD	WIDE_AD_BROADCAST	CHANNEL_COMPANY_TYPE	9	채널사유형 (VIDEO 전용)	-	-	S3_SV미연결(신설·base확장)
GOLD	WIDE_AD_BROADCAST	CM_POSITION	16	CM위치 (VIDEO 전용)	-	SV_AD	S1_노출됨
GOLD	WIDE_AD_BROADCAST	CTV_DIV	4	CTV구분 (VIDEO 전용) 🔴[O51-F 실측] 채움이 **VIDEO 안에서도 소수**다. 커버리지를 모	-	-	S3_SV미연결(신설·base확장)
GOLD	WIDE_AD_BROADCAST	DAY_DIV	3	요일구분 평일/주말 (VIDEO 전용)	-	-	S3_SV미연결(신설·base확장)
GOLD	WIDE_AD_BROADCAST	RT_TYPE	2	RT(재방송)유형 (REBRDC 전용)	-	SV_AD	S1_노출됨
GOLD	WIDE_AD_BROADCAST	SPOT_TYPE	4	SPOT유형 (VIDEO 전용) 🔴[O51-F 실측] 채움이 **VIDEO 안에서 부분**다. 커버리지를 모	-	SV_AD	S1_노출됨
GOLD	WIDE_AD_BROADCAST	TIME_BAND	82	시간대	-	SV_AD	S1_노출됨
GOLD	WIDE_AD_COMBINED	AD_GROUP_NM	31	광고그룹명 ← DGT.AD_GRP_NM ⚠️[WIDE_AD_COMBINED] 디지털 원천 전용 컬럼이다 — 	SV_AD	SV_AD	S1_노출됨
GOLD	WIDE_AD_COMBINED	AD_SOURCE_TYPE	3	광고유형 DIGITAL/VIDEO/REBROADCAST (degen). 출처 명시축(DEC-8·§3-A-4)	SV_AD	SV_AD	S1_노출됨
GOLD	WIDE_AD_COMBINED	AD_TYPE_NM	7	광고유형명(대행사 표기) ← DGT.AD_TY_NM. ⚠️코어 AD_SOURCE_TYPE(원천 출처축 DIG	SV_AD	SV_AD	S1_노출됨
GOLD	WIDE_AD_COMBINED	BRDC_DIV	6	방송구분 ← REBRDC.BRDC_DIV_NM [REBRDC 전용] ⚠️[WIDE_AD_COMBINED] 방	SV_AD	-	S2_SV차원추가
GOLD	WIDE_AD_COMBINED	CHANNEL_COMPANY	61	채널사 ← VIDEO.CHNNL_NM / REBRDC.CHNNL_CMPNY ⚠️[WIDE_AD_COMBINE	SV_AD	SV_AD	S1_노출됨
GOLD	WIDE_AD_COMBINED	CHANNEL_COMPANY_TYPE	9	채널사유형 ← VIDEO.CHNNL_CMPNY_TY_NM [VIDEO 전용] ⚠️[WIDE_AD_COMBIN	SV_AD	-	S2_SV차원추가
GOLD	WIDE_AD_COMBINED	CM_POSITION	16	CM위치 ← VIDEO.CM_AREA [VIDEO 전용]. 코어에서 이관 ⚠️[WIDE_AD_COMBINED	SV_AD	SV_AD	S1_노출됨
GOLD	WIDE_AD_COMBINED	CREATIVE_TYPE	5	소재유형 ← DGT.MATR_TY_NM ⚠️[WIDE_AD_COMBINED] 디지털 원천 전용 컬럼이다 — 	SV_AD	SV_AD	S1_노출됨
GOLD	WIDE_AD_COMBINED	CTV_DIV	4	CTV구분 ← VIDEO.CTV_DIV_NM [VIDEO 전용] ⚠️[WIDE_AD_COMBINED] 방송 	SV_AD	-	S2_SV차원추가
GOLD	WIDE_AD_COMBINED	DAY_DIV	3	요일구분 평일/주말 ← VIDEO.DAY_DIV_NM [VIDEO 전용] ⚠️[WIDE_AD_COMBINED	SV_AD	-	S2_SV차원추가
GOLD	WIDE_AD_COMBINED	DAY_OF_WEEK	7	요일 (degen  AD_DATE 파생)	SV_AD	SV_AD	S1_노출됨
GOLD	WIDE_AD_COMBINED	PAGE_TYPE	3	페이지유형 ← DGT.PAGE_TYPE_NM ⚠️[WIDE_AD_COMBINED] 디지털 원천 전용 컬럼이다	SV_AD	SV_AD	S1_노출됨
GOLD	WIDE_AD_COMBINED	RT_TYPE	2	RT(재방송)유형 ← REBRDC.DIV_NM(재송출/방송 · O182 재편 전 RE_BRDC_TY_NM) 	SV_AD	SV_AD	S1_노출됨
GOLD	WIDE_AD_COMBINED	SPOT_TYPE	4	SPOT유형 ← VIDEO.SPOT_TY [VIDEO 전용] ⚠️[WIDE_AD_COMBINED] 방송 원천	SV_AD	SV_AD	S1_노출됨
GOLD	WIDE_AD_COMBINED	TIME_BAND	82	시간대 ← VIDEO.TIME_RNG / REBRDC.TIME_RNG_DIV_NM(1순위)·BRDC_TIME	SV_AD	SV_AD	S1_노출됨
GOLD	WIDE_AD_DIGITAL	AD_GROUP_NM	31	광고그룹명 🔴[O51-F 실측] 채움이 **극히 일부**다. 커버리지를 모르고 비중·순위를 내면 결론이 뒤집	-	SV_AD	S1_노출됨
GOLD	WIDE_AD_DIGITAL	AD_TYPE_NM	7	광고유형명(대행사 표기). [O51-F BRONZE 실측] 실적재 값 = **하단DA·DA·CPT·BSA·S	-	SV_AD	S1_노출됨
GOLD	WIDE_AD_DIGITAL	CREATIVE_TYPE	5	소재유형(원천 표기) 🔴[O51-F 실측] 채움이 **부분**다. 커버리지를 모르고 비중·순위를 내면 결론이	-	SV_AD	S1_노출됨
GOLD	WIDE_AD_DIGITAL	DEVICE_TYPE	2	DIM_DEVICE.DEVICE_TYPE — M / PC (디지털은 기기 실존)	-	SV_AD,SV_GA_BEHAVIOR	S1_노출됨
GOLD	WIDE_AD_DIGITAL	PAGE_TYPE	3	페이지유형 🔴[O51-F 실측] 채움이 **극히 일부**다. 커버리지를 모르고 비중·순위를 내면 결론이 뒤집	-	SV_AD	S1_노출됨
GOLD	WIDE_AD_PERFORMANCE	AD_SOURCE_TYPE	3	광고 원천유형 DIGITAL/VIDEO/REBROADCAST — 출처 명시축(팩트 degen  DEC-8)	-	SV_AD	S1_노출됨
GOLD	WIDE_AD_PERFORMANCE	DAY_OF_WEEK	7	요일(팩트 degen)	-	SV_AD,SV_MEMBER_EVENT	S1_노출됨
GOLD	WIDE_AD_PERFORMANCE	DEVICE_SCOPE_DESC	3	DIM_DEVICE.DEVICE_SCOPE_DESC — 기기축 적용범위 자기설명(DEC-10)	-	SV_AD	S1_노출됨
GOLD	WIDE_AD_PERFORMANCE	DEVICE_TYPE	3	DIM_DEVICE.DEVICE_TYPE — PC / M / (해당없음)방송 / (unknown)	-	SV_AD,SV_GA_BEHAVIOR	S1_노출됨
GOLD	WIDE_BIGQUERY_BEHAVIOR	BIGQUERY_EVENT_CATEGORY	340	DIM_BIGQUERY_EVENT.EVENT_CATEGORY — 이벤트 카테고리 (#99)	-	-	S3_SV미연결(신설·base확장)
GOLD	WIDE_BIGQUERY_BEHAVIOR	BIGQUERY_SOURCE_MEDIUM	491	DIM_BIGQUERY_SOURCE.SOURCE_MEDIUM — 세션 소스/매체 (#109)	-	-	S3_SV미연결(신설·base확장)
GOLD	WIDE_BIGQUERY_BEHAVIOR	BIGQUERY_UTM_CONTENT	135	DIM_BIGQUERY_SOURCE.UTM_CONTENT — 세션 수동 광고 콘텐츠 (#103)	-	-	S3_SV미연결(신설·base확장)
GOLD	WIDE_BIGQUERY_BEHAVIOR	BIGQUERY_UTM_MEDIUM	50	DIM_BIGQUERY_SOURCE.UTM_MEDIUM — medium	-	-	S3_SV미연결(신설·base확장)
GOLD	WIDE_BIGQUERY_BEHAVIOR	BIGQUERY_UTM_SOURCE	397	DIM_BIGQUERY_SOURCE.UTM_SOURCE — source	-	-	S3_SV미연결(신설·base확장)
GOLD	WIDE_BIGQUERY_BEHAVIOR	BIGQUERY_UTM_TERM	108	DIM_BIGQUERY_SOURCE.UTM_TERM — 세션 수동 검색어 (#104)	-	-	S3_SV미연결(신설·base확장)
GOLD	WIDE_BIGQUERY_BEHAVIOR	DAY_OF_WEEK	7	DIM_DATE.DAY_OF_WEEK — 요일	-	SV_AD,SV_MEMBER_EVENT	S1_노출됨
GOLD	WIDE_BIGQUERY_BEHAVIOR	DEVICE_TYPE	3	DIM_DEVICE.DEVICE_TYPE — PC / M / APP	-	SV_AD,SV_GA_BEHAVIOR	S1_노출됨
GOLD	WIDE_BUDGET	BUDGET_ITEM_NAME	37	DIM_BUDGET_ITEM.BUDGET_ITEM_NAME — 세세목명	-	SV_BUDGET,SV_BUDGET_YEARLY	S1_노출됨
GOLD	WIDE_DVLP_GOAL_ACMSLT	DEPT_DIV_NM	6	부서 구분 명	SV_DVLP_GOAL_ACMSLT	SV_DVLP_GOAL_ACMSLT	S1_노출됨
GOLD	WIDE_DVLP_GOAL_ACMSLT	NEW_EXST_DIV_NM	2	신규기존구분명	SV_DVLP_GOAL_ACMSLT	SV_DVLP_GOAL_ACMSLT	S1_노출됨
GOLD	WIDE_DVLP_GOAL_ACMSLT	SPNSR_BSNS_GRP_NM	4	후원 사업 그룹 명	SV_DVLP_GOAL_ACMSLT	SV_DVLP_GOAL_ACMSLT	S1_노출됨
GOLD	WIDE_EVENT_PARTICIPATION	DAY_OF_WEEK	7	DIM_DATE.DAY_OF_WEEK — 요일	-	SV_AD,SV_MEMBER_EVENT	S1_노출됨
GOLD	WIDE_EVENT_PARTICIPATION	EVENT_CATEGORY	19	DIM_EVENT.EVENT_CATEGORY — 행사구분 코드 raw. 🔴원천별 2체계다: 일반행사=100~	-	SV_EVENT_PARTICIPATION,SV_GA_BEHAVIOR	S1_노출됨
GOLD	WIDE_EVENT_PARTICIPATION	EVENT_CATEGORY_GROUP	2	행사구분 코드군 ID (조인키 · 일반행사→MS286 · 캠페인행사→MS002). 두 체계는 코드값이 겹치지	-	-	S3_SV미연결(신설·base확장)
GOLD	WIDE_EVENT_PARTICIPATION	EVENT_CATEGORY_NAME	19	행사구분 라벨 (CRM_CODE 조인). ⚠️센티넬 행('(미매핑)')은 라벨이 NULL 이다 — 코드가 없	-	SV_EVENT_PARTICIPATION	S1_노출됨
GOLD	WIDE_EVENT_PARTICIPATION	EVENT_KIND	2	DIM_EVENT.EVENT_KIND — 🔴[O59-P 정정] 종전 설명 「온라인/오프라인」은 **거짓이었다	-	SV_EVENT_PARTICIPATION	S1_노출됨
GOLD	WIDE_EVENT_PARTICIPATION	EVENT_KIND_NAME	2	DIM_EVENT.EVENT_KIND_NAME — 행사종류 라벨(일반행사/캠페인행사). ⚠️판별자 라벨은 코	-	SV_EVENT_PARTICIPATION	S1_노출됨
GOLD	WIDE_EVENT_PARTICIPATION	MBER_DIV_CD	3	DIM_MEMBER.MBER_DIV_CD — 회원구분 원천코드 raw. 코드그룹 **MM018(회원구분)**	-	SV_EVENT_PARTICIPATION,SV_MEMBER_EVENT,SV_MEMBER_MONTHLY,SV_SERVICE	S1_노출됨
GOLD	WIDE_EVENT_PARTICIPATION	MBER_STAT_CD	12	DIM_MEMBER.MBER_STAT_CD — 회원상태 원천코드 raw(정본 공#132 '회원상태코드'). 	-	SV_EVENT_PARTICIPATION,SV_MEMBER_EVENT,SV_MEMBER_MONTHLY,SV_SERVICE	S1_노출됨
GOLD	WIDE_EVENT_PARTICIPATION	MEMBER_AGE_BAND	12	DIM_MEMBER.AGE_BAND — 연령대명 · **CM014** 라벨. 코드 = MEMBER_AGE_C	-	-	S3_SV미연결(신설·base확장)
GOLD	WIDE_EVENT_PARTICIPATION	MEMBER_AREA_CD	19	DIM_MEMBER.AREA_CD — 지역 원천코드 raw. 코드그룹 **CM018**. 코드사전 = (1서	-	-	S3_SV미연결(신설·base확장)
GOLD	WIDE_EVENT_PARTICIPATION	MEMBER_GENDER_NAME	5	DIM_MEMBER.GENDER_NAME — 성별 분석 라벨(정본 공#130). 코드그룹 **CM017(회원	-	-	S3_SV미연결(신설·base확장)
GOLD	WIDE_EVENT_PARTICIPATION	MEMBER_REGION	18	DIM_MEMBER.REGION — 지역명(정본 공#131) · **CM018** 약칭 라벨. 코드 = ME	-	-	S3_SV미연결(신설·base확장)
GOLD	WIDE_EVENT_PARTICIPATION	MEMBER_STATUS_NAME	13	DIM_MEMBER.MEMBER_STATUS_NAME — 회원상태명(MM010 라벨  정본 공#132). 코	-	SV_EVENT_PARTICIPATION,SV_MEMBER_EVENT,SV_MEMBER_FEE,SV_MEMBER_MONTHLY,SV_MEMBER_STATUS_ASOF,SV_RELATION_ACTIVITY,SV_SERVICE	S1_노출됨
GOLD	WIDE_EVENT_PARTICIPATION	MEMBER_TYPE_NAME	3	DIM_MEMBER.MEMBER_TYPE_NAME — 회원구분명(MM018 라벨): 개인·기업·단체. 코드 	-	SV_EVENT_PARTICIPATION,SV_MEMBER_EVENT,SV_MEMBER_FEE,SV_MEMBER_MONTHLY,SV_MEMBER_STATUS_ASOF,SV_SERVICE	S1_노출됨
GOLD	WIDE_EVENT_PARTICIPATION	PART_CHANNEL	9	참여채널	-	SV_EVENT_PARTICIPATION	S1_노출됨
GOLD	WIDE_EVENT_PARTICIPATION	PART_CHANNEL_NAME	8	참여채널 라벨 (CRM_CODE 조인). 미등재·오염 코드는 NULL 유지	-	SV_EVENT_PARTICIPATION	S1_노출됨
GOLD	WIDE_EVENT_PARTICIPATION	PART_EVENT_KIND	2	FACT_EVENT_ATTENDANCE.EVENT_KIND — **팩트가 보유한 원천 계열 판별 코드**(전	-	SV_EVENT_PARTICIPATION	S1_노출됨
GOLD	WIDE_EVENT_PARTICIPATION	PART_EVENT_KIND_NAME	2	FACT_EVENT_ATTENDANCE.EVENT_KIND_NAME — **팩트가 보유한 원천 계열 판별 라	-	SV_EVENT_PARTICIPATION	S1_노출됨
GOLD	WIDE_EVENT_PARTICIPATION	PART_PATH	13	참여경로	-	SV_EVENT_PARTICIPATION	S1_노출됨
GOLD	WIDE_EVENT_PARTICIPATION	PART_PATH_GROUP	2	참여경로 코드군 ID (조인키 · 일반행사→MS303 · 캠페인행사→MS004=신청경로). 🟢운영서버 코드사	-	-	S3_SV미연결(신설·base확장)
GOLD	WIDE_EVENT_PARTICIPATION	PART_PATH_NAME	12	참여경로 라벨 (CRM_CODE 조인 · 코드군 확정). 미등재·오염 코드는 NULL 유지	-	SV_EVENT_PARTICIPATION	S1_노출됨
GOLD	WIDE_EVENT_PARTICIPATION	PART_STATUS	19	참여상태	-	SV_EVENT_PARTICIPATION	S1_노출됨
GOLD	WIDE_EVENT_PARTICIPATION	PART_STATUS_GROUP	2	참여상태 코드군 ID (조인키 · 일반행사→MS304 · 캠페인행사→MS006). 🔴O28 다체계의 **구조	-	-	S3_SV미연결(신설·base확장)
GOLD	WIDE_EVENT_PARTICIPATION	PART_STATUS_NAME	18	참여상태 라벨 (CRM_CODE 조인). ⚠️일반행사(MS304) 라벨은 코드사전에 **영문**으로 등록돼 	-	SV_EVENT_PARTICIPATION	S1_노출됨
GOLD	WIDE_EVENT_PARTICIPATION	SEX	8	DIM_MEMBER.SEX — 성별 원천코드 raw. 코드그룹 **CM013(성별)**. 코드사전(BRONZ	-	SV_EVENT_PARTICIPATION,SV_MEMBER_EVENT,SV_MEMBER_MONTHLY,SV_SERVICE	S1_노출됨
GOLD	WIDE_EVENT_PARTICIPATION	SEX_NM	8	DIM_MEMBER.SEX_NM — CM013 **원천 라벨 그대로**(국내(남자)/국내(여자)/외국인(남자	-	SV_EVENT_PARTICIPATION,SV_MEMBER_EVENT,SV_MEMBER_MONTHLY,SV_MSTR_SPNSR_DVLP,SV_SERVICE	S1_노출됨
GOLD	WIDE_MBRFEE_PRDT_ACTL	DATA_TYPE_NM	2	예측 실측 구분 명(예측/실측)	SV_MBRFEE_PRDT_ACTL	SV_MBRFEE_PRDT_ACTL	S1_노출됨
GOLD	WIDE_MBRFEE_PRDT_ACTL	HDQ_BRNCH_GRP_NM	5	본부 지부 그룹 명	SV_MBRFEE_PRDT_ACTL	SV_MBRFEE_PRDT_ACTL	S1_노출됨
GOLD	WIDE_MBRFEE_PRDT_ACTL	NEW_EXST_DIV_NM	2	신규기존구분명	SV_MBRFEE_PRDT_ACTL	SV_MBRFEE_PRDT_ACTL	S1_노출됨
GOLD	WIDE_MBRFEE_PRDT_ACTL	SPNSR_BSNS_GRP_NM	11	후원 사업 그룹 명	SV_MBRFEE_PRDT_ACTL	SV_MBRFEE_PRDT_ACTL	S1_노출됨
GOLD	WIDE_MEMBER_EVENT	AGE_BAND_AT_EVENT	12	FACT_MEMBER_EVENT.AGE_BAND_AT_EVENT — **사건 시점** 연령대명(CM014 사	-	SV_MEMBER_EVENT	S1_노출됨
GOLD	WIDE_MEMBER_EVENT	AREA_CD_AT_EVENT	19	FACT_MEMBER_EVENT.AREA_CD_AT_EVENT — 지역 코드 raw  **사건(개발약정) 시	-	SV_MEMBER_EVENT	S1_노출됨
GOLD	WIDE_MEMBER_EVENT	CAMPAIGN_BIZ_CASE_TYPE	4	캠페인 굿즈/기타/사례/사업 구분 라벨. 코드그룹 **MM296**. ⚠️ CAMPAIGN_DOMESTIC_	-	-	S3_SV미연결(신설·base확장)
GOLD	WIDE_MEMBER_EVENT	CAMPAIGN_BRAND	69	DIM_CAMPAIGN.BRAND — 공통브랜드 (#117)	-	SV_MEMBER_COHORT,SV_MEMBER_EVENT	S1_노출됨
GOLD	WIDE_MEMBER_EVENT	CAMPAIGN_CATEGORY	57	캠페인 **카테고리** 라벨(정본 공#17). 코드그룹 **MM294(캠페인 카테고리)**. ⚠️ 원천 `T	-	-	S3_SV미연결(신설·base확장)
GOLD	WIDE_MEMBER_EVENT	CAMPAIGN_CMMN_BRND	16	공통브랜드 라벨. 코드그룹 **MM297**. ⚠️ 라벨이 MM293(개발인입경로)과 상당 중복되나 현업 확	-	-	S3_SV미연결(신설·base확장)
GOLD	WIDE_MEMBER_EVENT	CAMPAIGN_CPR_DIV_CD	3	세부캠페인 법인구분 원천코드. 코드그룹 **CM019**: A=통합 · I=사단 · S=사복. 🔴 라벨이 아	-	-	S3_SV미연결(신설·base확장)
GOLD	WIDE_MEMBER_EVENT	CAMPAIGN_CPR_DIV_NM	3	CAMPAIGN_CPR_DIV_CD 를 CM019 로 해소한 라벨(통합/사단/사복). 🔴 조직 계층의 법인(	-	-	S3_SV미연결(신설·base확장)
GOLD	WIDE_MEMBER_EVENT	CAMPAIGN_DOMESTIC_OVERSEAS	4	캠페인 국내/통합/해외 라벨. 코드그룹 **MM295**. 🔴🔴 [2026-08-28 O105] **소스 =	-	-	S3_SV미연결(신설·base확장)
GOLD	WIDE_MEMBER_EVENT	CAMPAIGN_INFLOW_PATH	12	개발인입경로 라벨 = **모집 채널**. 코드그룹 **MM293(개발인입경로)**. 🔴 이 축을 「현업 주요	-	SV_MEMBER_COHORT,SV_MEMBER_EVENT	S1_노출됨
GOLD	WIDE_MEMBER_EVENT	CAMPAIGN_MKTG_UTM	247	UTM 라벨. 코드사전이 아니라 원천 TM_CM_MKTNG_UTM(MK_UTM/MK_UTM_NM)과 연동된 	-	-	S3_SV미연결(신설·base확장)
GOLD	WIDE_MEMBER_EVENT	CAMPAIGN_PROMO_METHOD	93	DIM_CAMPAIGN.PROMO_METHOD — 홍보방법 (#118)	-	-	S3_SV미연결(신설·base확장)
GOLD	WIDE_MEMBER_EVENT	CAMPAIGN_SPNSR_DIV_CD	2	세부캠페인 후원구분 원천코드. 코드그룹 **CM035**: 1=정기후원 · 2=일시후원. 🔴 라벨이 아니다 	-	-	S3_SV미연결(신설·base확장)
GOLD	WIDE_MEMBER_EVENT	CAMPAIGN_SPNSR_DIV_NM	2	CAMPAIGN_SPNSR_DIV_CD 를 CM035 로 해소한 라벨(정기후원/일시후원). ⚠️ DIM_SP	-	-	S3_SV미연결(신설·base확장)
GOLD	WIDE_MEMBER_EVENT	DAY_OF_WEEK	7	DIM_DATE.DAY_OF_WEEK — 요일	-	SV_AD,SV_MEMBER_EVENT	S1_노출됨
GOLD	WIDE_MEMBER_EVENT	DVLP_DIV_CD	5	FACT_MEMBER_EVENT.DVLP_DIV_CD — 개발구분 코드 raw. 코드그룹 **MM015(개발	-	SV_MEMBER_EVENT,SV_MSTR_SPNSR_DVLP	S1_노출됨
GOLD	WIDE_MEMBER_EVENT	DVLP_DIV_NM	5	FACT_MEMBER_EVENT.DVLP_DIV_NM — 개발구분명(MM015 라벨): 신규·증액·감액·재후	-	SV_MEMBER_EVENT,SV_MSTR_SPNSR_DVLP	S1_노출됨
GOLD	WIDE_MEMBER_EVENT	EVENT_TYPE	2	상태전이 유형(개발/중단/증액/미납중단)	-	SV_MEMBER_EVENT	S1_노출됨
GOLD	WIDE_MEMBER_EVENT	JOIN_PATH_CD	6	DIM_MEMBER.JOIN_PATH_CD — 가입경로 원천코드 raw. 코드그룹 **MM014(가입경로)*	-	-	S3_SV미연결(신설·base확장)
GOLD	WIDE_MEMBER_EVENT	MBER_DIV_CD	3	DIM_MEMBER.MBER_DIV_CD — 회원구분 원천코드 raw. 코드그룹 **MM018(회원구분)**	-	SV_EVENT_PARTICIPATION,SV_MEMBER_EVENT,SV_MEMBER_MONTHLY,SV_SERVICE	S1_노출됨
GOLD	WIDE_MEMBER_EVENT	MBER_STAT_CD	12	DIM_MEMBER.MBER_STAT_CD — 회원상태 원천코드 raw(정본 공#132 '회원상태코드'). 	-	SV_EVENT_PARTICIPATION,SV_MEMBER_EVENT,SV_MEMBER_MONTHLY,SV_SERVICE	S1_노출됨
GOLD	WIDE_MEMBER_EVENT	MEMBER_AGE_BAND	12	DIM_MEMBER.AGE_BAND — 연령대명 · **CM014** 라벨. 코드 = MEMBER_AGE_C	-	-	S3_SV미연결(신설·base확장)
GOLD	WIDE_MEMBER_EVENT	MEMBER_AREA_CD	19	DIM_MEMBER.AREA_CD — 지역 원천코드 raw. 코드그룹 **CM018**. 코드사전 = (1서	-	-	S3_SV미연결(신설·base확장)
GOLD	WIDE_MEMBER_EVENT	MEMBER_ENROLL_PATH_NAME	6	DIM_MEMBER.ENROLL_PATH_NAME — 가입경로명(MM014 라벨). 코드 = JOIN_PAT	-	-	S3_SV미연결(신설·base확장)
GOLD	WIDE_MEMBER_EVENT	MEMBER_GENDER_NAME	5	DIM_MEMBER.GENDER_NAME — 성별 분석 라벨(정본 공#130). 코드그룹 **CM017(회원	-	-	S3_SV미연결(신설·base확장)
GOLD	WIDE_MEMBER_EVENT	MEMBER_REGION	18	DIM_MEMBER.REGION — 지역명(정본 공#131) · **CM018** 약칭 라벨. 코드 = ME	-	-	S3_SV미연결(신설·base확장)
GOLD	WIDE_MEMBER_EVENT	MEMBER_STATUS_NAME	12	DIM_MEMBER.MEMBER_STATUS_NAME — 회원상태명(MM010 라벨  정본 공#132). 코	-	SV_EVENT_PARTICIPATION,SV_MEMBER_EVENT,SV_MEMBER_FEE,SV_MEMBER_MONTHLY,SV_MEMBER_STATUS_ASOF,SV_RELATION_ACTIVITY,SV_SERVICE	S1_노출됨
GOLD	WIDE_MEMBER_EVENT	MEMBER_TYPE_NAME	3	DIM_MEMBER.MEMBER_TYPE_NAME — 회원구분명(MM018 라벨): 개인·기업·단체. 코드 	-	SV_EVENT_PARTICIPATION,SV_MEMBER_EVENT,SV_MEMBER_FEE,SV_MEMBER_MONTHLY,SV_MEMBER_STATUS_ASOF,SV_SERVICE	S1_노출됨
GOLD	WIDE_MEMBER_EVENT	NEW_EXISTING_FLAG	2	신규기존 🔴🔴[O51-D 실측] **전건 NULL** — **팩트 컬럼 자체가 비어 있다**(`FACT_ME	-	SV_MEMBER_EVENT,SV_MEMBER_MONTHLY,SV_MEMBER_MONTHLY_KPI	S1_노출됨
GOLD	WIDE_MEMBER_EVENT	ORG_DEPARTMENT	285	DIM_ORG.DEPARTMENT — 부서 (#116). 🔴SCD1(DEC-2) — current-value	-	SV_DEV_ACHIEVEMENT,SV_MEMBER_COHORT,SV_MEMBER_EVENT,SV_MEMBER_FEE,SV_TARGET_BIZ	S1_노출됨
GOLD	WIDE_MEMBER_EVENT	PREV_MBER_STAT_CD	12	DIM_MEMBER.PREV_MBER_STAT_CD — 상태전이의 **이전상태** 코드 raw(MM010).	-	-	S3_SV미연결(신설·base확장)
GOLD	WIDE_MEMBER_EVENT	PREV_MEMBER_STATUS_NAME	12	DIM_MEMBER.PREV_MEMBER_STATUS_NAME — 이전상태명(MM010 라벨). 코드 = P	-	SV_MEMBER_STATUS_ASOF	S1_노출됨
GOLD	WIDE_MEMBER_EVENT	REASON_CODE	21	DIM_REASON.REASON_CODE — 사유코드	-	-	S3_SV미연결(신설·base확장)
GOLD	WIDE_MEMBER_EVENT	REASON_NAME	21	DIM_REASON.REASON_NAME — 중단/미납사유	-	SV_MEMBER_MONTHLY	S1_노출됨
GOLD	WIDE_MEMBER_EVENT	REGION_AT_EVENT	18	FACT_MEMBER_EVENT.REGION_AT_EVENT — **사건 시점** 지역명(CM018 약칭 라	-	SV_MEMBER_EVENT	S1_노출됨
GOLD	WIDE_MEMBER_EVENT	SEX	8	DIM_MEMBER.SEX — 성별 원천코드 raw. 코드그룹 **CM013(성별)**. 코드사전(BRONZ	-	SV_EVENT_PARTICIPATION,SV_MEMBER_EVENT,SV_MEMBER_MONTHLY,SV_SERVICE	S1_노출됨
GOLD	WIDE_MEMBER_EVENT	SEX_NM	8	DIM_MEMBER.SEX_NM — CM013 **원천 라벨 그대로**(국내(남자)/국내(여자)/외국인(남자	-	SV_EVENT_PARTICIPATION,SV_MEMBER_EVENT,SV_MEMBER_MONTHLY,SV_MSTR_SPNSR_DVLP,SV_SERVICE	S1_노출됨
GOLD	WIDE_MEMBER_EVENT	SPONSORSHIP_CPR_DIV_CD	2	[2026-10-06 O202 · 사용자 결정] **후원사업 법인구분** 원천코드(코드그룹 CM019: A=	-	-	S1_노출됨(라벨)
GOLD	WIDE_MEMBER_EVENT	SPONSORSHIP_CPR_DIV_NM	2	SPONSORSHIP_CPR_DIV_CD 를 CM019 로 해소한 라벨(통합/사단/사복). 「사단법인」=사단	-	SV_MEMBER_EVENT	S1_노출됨
GOLD	WIDE_MEMBER_EVENT	SPONSORSHIP_DIV_NAME	2	[2026-08-19 O89] 후원사업 분류 **최상위** — 정기일시후원구분 라벨(코드사전 CM035): 	-	SV_MEMBER_EVENT,SV_MEMBER_SPONSOR_BIZ	S1_노출됨
GOLD	WIDE_MEMBER_EVENT	SPONSORSHIP_GROUP_NAME	5	[2026-08-19 O89] 후원사업 분류 **중위** — SPONSORSHIP_ABBR(코드)을 코드사전	-	SV_MEMBER_SPONSOR_BIZ	S1_노출됨
GOLD	WIDE_MEMBER_EVENT	SPONSORSHIP_NAME	30	DIM_SPONSORSHIP.SPONSORSHIP_NAME — 후원사업 전체 (#123)	-	SV_MEMBER_COHORT,SV_MEMBER_EVENT,SV_MEMBER_FEE,SV_MEMBER_SPONSOR_BIZ	S1_노출됨
GOLD	WIDE_MEMBER_EVENT	STOP_CHANNEL	3	중단채널	-	-	S3_SV미연결(신설·base확장)
GOLD	WIDE_MEMBER_EVENT	STOP_CHANNEL_NM	3	FACT_MEMBER_EVENT.STOP_CHANNEL_NM — 중단경로명. 코드그룹 **MM287(중단경로	-	SV_MEMBER_EVENT	S1_노출됨
GOLD	WIDE_MEMBER_EVENT	STOP_REASON	20	중단사유	-	-	S3_SV미연결(신설·base확장)
GOLD	WIDE_MEMBER_EVENT	STOP_REASON_NM	20	FACT_MEMBER_EVENT.STOP_REASON_NM — 중단사유명(정본 공#162). 코드그룹 **M	-	SV_MEMBER_EVENT	S1_노출됨
GOLD	WIDE_MEMBER_FEE	ACQ_AGE_BAND	12	획득 시점 연령대명(**CM014** 라벨) ← FACT_MEMBER_COHORT.ACQ_AGE_BAND. 	SV_MEMBER_FEE	SV_MEMBER_FEE	S1_노출됨
GOLD	WIDE_MEMBER_FEE	ACQ_BIZ_CASE_TYPE	4	[O205] 획득 캠페인의 사업사례구분 라벨 ← DIM_MEMBER_ACQUISITION.ACQ_BIZ_CA	SV_MEMBER_FEE	SV_MEMBER_FEE	S1_노출됨
GOLD	WIDE_MEMBER_FEE	ACQ_BRAND	67	획득 캠페인의 브랜드 ← DIM_CAMPAIGN.BRAND. 🔴획득 시점 귀속이며 회비 납입 대상과 무관하다	SV_MEMBER_FEE	SV_MEMBER_FEE	S1_노출됨
GOLD	WIDE_MEMBER_FEE	ACQ_CAMPAIGN_TYPE	57	[O205] 획득 캠페인의 캠페인카테고리(=주요캠페인) ← DIM_MEMBER_ACQUISITION.ACQ_	SV_MEMBER_FEE	SV_MEMBER_FEE	S1_노출됨
GOLD	WIDE_MEMBER_FEE	ACQ_CMMN_BRND_NM	16	[O205] 획득 캠페인의 공통브랜드(MM297 라벨) ← DIM_MEMBER_ACQUISITION.ACQ_	SV_MEMBER_FEE	SV_MEMBER_FEE	S1_노출됨
GOLD	WIDE_MEMBER_FEE	ACQ_CPR_DIV_NM	3	[O205] 획득 세부캠페인의 법인구분 라벨(CM019 통합/사단/사복) ← DIM_MEMBER_ACQUIS	SV_MEMBER_FEE	SV_MEMBER_FEE	S1_노출됨
GOLD	WIDE_MEMBER_FEE	ACQ_DEPARTMENT	277	🔴**획득(최초개발) 시점 부서**다. 개발실적보고의 「부서」(=사건 부서)와 다르다 — 사건 부서는 WID	SV_MEMBER_FEE	SV_MEMBER_FEE	S1_노출됨
GOLD	WIDE_MEMBER_FEE	ACQ_DOMESTIC_OVERSEAS	4	[O205] 획득 캠페인의 국내해외 구분 라벨 ← DIM_MEMBER_ACQUISITION.ACQ_DOMES	SV_MEMBER_FEE	SV_MEMBER_FEE	S1_노출됨
GOLD	WIDE_MEMBER_FEE	ACQ_INFLOW_PATH	12	[O205] 획득 캠페인의 개발인입경로(MM293 라벨) ← DIM_MEMBER_ACQUISITION.ACQ	SV_MEMBER_FEE	SV_MEMBER_FEE	S1_노출됨
GOLD	WIDE_MEMBER_FEE	ACQ_MKTG_UTM_NM	245	[O205] 획득 캠페인의 UTM 라벨 ← DIM_MEMBER_ACQUISITION.ACQ_MKTG_UTM_	SV_MEMBER_FEE	SV_MEMBER_FEE	S1_노출됨
GOLD	WIDE_MEMBER_FEE	ACQ_PROMO_METHOD_NAME	91	획득 캠페인의 홍보방법명 ← DIM_CAMPAIGN.PROMO_METHOD_NAME. 코드그룹 **CM008	SV_MEMBER_FEE	SV_MEMBER_FEE	S1_노출됨
GOLD	WIDE_MEMBER_FEE	ACQ_REGION	18	획득 시점 지역명(**CM018** 약칭 라벨) ← FACT_MEMBER_COHORT.ACQ_REGION. 	SV_MEMBER_FEE	SV_MEMBER_FEE	S1_노출됨
GOLD	WIDE_MEMBER_FEE	ACQ_SPNSR_DIV_NM	2	[O205] 획득 세부캠페인의 후원구분 라벨(CM035 정기후원/일시후원) ← DIM_MEMBER_ACQUI	SV_MEMBER_FEE	SV_MEMBER_FEE	S1_노출됨
GOLD	WIDE_MEMBER_FEE	ACQ_SPONSORSHIP_NAME	26	획득 시점 후원사업명 ← DIM_SPONSORSHIP.SPONSORSHIP_NAME. 코드 = ACQ_SPO	SV_MEMBER_FEE	SV_MEMBER_FEE	S1_노출됨
GOLD	WIDE_MEMBER_FEE	FEE_DIV_CD	4	회비구분 코드 raw. 코드그룹 **PM010(회비구분)**. [O51-D BRONZE 실측] 사전 4종이며	SV_MEMBER_FEE	SV_MEMBER_FEE	S1_노출됨
GOLD	WIDE_MEMBER_FEE	FEE_DIV_NAME	3	회비구분(PM010 실측 확정): 정기·선물금·일시·긴급구호. 🔴기부금 행은 원천이 NULL 이다 — 결측이	SV_MEMBER_FEE	SV_MEMBER_FEE	S1_노출됨
GOLD	WIDE_MEMBER_FEE	GENDER_NAME	5	DIM_MEMBER.GENDER_NAME — 성별 분석 라벨(정본 공#130). 코드그룹 **CM017(회원	SV_MEMBER_FEE	SV_MEMBER_FEE	S1_노출됨
GOLD	WIDE_MEMBER_FEE	MBER_DIV_CD	3	DIM_MEMBER.MBER_DIV_CD — 회원구분 원천코드 raw. 코드그룹 **MM018(회원구분)**	SV_MEMBER_FEE	SV_EVENT_PARTICIPATION,SV_MEMBER_EVENT,SV_MEMBER_MONTHLY,SV_SERVICE	S1_노출됨
GOLD	WIDE_MEMBER_FEE	MBER_STAT_CD	12	DIM_MEMBER.MBER_STAT_CD — 회원상태 원천코드 raw(정본 공#132). 코드그룹 **MM	SV_MEMBER_FEE	SV_EVENT_PARTICIPATION,SV_MEMBER_EVENT,SV_MEMBER_MONTHLY,SV_SERVICE	S1_노출됨
GOLD	WIDE_MEMBER_FEE	MEMBER_STATUS_NAME	13	DIM_MEMBER.MEMBER_STATUS_NAME — 회원상태명(MM010 라벨). 코드 = MBER_S	SV_MEMBER_FEE	SV_MEMBER_FEE	S1_노출됨
GOLD	WIDE_MEMBER_FEE	MEMBER_TYPE_NAME	3	DIM_MEMBER.MEMBER_TYPE_NAME — 회원구분명(MM018 라벨): 개인·기업·단체. 코드 	SV_MEMBER_FEE	SV_MEMBER_FEE	S1_노출됨
GOLD	WIDE_MEMBER_FEE	PAYMENT_METHOD_NAME	6	DIM_PAYMENT.SETTLE_METHOD — 결제수단 라벨. 코드그룹 **PM040(결제정보)**. 원	SV_MEMBER_FEE	SV_MEMBER_FEE	S1_노출됨
GOLD	WIDE_MEMBER_FEE	PAYMENT_TYPE	2	납입유형 = 회비/기부금. 🔴납부율·미납 분석은 회비만으로 스코프할 것 — 기부금은 원천에 청구(RQEST_	SV_MEMBER_FEE	SV_MEMBER_FEE	S1_노출됨
GOLD	WIDE_MEMBER_FEE	SETLE_CD	11	degenerate key: 결제수단 원본 코드 ← 원천 SETLE_CD(코드그룹 **PM040 결제정보**	SV_MEMBER_FEE	SV_MEMBER_FEE	S1_노출됨
GOLD	WIDE_MEMBER_FEE	SEX	8	DIM_MEMBER.SEX — 성별 원천코드 raw. 코드그룹 **CM013(성별)**. 코드사전 = 1국내	SV_MEMBER_FEE	SV_EVENT_PARTICIPATION,SV_MEMBER_EVENT,SV_MEMBER_MONTHLY,SV_SERVICE	S1_노출됨
GOLD	WIDE_MEMBER_FEE	SPONSORSHIP_DIV_NAME	2	[2026-08-19 O89] 납입 대상 후원사업 분류의 **최상위** — 정기일시후원구분 라벨(코드사전 C	SV_MEMBER_FEE	SV_MEMBER_EVENT,SV_MEMBER_SPONSOR_BIZ	S1_노출됨
GOLD	WIDE_MEMBER_FEE	SPONSORSHIP_GROUP_NAME	6	[2026-08-19 O89] 납입 대상 후원사업 분류의 **중위** — SPONSORSHIP_ABBR(코드	SV_MEMBER_FEE	SV_MEMBER_SPONSOR_BIZ	S1_노출됨
GOLD	WIDE_MEMBER_FEE	SPONSORSHIP_NAME	36	🔴**납입 대상** 후원사업 — 회비 행에 붙은 값이다(원천 SPNSR_BSNS_ID · 거의 전건 채움).	SV_MEMBER_FEE	SV_MEMBER_FEE	S1_노출됨
GOLD	WIDE_MEMBER_MONTHLY	AMOUNT_BAND1	88	후원금액대1 5만 (#72) 🔴🔴[O51-D 실측] **전건 NULL** — **팩트 컬럼 자체가 비어 있다	-	SV_MEMBER_MONTHLY	S1_노출됨
GOLD	WIDE_MEMBER_MONTHLY	AMOUNT_BAND2	296	후원금액대2 1만 (#73) 🔴🔴[O51-D 실측] **전건 NULL** — **팩트 컬럼 자체가 비어 있다	-	SV_MEMBER_MONTHLY	S1_노출됨
GOLD	WIDE_MEMBER_MONTHLY	DEV_TYPE	3	개발구분 (#121) 🔴🔴[O51-D 실측] **전건 NULL** — **팩트 컬럼 자체가 비어 있다**(`	-	SV_DEV_ACHIEVEMENT,SV_MEMBER_MONTHLY	S1_노출됨
GOLD	WIDE_MEMBER_MONTHLY	JOIN_PATH_CD	6	DIM_MEMBER.JOIN_PATH_CD — 가입경로 원천코드 raw. 코드그룹 **MM014(가입경로)*	-	-	S3_SV미연결(신설·base확장)
GOLD	WIDE_MEMBER_MONTHLY	MBER_DIV_CD	3	DIM_MEMBER.MBER_DIV_CD — 회원구분 원천코드 raw. 코드그룹 **MM018(회원구분)**	-	SV_EVENT_PARTICIPATION,SV_MEMBER_EVENT,SV_MEMBER_MONTHLY,SV_SERVICE	S1_노출됨
GOLD	WIDE_MEMBER_MONTHLY	MBER_STAT_CD	12	DIM_MEMBER.MBER_STAT_CD — 회원상태 원천코드 raw(정본 공#132 '회원상태코드'). 	-	SV_EVENT_PARTICIPATION,SV_MEMBER_EVENT,SV_MEMBER_MONTHLY,SV_SERVICE	S1_노출됨
GOLD	WIDE_MEMBER_MONTHLY	MEMBER_AGE_BAND	12	DIM_MEMBER.AGE_BAND — 연령대명 · **CM014** 라벨. 코드 = MEMBER_AGE_C	-	-	S3_SV미연결(신설·base확장)
GOLD	WIDE_MEMBER_MONTHLY	MEMBER_AREA_CD	19	DIM_MEMBER.AREA_CD — 지역 원천코드 raw. 코드그룹 **CM018**. 코드사전 = (1서	-	-	S3_SV미연결(신설·base확장)
GOLD	WIDE_MEMBER_MONTHLY	MEMBER_ENROLL_PATH_NAME	7	DIM_MEMBER.ENROLL_PATH_NAME — 가입경로명(MM014 라벨). 코드 = JOIN_PAT	-	-	S3_SV미연결(신설·base확장)
GOLD	WIDE_MEMBER_MONTHLY	MEMBER_FIRST_SPONSORSHIP	28	DIM_MEMBER.FIRST_SPONSORSHIP — 최초후원사업	-	-	S3_SV미연결(신설·base확장)
GOLD	WIDE_MEMBER_MONTHLY	MEMBER_GENDER_NAME	5	DIM_MEMBER.GENDER_NAME — 성별 분석 라벨(정본 공#130). 코드그룹 **CM017(회원	-	-	S3_SV미연결(신설·base확장)
GOLD	WIDE_MEMBER_MONTHLY	MEMBER_REGION	18	DIM_MEMBER.REGION — 지역명(정본 공#131) · **CM018** 약칭 라벨. 코드 = ME	-	-	S3_SV미연결(신설·base확장)
GOLD	WIDE_MEMBER_MONTHLY	MEMBER_STATUS_NAME	13	DIM_MEMBER.MEMBER_STATUS_NAME — 회원상태명(MM010 라벨  정본 공#132). 코	-	SV_EVENT_PARTICIPATION,SV_MEMBER_EVENT,SV_MEMBER_FEE,SV_MEMBER_MONTHLY,SV_MEMBER_STATUS_ASOF,SV_RELATION_ACTIVITY,SV_SERVICE	S1_노출됨
GOLD	WIDE_MEMBER_MONTHLY	MEMBER_TYPE_NAME	3	DIM_MEMBER.MEMBER_TYPE_NAME — 회원구분명(MM018 라벨): 개인·기업·단체. 코드 	-	SV_EVENT_PARTICIPATION,SV_MEMBER_EVENT,SV_MEMBER_FEE,SV_MEMBER_MONTHLY,SV_MEMBER_STATUS_ASOF,SV_SERVICE	S1_노출됨
GOLD	WIDE_MEMBER_MONTHLY	NEW_EXISTING_FLAG	2	신규/기존(시점귀속  #113) 🔴🔴[O51-D 실측] **전건 NULL** — **팩트 컬럼 자체가 비어 	-	SV_MEMBER_EVENT,SV_MEMBER_MONTHLY,SV_MEMBER_MONTHLY_KPI	S1_노출됨
GOLD	WIDE_MEMBER_MONTHLY	PERIOD_BAND1	8	후원기간대1 5년 (#74) 🔴🔴[O51-D 실측] **전건 NULL** — **팩트 컬럼 자체가 비어 있다	-	SV_MEMBER_MONTHLY	S1_노출됨
GOLD	WIDE_MEMBER_MONTHLY	PERIOD_BAND2	36	후원기간대2 1년 (#75) 🔴🔴[O51-D 실측] **전건 NULL** — **팩트 컬럼 자체가 비어 있다	-	SV_MEMBER_MONTHLY	S1_노출됨
GOLD	WIDE_MEMBER_MONTHLY	PREV_MBER_STAT_CD	12	DIM_MEMBER.PREV_MBER_STAT_CD — 상태전이의 **이전상태** 코드 raw(MM010).	-	-	S3_SV미연결(신설·base확장)
GOLD	WIDE_MEMBER_MONTHLY	PREV_MEMBER_STATUS_NAME	12	DIM_MEMBER.PREV_MEMBER_STATUS_NAME — 이전상태명(MM010 라벨). 코드 = P	-	SV_MEMBER_STATUS_ASOF	S1_노출됨
GOLD	WIDE_MEMBER_MONTHLY	REASON_CODE	91	DIM_REASON.REASON_CODE — 사유코드	-	-	S3_SV미연결(신설·base확장)
GOLD	WIDE_MEMBER_MONTHLY	REASON_NAME	91	DIM_REASON.REASON_NAME — 중단사유·미납사유 (#162·#82)	-	SV_MEMBER_MONTHLY	S1_노출됨
GOLD	WIDE_MEMBER_MONTHLY	REASON_TYPE	5	DIM_REASON.REASON_TYPE — 중단/미납 구분	-	SV_MEMBER_MONTHLY	S1_노출됨
GOLD	WIDE_MEMBER_MONTHLY	SEX	8	DIM_MEMBER.SEX — 성별 원천코드 raw. 코드그룹 **CM013(성별)**. 코드사전(BRONZ	-	SV_EVENT_PARTICIPATION,SV_MEMBER_EVENT,SV_MEMBER_MONTHLY,SV_SERVICE	S1_노출됨
GOLD	WIDE_MEMBER_MONTHLY	SEX_NM	8	DIM_MEMBER.SEX_NM — CM013 **원천 라벨 그대로**(국내(남자)/국내(여자)/외국인(남자	-	SV_EVENT_PARTICIPATION,SV_MEMBER_EVENT,SV_MEMBER_MONTHLY,SV_MSTR_SPNSR_DVLP,SV_SERVICE	S1_노출됨
GOLD	WIDE_MEMBER_MONTHLY	SPONSORSHIP_ABBR	6	DIM_SPONSORSHIP.SPONSORSHIP_ABBR — 약칭 (#124) 🔴🔴[O51-D 실측] **	-	-	S3_SV미연결(신설·base확장)
GOLD	WIDE_MEMBER_MONTHLY	SPONSORSHIP_DIV_NAME	2	[2026-08-19 O89] 후원사업 분류 **최상위** — 정기일시후원구분 라벨(코드사전 CM035): 	-	SV_MEMBER_EVENT,SV_MEMBER_SPONSOR_BIZ	S1_노출됨
GOLD	WIDE_MEMBER_MONTHLY	SPONSORSHIP_GROUP_NAME	6	[2026-08-19 O89] 후원사업 분류 **중위** — SPONSORSHIP_ABBR(코드)을 코드사전	-	SV_MEMBER_SPONSOR_BIZ	S1_노출됨
GOLD	WIDE_MEMBER_MONTHLY	SPONSORSHIP_NAME	34	DIM_SPONSORSHIP.SPONSORSHIP_NAME — 후원사업 전체 (#123) 🔴🔴[O51-D 실	-	SV_MEMBER_COHORT,SV_MEMBER_EVENT,SV_MEMBER_FEE,SV_MEMBER_SPONSOR_BIZ	S1_노출됨
GOLD	WIDE_MEMBER_MONTHLY_KPI	NEW_EXISTING_FLAG	2	None	SV_MEMBER_MONTHLY_KPI	SV_MEMBER_MONTHLY_KPI	S1_노출됨
GOLD	WIDE_MEMBER_SERVICE_COHORT	ACQ_AGE_BAND	12	획득 시점 연령대(CM014) — 현재 나이가 아니다.	SV_MEMBER_SERVICE_COHORT	SV_MEMBER_SERVICE_COHORT	S1_노출됨
GOLD	WIDE_MEMBER_SERVICE_COHORT	ACQ_BRAND	68	획득 캠페인 브랜드.	SV_MEMBER_SERVICE_COHORT	SV_MEMBER_COHORT,SV_MEMBER_FEE	S1_노출됨
GOLD	WIDE_MEMBER_SERVICE_COHORT	ACQ_CAMPAIGN_TYPE	57	획득 캠페인카테고리(주요캠페인).	SV_MEMBER_SERVICE_COHORT	SV_MEMBER_SERVICE_COHORT	S1_노출됨
GOLD	WIDE_MEMBER_SERVICE_COHORT	ACQ_CPR_DIV_NM	3	획득 세부캠페인 법인구분(CM019 통합/사단/사복).	SV_MEMBER_SERVICE_COHORT	SV_MEMBER_SERVICE_COHORT	S1_노출됨
GOLD	WIDE_MEMBER_SERVICE_COHORT	ACQ_GENDER	8	획득 시점 성별.	SV_MEMBER_SERVICE_COHORT	SV_MEMBER_SERVICE_COHORT	S1_노출됨
GOLD	WIDE_MEMBER_SERVICE_COHORT	ACQ_INFLOW_PATH	12	획득 개발인입경로(MM293).	SV_MEMBER_SERVICE_COHORT	SV_MEMBER_SERVICE_COHORT	S1_노출됨
GOLD	WIDE_MEMBER_SERVICE_COHORT	ACQ_REGION	18	획득 시점 지역(CM018) — 현재 거주지가 아니다.	SV_MEMBER_SERVICE_COHORT	SV_MEMBER_SERVICE_COHORT	S1_노출됨
GOLD	WIDE_MEMBER_SERVICE_COHORT	ACQ_SPONSORSHIP_NAME	29	획득 후원사업명(그 회원을 데려온 사업).	SV_MEMBER_SERVICE_COHORT	SV_MEMBER_SERVICE_COHORT	S1_노출됨
GOLD	WIDE_MEMBER_SERVICE_COHORT	CHRG_DEPT_NAMES	12	[O206] 그 연도 수신 발송의 템플릿 담당부서명(CRM_ORG · 여러 개면 ' · ' 로 이음). 처리	SV_MEMBER_SERVICE_COHORT	SV_MEMBER_SERVICE_COHORT	S1_노출됨
GOLD	WIDE_MEMBER_SERVICE_COHORT	D5_STOP_CHANNEL	3	그 첫 중단 사건의 중단경로 라벨.	SV_MEMBER_SERVICE_COHORT	SV_MEMBER_SERVICE_COHORT	S1_노출됨
GOLD	WIDE_MEMBER_SERVICE_COHORT	D5_STOP_REASON	13	그 첫 중단 사건의 중단사유 라벨.	SV_MEMBER_SERVICE_COHORT	SV_MEMBER_SERVICE_COHORT	S1_노출됨
GOLD	WIDE_MEMBER_SERVICE_COHORT	D5_STOP_SPONSORSHIP	13	그 첫 중단 사건이 끊은 후원사업명.	SV_MEMBER_SERVICE_COHORT	SV_MEMBER_SERVICE_COHORT	S1_노출됨
GOLD	WIDE_MEMBER_SERVICE_COHORT	FIRST_STOP_REASON_NM	20	최초 중단사유(획득 코호트 기준 · D5 중단사유와 다를 수 있다).	SV_MEMBER_SERVICE_COHORT	SV_MEMBER_COHORT	S1_노출됨
GOLD	WIDE_MEMBER_SERVICE_COHORT	MATCH_BASIS	3	[O206 A안] 그 수신 행이 서비스그룹에 든 근거 — '서비스코드'(발송코드 MS049 상위 서비스코드 	SV_MEMBER_SERVICE_COHORT	SV_MEMBER_SERVICE_COHORT	S1_노출됨
GOLD	WIDE_MEMBER_SERVICE_COHORT	SERVICE_GROUP_CD	4	서비스그룹 코드(O206 A안 · 서비스코드 우선 → 발송제목 보조) — SNG_INSTANT·PERSONA	SV_MEMBER_SERVICE_COHORT	SV_MEMBER_SERVICE_COHORT	S1_노출됨
GOLD	WIDE_MEMBER_SERVICE_COHORT	SERVICE_GROUP_NAME	4	서비스그룹 이름. 원천 서비스 카테고리명은 SVC_CATEGORY_NAMES 에 따로 있다(이 이름은 4그룹	SV_MEMBER_SERVICE_COHORT	SV_MEMBER_SERVICE_COHORT	S1_노출됨
GOLD	WIDE_MEMBER_SERVICE_COHORT	SVC_CATEGORY_NAMES	22	[O206] 그 연도 수신 발송의 원천 서비스 카테고리명(발송코드 MS049 상위코드명 · 여러 개면 ' ·	SV_MEMBER_SERVICE_COHORT	SV_MEMBER_SERVICE_COHORT	S1_노출됨
GOLD	WIDE_SERVICE_EVENT	DAY_OF_WEEK	7	DIM_DATE.DAY_OF_WEEK — 요일	-	SV_AD,SV_MEMBER_EVENT	S1_노출됨
GOLD	WIDE_SERVICE_EVENT	MBER_DIV_CD	3	DIM_MEMBER.MBER_DIV_CD — 회원구분 원천코드 raw. 코드그룹 **MM018(회원구분)**	-	SV_EVENT_PARTICIPATION,SV_MEMBER_EVENT,SV_MEMBER_MONTHLY,SV_SERVICE	S1_노출됨
GOLD	WIDE_SERVICE_EVENT	MBER_STAT_CD	12	DIM_MEMBER.MBER_STAT_CD — 회원상태 원천코드 raw(정본 공#132 '회원상태코드'). 	-	SV_EVENT_PARTICIPATION,SV_MEMBER_EVENT,SV_MEMBER_MONTHLY,SV_SERVICE	S1_노출됨
GOLD	WIDE_SERVICE_EVENT	MEMBER_AGE_BAND	12	DIM_MEMBER.AGE_BAND — 연령대명 · **CM014** 라벨. 코드 = MEMBER_AGE_C	-	-	S3_SV미연결(신설·base확장)
GOLD	WIDE_SERVICE_EVENT	MEMBER_AREA_CD	19	DIM_MEMBER.AREA_CD — 지역 원천코드 raw. 코드그룹 **CM018**. 코드사전 = (1서	-	-	S3_SV미연결(신설·base확장)
GOLD	WIDE_SERVICE_EVENT	MEMBER_GENDER_NAME	5	DIM_MEMBER.GENDER_NAME — 성별 분석 라벨(정본 공#130). 코드그룹 **CM017(회원	-	-	S3_SV미연결(신설·base확장)
GOLD	WIDE_SERVICE_EVENT	MEMBER_REGION	18	DIM_MEMBER.REGION — 지역명(정본 공#131) · **CM018** 약칭 라벨. 코드 = ME	-	-	S3_SV미연결(신설·base확장)
GOLD	WIDE_SERVICE_EVENT	MEMBER_STATUS_NAME	13	DIM_MEMBER.MEMBER_STATUS_NAME — 회원상태명(MM010 라벨  정본 공#132). 코	-	SV_EVENT_PARTICIPATION,SV_MEMBER_EVENT,SV_MEMBER_FEE,SV_MEMBER_MONTHLY,SV_MEMBER_STATUS_ASOF,SV_RELATION_ACTIVITY,SV_SERVICE	S1_노출됨
GOLD	WIDE_SERVICE_EVENT	MEMBER_TYPE_NAME	3	DIM_MEMBER.MEMBER_TYPE_NAME — 회원구분명(MM018 라벨): 개인·기업·단체. 코드 	-	SV_EVENT_PARTICIPATION,SV_MEMBER_EVENT,SV_MEMBER_FEE,SV_MEMBER_MONTHLY,SV_MEMBER_STATUS_ASOF,SV_SERVICE	S1_노출됨
GOLD	WIDE_SERVICE_EVENT	SEND_RESULT_CD	49	축B(통신사 결과) 코드 raw — MSG_AT 은 전송실패코드 · SND 는 통화상태. 🟢**conform	-	SV_SERVICE	S1_노출됨
GOLD	WIDE_SERVICE_EVENT	SEND_RESULT_GROUP	4	축B 코드군 ID — 코드사전 MS283 이 정의한 4종(공통·알림톡·SMS·MMS). 🟢리터럴 지정이 아니	-	SV_SERVICE	S1_노출됨
GOLD	WIDE_SERVICE_EVENT	SEND_RESULT_NAME	32	축B 라벨 (CRM_CODE 조인). 사전 초과값은 NULL 유지 + dbt warn 관측(DEC-17-B 	-	SV_SERVICE	S1_노출됨
GOLD	WIDE_SERVICE_EVENT	SEND_STATUS	7	발송상태 (#138)	-	SV_SERVICE	S1_노출됨
GOLD	WIDE_SERVICE_EVENT	SEND_STATUS_NAME	3	축A 라벨 (CRM_CODE 조인). 🔴EMAIL·SND 는 **의도적 NULL** — 코드값은 있으나 코드	-	SV_SERVICE	S1_노출됨
GOLD	WIDE_SERVICE_EVENT	SEND_TYPE	4	발송유형	-	-	S3_SV미연결(신설·base확장)
GOLD	WIDE_SERVICE_EVENT	SEND_TYPE_L	10	DIM_SEND_TYPE.SEND_TYPE_L — 발송구분(대) 분석 라벨(정본 공#133) ← SND_RE	-	-	S3_SV미연결(신설·base확장)
GOLD	WIDE_SERVICE_EVENT	SEND_TYPE_L_CD	12	DIM_SEND_TYPE.SEND_GBN_TOP — 발송구분(대) 코드 raw. 🔴🔴**이 값은 상세코드가 	-	-	S3_SV미연결(신설·base확장)
GOLD	WIDE_SERVICE_EVENT	SEND_TYPE_M	30	DIM_SEND_TYPE.SEND_TYPE_M — 발송구분(중) 분석 라벨(정본 공#134) ← SND_RE	-	-	S3_SV미연결(신설·base확장)
GOLD	WIDE_SERVICE_EVENT	SEND_TYPE_M_CD	16	DIM_SEND_TYPE.SEND_GBN_MID — 발송구분(중) 코드 raw ← SND_REQ_MST.SE	-	-	S3_SV미연결(신설·base확장)
GOLD	WIDE_SERVICE_EVENT	SEND_TYPE_S	61	DIM_SEND_TYPE.SEND_TYPE_S — 발송구분(소) 분석 라벨(정본 공#135) ← SND_RE	-	-	S3_SV미연결(신설·base확장)
GOLD	WIDE_SERVICE_EVENT	SEND_TYPE_S_CD	46	DIM_SEND_TYPE.SEND_GBN_BOT — 발송구분(소) 코드 raw ← SND_REQ_MST.SE	-	-	S3_SV미연결(신설·base확장)
GOLD	WIDE_SERVICE_EVENT	SERVICE_CHANNEL	5	DIM_SERVICE.CHANNEL — CRM_UMS / ADMIN	-	-	S3_SV미연결(신설·base확장)
GOLD	WIDE_SERVICE_EVENT	SERVICE_SUBTYPE	5	DIM_SERVICE.SUBTYPE — 발송/참여 subtype	-	-	S3_SV미연결(신설·base확장)
GOLD	WIDE_SERVICE_EVENT	SEX	8	DIM_MEMBER.SEX — 성별 원천코드 raw. 코드그룹 **CM013(성별)**. 코드사전(BRONZ	-	SV_EVENT_PARTICIPATION,SV_MEMBER_EVENT,SV_MEMBER_MONTHLY,SV_SERVICE	S1_노출됨
GOLD	WIDE_SERVICE_EVENT	SEX_NM	8	DIM_MEMBER.SEX_NM — CM013 **원천 라벨 그대로**(국내(남자)/국내(여자)/외국인(남자	-	SV_EVENT_PARTICIPATION,SV_MEMBER_EVENT,SV_MEMBER_MONTHLY,SV_MSTR_SPNSR_DVLP,SV_SERVICE	S1_노출됨
GOLD	WIDE_SPNSR_CLS_AGGR	AGGR_TY_NM	5	집계 유형명(감액/개발/중단/활동/회비)	SV_SPNSR_CLS_AGGR	SV_SPNSR_CLS_AGGR	S1_노출됨
GOLD	WIDE_SPNSR_CLS_AGGR	HDQ_BRNCH_GRP_NM	3	본부 지부 그룹 명	SV_SPNSR_CLS_AGGR	SV_SPNSR_CLS_AGGR	S1_노출됨
GOLD	WIDE_SPNSR_CLS_AGGR	NEW_EXST_DIV_NM	2	신규기존구분명	SV_SPNSR_CLS_AGGR	SV_SPNSR_CLS_AGGR	S1_노출됨
GOLD	WIDE_SPNSR_CLS_AGGR	SPNSR_BSNS_GRP_NM	11	후원 사업 그룹 명	SV_SPNSR_CLS_AGGR	SV_SPNSR_CLS_AGGR	S1_노출됨
GOLD	WIDE_TARGET_BIZ	DTL_DIV_NM	10	세부구분 원천 표기(채널 등 · 회원개발 유형만 · 그 외 NULL) · O190.	SV_TARGET_BIZ	SV_TARGET_BIZ	S1_노출됨
GOLD	WIDE_TARGET_BIZ	GOAL_TYPE_NM	9	목표 지표 유형 원천 표기 그대로(O190 · 9종): 건 = 후원사업·회원개발 / 명 = 월말활동회원 / 	SV_TARGET_BIZ	SV_TARGET_BIZ	S1_노출됨
GOLD	WIDE_TARGET_BIZ	NEW_OLD_DIV_NM	4	신규/기존 구분 원천 표기. 🔴 비율 유형에는 소계 행(합계·신규합계)이 있다 — 신규/기존과 함께 합산하면	SV_TARGET_BIZ	SV_TARGET_BIZ	S1_노출됨
GOLD	WIDE_TARGET_BIZ	ORG_DEPARTMENT	6	DIM_ORG.DEPARTMENT — 부서 (#116). 🔴SCD1(DEC-2) — current-value	SV_TARGET_BIZ	SV_TARGET_BIZ	S1_노출됨
GOLD	WIDE_TARGET_BIZ	ORG_DIV_NM	3	O188-E 조직구분(본부/지부/대면) — 원천 표기.	SV_TARGET_BIZ	SV_TARGET_BIZ	S1_노출됨
GOLD	WIDE_TARGET_BIZ	ORG_PATH	5	O188-E 조직표 부서 경로(DIM_ORG.ORG_PATH · 활성 조직 트리 · 매칭 실패 행은 NULL	SV_TARGET_BIZ	SV_TARGET_BIZ	S1_노출됨
GOLD	WIDE_TARGET_BIZ	SPONSORSHIP_NAME	10	DIM_SPONSORSHIP.SPONSORSHIP_NAME — 후원사업 전체 (#123)	SV_TARGET_BIZ	SV_MEMBER_COHORT,SV_MEMBER_EVENT,SV_MEMBER_FEE,SV_MEMBER_SPONSOR_BIZ	S1_노출됨
GOLD	WIDE_TARGET_BIZ	SRC_SPONSOR_BIZ_NM	15	원천 후원사업 표기 그대로 — 후원사업 유형 = 사업명 · 회원개발 유형 = 4그룹(국내/결연/해외프로젝트/	SV_TARGET_BIZ	SV_TARGET_BIZ	S1_노출됨
GOLD	WIDE_TARGET_BIZ	SRC_TEAM_NM	8	O188-E 원천 팀명(TEAM_NM) 그대로 — 조직 차원 매칭 실패(동명·비조직명) 행도 이 값으로 구분	SV_TARGET_BIZ	SV_TARGET_BIZ	S1_노출됨
GOLD	WIDE_TARGET_DEV	DEV_TYPE	3	개발구분 (#121 conform)	-	SV_DEV_ACHIEVEMENT,SV_MEMBER_MONTHLY	S1_노출됨
GOLD	WIDE_TARGET_DEV	ORG_DEPARTMENT	206	DIM_ORG.DEPARTMENT — 부서 (#116). 🔴SCD1(DEC-2) — current-value	-	SV_DEV_ACHIEVEMENT,SV_MEMBER_COHORT,SV_MEMBER_EVENT,SV_MEMBER_FEE,SV_TARGET_BIZ	S1_노출됨
MSTR	BCHLOG	LOGMSG	149	None	-	-	S0_대상외(중간산출·평가)
MSTR	BCHLOG	LOGPROC	9	None	-	-	S0_대상외(중간산출·평가)
MSTR	D_AGE_TERM_CD	AGE_TERM_CD	13	None	-	-	S0_대상외(중간산출·평가)
MSTR	D_AGE_TERM_CD	AGE_TERM_NM	13	None	-	SV_MSTR_SPNSR_DVLP	S0_대상외(중간산출·평가)
MSTR	D_BRND_CD	BRND_NM	99	None	-	SV_MSTR_SPNSR_DVLP	S0_대상외(중간산출·평가)
MSTR	D_BRND_CD	PR_MTH_LIST	69	None	-	-	S0_대상외(중간산출·평가)
MSTR	D_BRND_CD	USE_DEPT_CD	20	None	-	-	S0_대상외(중간산출·평가)
MSTR	D_BRND_CD	USE_YN	2	None	-	-	S0_대상외(중간산출·평가)
MSTR	D_CMMN_DTL_CD	CD_ATRB1	108	None	-	-	S0_대상외(중간산출·평가)
MSTR	D_CMMN_DTL_CD	CD_ATRB2	37	None	-	-	S0_대상외(중간산출·평가)
MSTR	D_CMMN_DTL_CD	CD_ATRB3	32	None	-	-	S0_대상외(중간산출·평가)
MSTR	D_CMMN_DTL_CD	CD_NM	359	None	-	-	S0_대상외(중간산출·평가)
MSTR	D_CMMN_DTL_CD	CD_TYP_CD	2	None	-	-	S0_대상외(중간산출·평가)
MSTR	D_CMMN_DTL_CD	RM	97	None	-	-	S0_대상외(중간산출·평가)
MSTR	D_CMMN_DTL_CD	USE_YN	2	None	-	-	S0_대상외(중간산출·평가)
MSTR	D_CMPGN_CD	CMPGN_DC	422	None	-	-	S0_대상외(중간산출·평가)
MSTR	D_CMPGN_CD	CMPGN_TRGET_CD	10	None	-	-	S0_대상외(중간산출·평가)
MSTR	D_CMPGN_CD	CPR_DIV_CD	3	None	-	-	S0_대상외(중간산출·평가)
MSTR	D_CMPGN_CD	MBRFEE_BNKB_LIST	25	None	-	-	S0_대상외(중간산출·평가)
MSTR	D_CMPGN_CD	PR_MTH_CD	95	None	-	SV_MEMBER_COHORT,SV_MEMBER_EVENT	S0_대상외(중간산출·평가)
MSTR	D_CMPGN_CD	SPNSR_DIV_CD	2	None	-	-	S0_대상외(중간산출·평가)
MSTR	D_CMPGN_CD	UPPER_CMPGN_YN	2	None	-	-	S0_대상외(중간산출·평가)
MSTR	D_CMPGN_CD	USE_DEPT_CD	113	None	-	-	S0_대상외(중간산출·평가)
MSTR	D_CMPGN_CD	USE_SCOPE	3	None	-	-	S0_대상외(중간산출·평가)
MSTR	D_CMPGN_CD	USE_YN	2	None	-	-	S0_대상외(중간산출·평가)
MSTR	D_CM_DEPT_INFO	ACMSLT_DEPT_YN	2	None	-	-	S0_대상외(중간산출·평가)
MSTR	D_CM_DEPT_INFO	USE_YN	2	None	-	-	S0_대상외(중간산출·평가)
MSTR	D_CPR_DIV_CD	CPR_DIV_CD	4	None	-	-	S0_대상외(중간산출·평가)
MSTR	D_CPR_DIV_CD	CPR_DIV_NM	4	None	-	SV_MEMBER_EVENT,SV_MSTR_SPNSR_DVLP,SV_TARGET_BIZ	S0_대상외(중간산출·평가)
MSTR	D_DEPT2_CD	ACMSLT_DEPT_YN	2	None	-	-	S0_대상외(중간산출·평가)
MSTR	D_DEPT2_CD	DEPT2_NM	261	None	-	SV_MSTR_SPNSR_DVLP	S0_대상외(중간산출·평가)
MSTR	D_DEPT2_CD	USE_YN	2	None	-	-	S0_대상외(중간산출·평가)
MSTR	D_DEPT3_CD	ACMSLT_DEPT_YN	2	None	-	-	S0_대상외(중간산출·평가)
MSTR	D_DEPT3_CD	DEPT3_NM	47	None	-	SV_MSTR_SPNSR_DVLP	S0_대상외(중간산출·평가)
MSTR	D_DEPT3_CD	USE_YN	2	None	-	-	S0_대상외(중간산출·평가)
MSTR	D_DEPT4_CD	ACMSLT_DEPT_YN	2	None	-	-	S0_대상외(중간산출·평가)
MSTR	D_DEPT4_CD	DEPT4_NM	9	None	-	SV_MSTR_SPNSR_DVLP	S0_대상외(중간산출·평가)
MSTR	D_DEPT4_CD	USE_YN	2	None	-	-	S0_대상외(중간산출·평가)
MSTR	D_DEPT_CD	ACMSLT_DEPT_YN	2	None	-	-	S0_대상외(중간산출·평가)
MSTR	D_DEPT_CD	DEPT_NM	355	None	-	SV_MSTR_SPNSR_DVLP	S0_대상외(중간산출·평가)
MSTR	D_DEPT_CD	USE_YN	2	None	-	-	S0_대상외(중간산출·평가)
MSTR	D_DVLP_DIV_CD	DVLP_DIV_CD	6	None	-	SV_MEMBER_EVENT,SV_MSTR_SPNSR_DVLP	S0_대상외(중간산출·평가)
MSTR	D_DVLP_DIV_CD	DVLP_DIV_NM	6	None	-	SV_MEMBER_EVENT,SV_MSTR_SPNSR_DVLP	S0_대상외(중간산출·평가)
MSTR	D_MBER_DVLP_GOAL_CD	MBER_DVLP_DIV_CD	3	None	-	-	S0_대상외(중간산출·평가)
MSTR	D_MBER_DVLP_GOAL_CD	STDR_MT	12	월(MM 2자리 — 원천 실측)	-	SV_ML_DVLP_FORECAST,SV_ML_FEATURE_IMPORTANCE,SV_ML_FEE_FORECAST,SV_ML_LTV_FORECAST,SV_ML_MEMBER_RISK,SV_ML_ONCE_CONVERSION,SV_ML_SPONSOR_RISK	S0_대상외(중간산출·평가)
MSTR	D_MBER_DVLP_GOAL_CD	STDYY	15	None	-	-	S0_대상외(중간산출·평가)
MSTR	D_PR_MTH_CD	PR_MTH_CD	122	None	-	SV_MEMBER_COHORT,SV_MEMBER_EVENT	S0_대상외(중간산출·평가)
MSTR	D_PR_MTH_CD	PR_MTH_NM	120	None	-	SV_MSTR_SPNSR_DVLP	S0_대상외(중간산출·평가)
MSTR	D_SEX_CD	SEX_CD	9	None	-	-	S0_대상외(중간산출·평가)
MSTR	D_SEX_CD	SEX_NM	9	None	-	SV_EVENT_PARTICIPATION,SV_MEMBER_EVENT,SV_MEMBER_MONTHLY,SV_MSTR_SPNSR_DVLP,SV_SERVICE	S0_대상외(중간산출·평가)
MSTR	D_SPNSR_BSNS_INFO	CPR_DIV_CD	3	None	-	-	S0_대상외(중간산출·평가)
MSTR	D_SPNSR_BSNS_INFO	DNTN_TY_CD	3	None	-	-	S0_대상외(중간산출·평가)
MSTR	D_SPNSR_BSNS_INFO	RM	5	None	-	-	S0_대상외(중간산출·평가)
MSTR	D_SPNSR_BSNS_INFO	SPNSR_BSNS_ABRV_CD	7	None	-	-	S0_대상외(중간산출·평가)
MSTR	D_SPNSR_BSNS_INFO	SPNSR_BSNS_NM	51	None	-	SV_MSTR_SPNSR_DVLP	S0_대상외(중간산출·평가)
MSTR	D_SPNSR_BSNS_INFO	SPNSR_DIV_CD	3	None	-	-	S0_대상외(중간산출·평가)
MSTR	D_SPNSR_BSNS_INFO	USE_YN	2	None	-	-	S0_대상외(중간산출·평가)
MSTR	D_SPNSR_BSNS_V	ACMSLT_DEPT_CD	355	None	-	SV_DEV_ACHIEVEMENT,SV_MEMBER_COHORT,SV_MEMBER_EVENT	S0_대상외(중간산출·평가)
MSTR	D_SPNSR_BSNS_V	JOIN_PATH_CD	6	None	-	-	S0_대상외(중간산출·평가)
MSTR	D_SPNSR_BSNS_V	SPNSR_DSCNTC_RSN_CD	28	None	-	-	S0_대상외(중간산출·평가)
MSTR	D_SPNSR_BSNS_V	SPNSR_DSCNTC_YN	2	None	-	-	S0_대상외(중간산출·평가)
MSTR	D_SPNSR_BSNS_V	STRD_MT	432	None	-	SV_MSTR_SPNSR_DVLP	S0_대상외(중간산출·평가)
MSTR	D_STRD_CAL_CD	BA	2	None	-	-	S0_대상외(중간산출·평가)
MSTR	D_STRD_CAL_CD	DD	31	None	-	-	S0_대상외(중간산출·평가)
MSTR	D_STRD_CAL_CD	DW	7	None	-	SV_AD,SV_BUDGET,SV_BUDGET_YEARLY,SV_DEV_ACHIEVEMENT,SV_EVENT_PARTICIPATION,SV_GA_BEHAVIOR,SV_MEMBER_COHORT,SV_MEMBER_EVENT,SV_MEMBER_FEE,SV_MEMBER_SERVICE_COHORT,SV_MEMBER_SPONSOR_BIZ,SV_MEMBER_STATUS_ASOF,SV_ML_DVLP_FORECAST,SV_ML_LTV_FORECAST,SV_ML_ONCE_CONVERSION,SV_RELATION_ACTIVITY,SV_SERVICE	S0_대상외(중간산출·평가)
MSTR	D_STRD_CAL_CD	HDAY_NM	2	None	-	-	S0_대상외(중간산출·평가)
MSTR	D_STRD_CAL_CD	HDAY_YN	2	None	-	-	S0_대상외(중간산출·평가)
MSTR	D_STRD_CAL_CD	MM	12	None	-	SV_AD,SV_MEMBER_FEE	S0_대상외(중간산출·평가)
MSTR	D_STRD_CAL_CD	QQ	4	None	-	-	S0_대상외(중간산출·평가)
MSTR	D_STRD_CAL_CD	YY	62	None	-	-	S0_대상외(중간산출·평가)
MSTR	D_STRD_DE_CD	STRD_QT	4	None	-	-	S0_대상외(중간산출·평가)
MSTR	D_STRD_DE_CD	STRD_YY	62	None	-	SV_MSTR_SPNSR_DVLP	S0_대상외(중간산출·평가)
MSTR	D_STRD_MT_CD	PPRE_YY_12_MT	62	None	-	-	S0_대상외(중간산출·평가)
MSTR	D_STRD_MT_CD	PRE_YY_12_MT	62	None	-	-	S0_대상외(중간산출·평가)
MSTR	D_STRD_MT_CD	STRD_MM	12	None	-	-	S0_대상외(중간산출·평가)
MSTR	D_STRD_MT_CD	STRD_QT	4	None	-	-	S0_대상외(중간산출·평가)
MSTR	D_STRD_MT_CD	STRD_YY	62	None	-	SV_MSTR_SPNSR_DVLP	S0_대상외(중간산출·평가)
MSTR	D_UP_CMPGN_CD	USE_YN	2	None	-	-	S0_대상외(중간산출·평가)
MSTR	F_MM_SPNSR_DVLP	ACMSLT_DEPT2_CD	254	None	-	-	S0_대상외(중간산출·평가)
MSTR	F_MM_SPNSR_DVLP	ACMSLT_DEPT3_CD	65	None	-	-	S0_대상외(중간산출·평가)
MSTR	F_MM_SPNSR_DVLP	ACMSLT_DEPT4_CD	8	None	-	-	S0_대상외(중간산출·평가)
MSTR	F_MM_SPNSR_DVLP	ACMSLT_DEPT_CD	328	None	-	SV_DEV_ACHIEVEMENT,SV_MEMBER_COHORT,SV_MEMBER_EVENT	S0_대상외(중간산출·평가)
MSTR	F_MM_SPNSR_DVLP	ACT_DEPT_CD	345	None	-	-	S0_대상외(중간산출·평가)
MSTR	F_MM_SPNSR_DVLP	AGE_TERM_CD	12	None	-	-	S0_대상외(중간산출·평가)
MSTR	F_MM_SPNSR_DVLP	AREA_CD	19	None	-	SV_MEMBER_MONTHLY	S0_대상외(중간산출·평가)
MSTR	F_MM_SPNSR_DVLP	CANCL_RDCAMT_RSN_CD	24	None	-	-	S0_대상외(중간산출·평가)
MSTR	F_MM_SPNSR_DVLP	CPR_DIV_CD	2	None	-	-	S0_대상외(중간산출·평가)
MSTR	F_MM_SPNSR_DVLP	DVLP_DIV_CD	5	None	-	SV_MEMBER_EVENT,SV_MSTR_SPNSR_DVLP	S0_대상외(중간산출·평가)
MSTR	F_MM_SPNSR_DVLP	MBER_DIV_CD	3	None	-	SV_EVENT_PARTICIPATION,SV_MEMBER_EVENT,SV_MEMBER_MONTHLY,SV_SERVICE	S0_대상외(중간산출·평가)
MSTR	F_MM_SPNSR_DVLP	MT_ADD_SPNSR_AMT_YN	2	None	-	-	S0_대상외(중간산출·평가)
MSTR	F_MM_SPNSR_DVLP	PRE_CMPGN_CD	339	None	-	-	S0_대상외(중간산출·평가)
MSTR	F_MM_SPNSR_DVLP	PR_MTH_CD	87	None	-	SV_MEMBER_COHORT,SV_MEMBER_EVENT	S0_대상외(중간산출·평가)
MSTR	F_MM_SPNSR_DVLP	SETLE_CD	7	None	-	SV_MEMBER_FEE	S0_대상외(중간산출·평가)
MSTR	F_MM_SPNSR_DVLP	SEX	8	None	-	SV_EVENT_PARTICIPATION,SV_MEMBER_EVENT,SV_MEMBER_MONTHLY,SV_SERVICE	S0_대상외(중간산출·평가)
MSTR	F_MM_SPNSR_DVLP	SPNSR_AMT_CD	5	None	-	-	S0_대상외(중간산출·평가)
MSTR	F_MM_SPNSR_DVLP	SPNSR_BSNS_ABRV_CD	5	None	-	-	S0_대상외(중간산출·평가)
MSTR	F_MM_SPNSR_DVLP	STRD_MT	34	None	-	SV_MSTR_SPNSR_DVLP	S0_대상외(중간산출·평가)
MSTR	F_MM_SPNSR_DVLP_SUM	ACMSLT_DEPT2_CD	254	실적부서2코드	SV_MSTR_SPNSR_DVLP	-	S0_대상외(중간산출·평가)
MSTR	F_MM_SPNSR_DVLP_SUM	ACMSLT_DEPT3_CD	65	실적부서3코드	SV_MSTR_SPNSR_DVLP	-	S0_대상외(중간산출·평가)
MSTR	F_MM_SPNSR_DVLP_SUM	ACMSLT_DEPT4_CD	8	실적부서4코드	SV_MSTR_SPNSR_DVLP	-	S0_대상외(중간산출·평가)
MSTR	F_MM_SPNSR_DVLP_SUM	ACMSLT_DEPT_CD	328	실적부서코드	SV_MSTR_SPNSR_DVLP	SV_DEV_ACHIEVEMENT,SV_MEMBER_COHORT,SV_MEMBER_EVENT	S0_대상외(중간산출·평가)
MSTR	F_MM_SPNSR_DVLP_SUM	ACT_DEPT_CD	345	활동부서코드	SV_MSTR_SPNSR_DVLP	-	S0_대상외(중간산출·평가)
MSTR	F_MM_SPNSR_DVLP_SUM	AGE_TERM_CD	12	연령대코드(원천 AGE)	SV_MSTR_SPNSR_DVLP	-	S0_대상외(중간산출·평가)
MSTR	F_MM_SPNSR_DVLP_SUM	AREA_CD	19	지역코드	SV_MSTR_SPNSR_DVLP	SV_MEMBER_MONTHLY	S0_대상외(중간산출·평가)
MSTR	F_MM_SPNSR_DVLP_SUM	CANCL_RDCAMT_RSN_CD	21	취소감액사유코드	SV_MSTR_SPNSR_DVLP	-	S0_대상외(중간산출·평가)
MSTR	F_MM_SPNSR_DVLP_SUM	CMPGN_CLS3_CD	2	캠페인구분 희망학교(후원사업 38 기준 산출)	SV_MSTR_SPNSR_DVLP	-	S0_대상외(중간산출·평가)
MSTR	F_MM_SPNSR_DVLP_SUM	CPR_DIV_CD	2	법인구분코드	SV_MSTR_SPNSR_DVLP	-	S0_대상외(중간산출·평가)
MSTR	F_MM_SPNSR_DVLP_SUM	DVLP_DIV_CD	5	개발구분코드	SV_MSTR_SPNSR_DVLP	SV_MSTR_SPNSR_DVLP	S0_대상외(중간산출·평가)
MSTR	F_MM_SPNSR_DVLP_SUM	MBER_DIV_CD	3	회원구분코드	SV_MSTR_SPNSR_DVLP	SV_EVENT_PARTICIPATION,SV_MEMBER_EVENT,SV_MEMBER_MONTHLY,SV_SERVICE	S0_대상외(중간산출·평가)
MSTR	F_MM_SPNSR_DVLP_SUM	MT_ADD_SPNSR_AMT_YN	2	증액여부	SV_MSTR_SPNSR_DVLP	-	S0_대상외(중간산출·평가)
MSTR	F_MM_SPNSR_DVLP_SUM	NEW_OLD_DIV_CD	2	신규기존구분	SV_MSTR_SPNSR_DVLP	-	S0_대상외(중간산출·평가)
MSTR	F_MM_SPNSR_DVLP_SUM	PRE_CMPGN_CD	114	직전캠페인코드	SV_MSTR_SPNSR_DVLP	-	S0_대상외(중간산출·평가)
MSTR	F_MM_SPNSR_DVLP_SUM	PR_MTH_CD	87	홍보방법코드(미매핑 9999 수용 위해 4자리)	SV_MSTR_SPNSR_DVLP	SV_MEMBER_COHORT,SV_MEMBER_EVENT	S0_대상외(중간산출·평가)
MSTR	F_MM_SPNSR_DVLP_SUM	RDCAMT_YN	2	감액여부	SV_MSTR_SPNSR_DVLP	-	S0_대상외(중간산출·평가)
MSTR	F_MM_SPNSR_DVLP_SUM	SETLE_CD	7	결제코드	SV_MSTR_SPNSR_DVLP	SV_MEMBER_FEE	S0_대상외(중간산출·평가)
MSTR	F_MM_SPNSR_DVLP_SUM	SEX	8	성별	SV_MSTR_SPNSR_DVLP	SV_EVENT_PARTICIPATION,SV_MEMBER_EVENT,SV_MEMBER_MONTHLY,SV_SERVICE	S0_대상외(중간산출·평가)
MSTR	F_MM_SPNSR_DVLP_SUM	SPNSR_AMT2_CD	13	후원금액2코드	SV_MSTR_SPNSR_DVLP	-	S0_대상외(중간산출·평가)
MSTR	F_MM_SPNSR_DVLP_SUM	SPNSR_AMT_CD	5	후원금액코드	SV_MSTR_SPNSR_DVLP	-	S0_대상외(중간산출·평가)
MSTR	F_MM_SPNSR_DVLP_SUM	SPNSR_BSNS_ABRV_CD	5	후원사업약칭코드	SV_MSTR_SPNSR_DVLP	-	S0_대상외(중간산출·평가)
MSTR	F_MM_SPNSR_DVLP_SUM	SPNSR_TERM2_CD	11	후원기간대2코드	SV_MSTR_SPNSR_DVLP	-	S0_대상외(중간산출·평가)
MSTR	F_MM_SPNSR_DVLP_SUM	SPNSR_TERM_CD	4	후원기간대코드	SV_MSTR_SPNSR_DVLP	-	S0_대상외(중간산출·평가)
MSTR	F_MM_SPNSR_DVLP_SUM	STRD_MT	34	기준년월	SV_MSTR_SPNSR_DVLP	SV_MSTR_SPNSR_DVLP	S0_대상외(중간산출·평가)
SERVING	EVAL_O211_AGENT_EXECUTIVE	INPUT_QUERY	21	None	-	-	S0_대상외(중간산출·평가)
SERVING	EVAL_O211_AGENT_EXECUTIVE_V2	INPUT_QUERY	21	None	-	-	S0_대상외(중간산출·평가)
SERVING	EVAL_O211_AGENT_MARKETING	INPUT_QUERY	14	None	-	-	S0_대상외(중간산출·평가)
SERVING	EVAL_O211_AGENT_MARKETING_V2	INPUT_QUERY	14	None	-	-	S0_대상외(중간산출·평가)
SERVING	EVAL_O211_AGENT_MEMBER	INPUT_QUERY	13	None	-	-	S0_대상외(중간산출·평가)
SERVING	ML_DVLP_FORECAST_V	SERIES_CD	101	계열코드(유형에 따라 캠페인 코드 / (전사))	SV_ML_DVLP_FORECAST	SV_ML_DVLP_FORECAST	S1_노출됨
SERVING	ML_DVLP_FORECAST_V	SERIES_NAME	101	계열명(마스터 조인 라벨 · 미매칭 NULL)	SV_ML_DVLP_FORECAST	SV_ML_DVLP_FORECAST	S1_노출됨
SERVING	ML_DVLP_FORECAST_V	SERIES_TYPE	2	계열유형: TOTAL·CAMPAIGN — 🔴 유형 간 합산은 중복계상 · 항상 고정·그룹 (부서·후원사업·신	SV_ML_DVLP_FORECAST	SV_ML_DVLP_FORECAST	S1_노출됨
SERVING	ML_DVLP_FORECAST_V	STDR_MT	2	예측 실행 기준월 YYYYMM [원천]	SV_ML_DVLP_FORECAST	SV_ML_DVLP_FORECAST	S1_노출됨
SERVING	ML_FEATURE_IMPORTANCE_V	ANALYSIS_TYPE	2	분석유형: CHANNEL_NEW_SPNSR · DVLP_INC — 🔴 하나로 고정(유형 내 합계=1)	SV_ML_FEATURE_IMPORTANCE	SV_ML_FEATURE_IMPORTANCE	S1_노출됨
SERVING	ML_FEATURE_IMPORTANCE_V	ANALYSIS_TYPE_NAME	2	분석유형 라벨	SV_ML_FEATURE_IMPORTANCE	SV_ML_FEATURE_IMPORTANCE	S1_노출됨
SERVING	ML_FEATURE_IMPORTANCE_V	FEATURE	12	피처명(사람이 지정한 후보) [원천]	SV_ML_FEATURE_IMPORTANCE	SV_ML_FEATURE_IMPORTANCE	S1_노출됨
SERVING	ML_FEATURE_IMPORTANCE_V	STDR_MT	2	분석 실행 기준월 YYYYMM [원천]	SV_ML_FEATURE_IMPORTANCE	SV_ML_FEATURE_IMPORTANCE	S1_노출됨
SERVING	ML_FEE_FORECAST_V	CMPGN_CTGR_CD	57	캠페인카테고리코드(예측 계열)	SV_ML_FEE_FORECAST	SV_ML_FEE_FORECAST	S1_노출됨
SERVING	ML_FEE_FORECAST_V	CMPGN_CTGR_NAME	57	캠페인카테고리명(캠페인 마스터 DISTINCT) — 미매칭 NULL	SV_ML_FEE_FORECAST	SV_ML_FEE_FORECAST	S1_노출됨
SERVING	ML_FEE_FORECAST_V	STDR_MT	2	예측 실행 기준월 YYYYMM	SV_ML_FEE_FORECAST	SV_ML_FEE_FORECAST	S1_노출됨
SERVING	ML_LTV_FORECAST_V	LTV_TYPE	2	LTV유형: MKTG_CHANNEL_AVG_MEMBER(마케팅채널 회원평균) · CMPGN_TOTAL(캠페인	SV_ML_LTV_FORECAST	SV_ML_LTV_FORECAST	S1_노출됨
SERVING	ML_LTV_FORECAST_V	LTV_TYPE_NAME	2	LTV유형 라벨	SV_ML_LTV_FORECAST	SV_ML_LTV_FORECAST	S1_노출됨
SERVING	ML_LTV_FORECAST_V	SERIES_CD	95	계열코드(유형별 마케팅채널 코드 / 캠페인코드) — 원천 컬럼명은 둘 다 MKTG_CHANNEL	SV_ML_LTV_FORECAST	SV_ML_LTV_FORECAST	S1_노출됨
SERVING	ML_LTV_FORECAST_V	SERIES_NAME	97	계열명(마케팅채널명 / 캠페인명 · 캠페인 마스터) — 미매칭 NULL	SV_ML_LTV_FORECAST	SV_ML_LTV_FORECAST	S1_노출됨
SERVING	ML_LTV_FORECAST_V	STDR_MT	2	예측 실행 기준월 YYYYMM	SV_ML_LTV_FORECAST	SV_ML_LTV_FORECAST	S1_노출됨
SERVING	ML_MEMBER_RISK_V	CHURN_CLASS	2	중단 예측 분류(모델 class) — 원천 중복행 중 하나라도 1 이면 1 · 업무 판정선 아님	SV_ML_MEMBER_RISK	SV_ML_MEMBER_RISK	S1_노출됨
SERVING	ML_MEMBER_RISK_V	CHURN_GRADE	3	중단위험 등급(F-4 · O190) — 기준월 내 백분위: 상위 10% 고위험 · 10~25% 주의 · 나머	SV_ML_MEMBER_RISK	SV_ML_MEMBER_RISK	S1_노출됨
SERVING	ML_MEMBER_RISK_V	INC_CLASS	2	증액 예측 분류(모델 class) — 원천 중복행 중 하나라도 1 이면 1	SV_ML_MEMBER_RISK	SV_ML_MEMBER_RISK	S1_노출됨
SERVING	ML_MEMBER_RISK_V	LOYAL_CLASS	2	충성회원 예측 분류(모델 class)	SV_ML_MEMBER_RISK	SV_ML_MEMBER_RISK	S1_노출됨
SERVING	ML_MEMBER_RISK_V	LOYAL_GRADE	4	장기회원 등급(F-4 · O190) — 기준월 내 백분위: 상위 5% 최상위 · 5~10% 상 · 10~25	SV_ML_MEMBER_RISK	SV_ML_MEMBER_RISK	S1_노출됨
SERVING	ML_MEMBER_RISK_V	STDR_MT	2	기준월 YYYYMM(모델 실행월) — 여러 기준월 합산은 중복계상	SV_ML_MEMBER_RISK	SV_ML_MEMBER_RISK	S1_노출됨
SERVING	ML_ONCE_CONVERSION_V	CONVERT_CLASS	2	전환 예측 분류(모델 class) — 업무 판정선 미확정	SV_ML_ONCE_CONVERSION	SV_ML_ONCE_CONVERSION	S1_노출됨
SERVING	ML_ONCE_CONVERSION_V	MEMBER_DIV_NAME	3	회원구분 라벨(현재 스냅샷)	SV_ML_ONCE_CONVERSION	SV_ML_ONCE_CONVERSION	S1_노출됨
SERVING	ML_ONCE_CONVERSION_V	REGIST_DEPT_NAME	24	등록부서명(DIM_ORG · 현재 스냅샷)	SV_ML_ONCE_CONVERSION	SV_ML_ONCE_CONVERSION	S1_노출됨
SERVING	ML_ONCE_CONVERSION_V	SEX_NAME	8	성별 라벨(SILVER.CRM_MEMBER 현재 스냅샷)	SV_ML_ONCE_CONVERSION	SV_ML_ONCE_CONVERSION	S1_노출됨
SERVING	ML_ONCE_CONVERSION_V	STDR_MT	2	기준월 YYYYMM(모델 실행월) — 여러 기준월 합산은 중복계상	SV_ML_ONCE_CONVERSION	SV_ML_ONCE_CONVERSION	S1_노출됨
SERVING	ML_SPONSOR_RISK_V	CHURN_CLASS	2	이탈 예측 분류(모델 class) — 업무 판정선 아님	SV_ML_SPONSOR_RISK	SV_ML_SPONSOR_RISK	S1_노출됨
SERVING	ML_SPONSOR_RISK_V	CHURN_GRADE	3	후원건 이탈위험 등급(F-4 · O190) — 기준월 내 후원건 백분위: 상위 5% 고위험 · 5~25% 주	SV_ML_SPONSOR_RISK	SV_ML_SPONSOR_RISK	S1_노출됨
SERVING	ML_SPONSOR_RISK_V	CMPGN_CTGR_CD	57	캠페인카테고리코드 [원천]	SV_ML_SPONSOR_RISK	SV_ML_SPONSOR_RISK	S1_노출됨
SERVING	ML_SPONSOR_RISK_V	CMPGN_CTGR_NAME	57	캠페인카테고리명(캠페인 마스터 DISTINCT · 코드당 1개 실측) — 미매칭 NULL	SV_ML_SPONSOR_RISK	SV_ML_SPONSOR_RISK	S1_노출됨
SERVING	ML_SPONSOR_RISK_V	SPNSR_BSNS_NAME	19	후원사업명(SILVER.CRM_SPONSORSHIP) — 미매칭 NULL	SV_ML_SPONSOR_RISK	SV_ML_SPONSOR_RISK	S1_노출됨
SERVING	ML_SPONSOR_RISK_V	STDR_MT	2	기준월 YYYYMM(모델 실행월) — 여러 기준월 합산은 중복계상	SV_ML_SPONSOR_RISK	SV_ML_SPONSOR_RISK	S1_노출됨
SERVING	MSTR_DVLP_GOAL_V	CLOSED_MONTH_YN	2	마감월 여부(Y = 최신 기준월보다 이전 · N = 최신 기준월(진행 중) 또는 미래 월)	SV_MSTR_SPNSR_DVLP	SV_MSTR_SPNSR_DVLP	S1_노출됨
SERVING	MSTR_DVLP_GOAL_V	DEPT2_NM	180	실적부서2(팀/지부) 명	SV_MSTR_SPNSR_DVLP	SV_MSTR_SPNSR_DVLP	S1_노출됨
SERVING	MSTR_DVLP_GOAL_V	DEPT3_NM	45	실적부서3(본부/지부) 명	SV_MSTR_SPNSR_DVLP	SV_MSTR_SPNSR_DVLP	S1_노출됨
SERVING	MSTR_DVLP_GOAL_V	DEPT4_NM	8	실적부서4(구분_팀) 명	SV_MSTR_SPNSR_DVLP	SV_MSTR_SPNSR_DVLP	S1_노출됨
SERVING	MSTR_DVLP_GOAL_V	DEPT_NM	263	실적부서명	SV_MSTR_SPNSR_DVLP	SV_MSTR_SPNSR_DVLP	S1_노출됨
SERVING	MSTR_DVLP_GOAL_V	DVLP_DIV_CD	5	개발구분코드(MSTR)	SV_MSTR_SPNSR_DVLP	SV_MSTR_SPNSR_DVLP	S1_노출됨
SERVING	MSTR_DVLP_GOAL_V	DVLP_DIV_NM	5	개발구분명 · 🔴 실질 목표는 신규만 있다(증액·재후원 목표 0)	SV_MSTR_SPNSR_DVLP	SV_MSTR_SPNSR_DVLP	S1_노출됨
SERVING	MSTR_DVLP_GOAL_V	STRD_MT	36	기준년월(YYYYMM 문자열)	SV_MSTR_SPNSR_DVLP	SV_MSTR_SPNSR_DVLP	S1_노출됨
SERVING	MSTR_DVLP_GOAL_V	STRD_YY	3	기준연도(YYYY 문자열)	SV_MSTR_SPNSR_DVLP	SV_MSTR_SPNSR_DVLP	S1_노출됨
SERVING	MSTR_DVLP_YE_TREND_BSNS_V	DVLP_DIV_CD	5	개발구분코드(MSTR)	SV_MSTR_SPNSR_DVLP	SV_MSTR_SPNSR_DVLP	S1_노출됨
SERVING	MSTR_DVLP_YE_TREND_BSNS_V	DVLP_DIV_NM	5	개발구분명	SV_MSTR_SPNSR_DVLP	SV_MSTR_SPNSR_DVLP	S1_노출됨
SERVING	MSTR_DVLP_YE_TREND_BSNS_V	SPNSR_BSNS2_NM	14	후원사업2 명(MSTR 재분류)	SV_MSTR_SPNSR_DVLP	SV_MSTR_SPNSR_DVLP	S1_노출됨
SERVING	MSTR_DVLP_YE_TREND_BSNS_V	STRD_YY	3	기준연도(YYYY 문자열)	SV_MSTR_SPNSR_DVLP	SV_MSTR_SPNSR_DVLP	S1_노출됨
SERVING	MSTR_DVLP_YE_TREND_V	DEPT2_NM	180	실적부서2(팀/지부) 명	SV_MSTR_SPNSR_DVLP	SV_MSTR_SPNSR_DVLP	S1_노출됨
SERVING	MSTR_DVLP_YE_TREND_V	DEPT3_NM	45	실적부서3(본부/지부) 명	SV_MSTR_SPNSR_DVLP	SV_MSTR_SPNSR_DVLP	S1_노출됨
SERVING	MSTR_DVLP_YE_TREND_V	DEPT4_NM	8	실적부서4(구분_팀) 명	SV_MSTR_SPNSR_DVLP	SV_MSTR_SPNSR_DVLP	S1_노출됨
SERVING	MSTR_DVLP_YE_TREND_V	DEPT_NM	263	실적부서명	SV_MSTR_SPNSR_DVLP	SV_MSTR_SPNSR_DVLP	S1_노출됨
SERVING	MSTR_DVLP_YE_TREND_V	DVLP_DIV_CD	5	개발구분코드(MSTR)	SV_MSTR_SPNSR_DVLP	SV_MSTR_SPNSR_DVLP	S1_노출됨
SERVING	MSTR_DVLP_YE_TREND_V	DVLP_DIV_NM	5	개발구분명 · 🔴 실질 목표는 신규만 있다	SV_MSTR_SPNSR_DVLP	SV_MSTR_SPNSR_DVLP	S1_노출됨
SERVING	MSTR_DVLP_YE_TREND_V	STRD_YY	3	기준연도(YYYY 문자열)	SV_MSTR_SPNSR_DVLP	SV_MSTR_SPNSR_DVLP	S1_노출됨
SERVING	MSTR_SPNSR_DVLP_V	AGE_TERM_CD	12	연령대코드	SV_MSTR_SPNSR_DVLP	-	S1_노출됨(라벨)
SERVING	MSTR_SPNSR_DVLP_V	AGE_TERM_NM	12	연령대명	SV_MSTR_SPNSR_DVLP	SV_MSTR_SPNSR_DVLP	S1_노출됨
SERVING	MSTR_SPNSR_DVLP_V	AREA_CD	19	시도코드(CM011 · 0·NULL = 라벨 없음)	SV_MSTR_SPNSR_DVLP	SV_MEMBER_MONTHLY	S1_노출됨
SERVING	MSTR_SPNSR_DVLP_V	AREA_NM	18	시도명(CM011 · 기타 = 원천 「기타」 · 코드 0 은 라벨이 없어 NULL)	SV_MSTR_SPNSR_DVLP	SV_MSTR_SPNSR_DVLP	S1_노출됨
SERVING	MSTR_SPNSR_DVLP_V	BRND_NM	65	브랜드명	SV_MSTR_SPNSR_DVLP	SV_MSTR_SPNSR_DVLP	S1_노출됨
SERVING	MSTR_SPNSR_DVLP_V	CANCL_RDCAMT_RSN_CD	21	중단·감액 사유코드 — 개발구분 후원중단 = MM005 · 감액 = MM002 · 그 외 NULL	SV_MSTR_SPNSR_DVLP	-	S1_노출됨(라벨)
SERVING	MSTR_SPNSR_DVLP_V	CANCL_RDCAMT_RSN_NM	24	중단·감액 사유명 — 후원중단 = 후원중단사유(MM005) · 감액 = 후원사업취소사유(MM002) · 그 	SV_MSTR_SPNSR_DVLP	SV_MSTR_SPNSR_DVLP	S1_노출됨
SERVING	MSTR_SPNSR_DVLP_V	CMMN_BRND_NM	16	공통브랜드(MM297 · 대분류 16종) — 원천 브랜드(BRND_NM · 세부 60여 종)의 상위 묶음이나	SV_MSTR_SPNSR_DVLP	SV_MSTR_SPNSR_DVLP	S1_노출됨
SERVING	MSTR_SPNSR_DVLP_V	CMPGN_CTGR_NM	57	캠페인카테고리(MM294 · 주요캠페인 · 세부 40여 종) — 캠페인유형2 와 교차 축(엄격한 하위 계층 	SV_MSTR_SPNSR_DVLP	SV_MSTR_SPNSR_DVLP	S1_노출됨
SERVING	MSTR_SPNSR_DVLP_V	CMPGN_TYPE1_NM	4	🆕 [O212-B] 캠페인유형(원천 COMMENT = 캠페인유형(국내/해외) · MM295 · 국내·해외·통	SV_MSTR_SPNSR_DVLP	SV_MSTR_SPNSR_DVLP	S1_노출됨
SERVING	MSTR_SPNSR_DVLP_V	CMPGN_TYPE2_NM	4	캠페인유형2(원천 COMMENT = 캠페인유형(사업/사례) · MM296 · 4종 = 사례·사업·굿즈·기타)	SV_MSTR_SPNSR_DVLP	SV_MSTR_SPNSR_DVLP	S1_노출됨
SERVING	MSTR_SPNSR_DVLP_V	CPR_DIV_CD	2	법인구분코드	SV_MSTR_SPNSR_DVLP	-	S1_노출됨(라벨)
SERVING	MSTR_SPNSR_DVLP_V	CPR_DIV_NM	2	법인구분명	SV_MSTR_SPNSR_DVLP	SV_MSTR_SPNSR_DVLP	S1_노출됨
SERVING	MSTR_SPNSR_DVLP_V	DEPT2_NM	180	실적부서2(팀/지부) 명	SV_MSTR_SPNSR_DVLP	SV_MSTR_SPNSR_DVLP	S1_노출됨
SERVING	MSTR_SPNSR_DVLP_V	DEPT3_NM	45	실적부서3(본부/지부) 명	SV_MSTR_SPNSR_DVLP	SV_MSTR_SPNSR_DVLP	S1_노출됨
SERVING	MSTR_SPNSR_DVLP_V	DEPT4_NM	8	실적부서4(구분_팀) 명	SV_MSTR_SPNSR_DVLP	SV_MSTR_SPNSR_DVLP	S1_노출됨
SERVING	MSTR_SPNSR_DVLP_V	DEPT_NM	263	실적부서명	SV_MSTR_SPNSR_DVLP	SV_MSTR_SPNSR_DVLP	S1_노출됨
SERVING	MSTR_SPNSR_DVLP_V	DVLP_DIV_CD	5	개발구분코드(MSTR)	SV_MSTR_SPNSR_DVLP	SV_MSTR_SPNSR_DVLP	S1_노출됨
SERVING	MSTR_SPNSR_DVLP_V	DVLP_DIV_NM	5	개발구분명(MSTR D_DVLP_DIV_CD)	SV_MSTR_SPNSR_DVLP	SV_MSTR_SPNSR_DVLP	S1_노출됨
SERVING	MSTR_SPNSR_DVLP_V	DVLP_INFLOW_PATH_NM	12	개발인입경로(MM293 · 12종 · 캠페인 모집채널)	SV_MSTR_SPNSR_DVLP	SV_MSTR_SPNSR_DVLP	S1_노출됨
SERVING	MSTR_SPNSR_DVLP_V	MBER_DIV_CD	3	회원구분코드(MM018)	SV_MSTR_SPNSR_DVLP	SV_EVENT_PARTICIPATION,SV_MEMBER_EVENT,SV_MEMBER_MONTHLY,SV_SERVICE	S1_노출됨
SERVING	MSTR_SPNSR_DVLP_V	MBER_DIV_NM	3	회원구분명(개인·기업·단체)	SV_MSTR_SPNSR_DVLP	SV_MSTR_SPNSR_DVLP	S1_노출됨
SERVING	MSTR_SPNSR_DVLP_V	NEW_OLD_DIV_CD	2	신규기존구분코드(MSTR · DMMM07 1=신규 2=기존 99=없음)	SV_MSTR_SPNSR_DVLP	-	S1_노출됨(라벨)
SERVING	MSTR_SPNSR_DVLP_V	NEW_OLD_DIV_NM	2	신규기존구분명(MSTR 원천 판정값 · 가입일 계산이 아니다)	SV_MSTR_SPNSR_DVLP	SV_MSTR_SPNSR_DVLP	S1_노출됨
SERVING	MSTR_SPNSR_DVLP_V	PRE_CMPGN_CD	113	직전캠페인코드 — 재후원·금액>0 에만 값 · 그 외 NULL	SV_MSTR_SPNSR_DVLP	-	S1_노출됨(라벨)
SERVING	MSTR_SPNSR_DVLP_V	PRE_CMPGN_NM	96	직전캠페인명(재후원 전 마지막 캠페인)	SV_MSTR_SPNSR_DVLP	SV_MSTR_SPNSR_DVLP	S1_노출됨
SERVING	MSTR_SPNSR_DVLP_V	PR_MTH_CD	87	홍보방법코드	SV_MSTR_SPNSR_DVLP	SV_MEMBER_COHORT,SV_MEMBER_EVENT	S1_노출됨
SERVING	MSTR_SPNSR_DVLP_V	PR_MTH_NM	85	홍보방법명	SV_MSTR_SPNSR_DVLP	SV_MSTR_SPNSR_DVLP	S1_노출됨
SERVING	MSTR_SPNSR_DVLP_V	SETLE_CD	7	결제수단코드(PM040)	SV_MSTR_SPNSR_DVLP	SV_MEMBER_FEE	S1_노출됨
SERVING	MSTR_SPNSR_DVLP_V	SETLE_NM	7	결제수단명(자동이체·신용카드·휴대폰·네이버페이 등)	SV_MSTR_SPNSR_DVLP	SV_MSTR_SPNSR_DVLP	S1_노출됨
SERVING	MSTR_SPNSR_DVLP_V	SEX_CD	8	성별코드	SV_MSTR_SPNSR_DVLP	-	S1_노출됨(라벨)
SERVING	MSTR_SPNSR_DVLP_V	SEX_NM	8	성별명(MSTR 표기)	SV_MSTR_SPNSR_DVLP	SV_MSTR_SPNSR_DVLP	S1_노출됨
SERVING	MSTR_SPNSR_DVLP_V	SPNSR_AMT2_CD	13	후원금액대2코드(DMMM09 · 후원사업별 최초 정상 개발건(신규·증액·재후원) 금액 구간 · 999 = 매	SV_MSTR_SPNSR_DVLP	-	S1_노출됨(라벨)
SERVING	MSTR_SPNSR_DVLP_V	SPNSR_AMT2_NM	13	후원금액대2명(1만원 단위 구간 · 최초 정상 개발금액 기준)	SV_MSTR_SPNSR_DVLP	SV_MSTR_SPNSR_DVLP	S1_노출됨
SERVING	MSTR_SPNSR_DVLP_V	SPNSR_AMT_CD	5	후원금액범위코드(CM012 · 원천 판정값 — 그 행 후원금액의 구간이 아니다)	SV_MSTR_SPNSR_DVLP	-	S1_노출됨(라벨)
SERVING	MSTR_SPNSR_DVLP_V	SPNSR_AMT_NM	5	후원금액범위명(CM012 · 원천 판정값)	SV_MSTR_SPNSR_DVLP	SV_MSTR_SPNSR_DVLP	S1_노출됨
SERVING	MSTR_SPNSR_DVLP_V	SPNSR_BSNS2_NM	14	후원사업2 명(MSTR 재분류)	SV_MSTR_SPNSR_DVLP	SV_MSTR_SPNSR_DVLP	S1_노출됨
SERVING	MSTR_SPNSR_DVLP_V	SPNSR_BSNS_ABRV_CD	5	후원약칭코드(CM003)	SV_MSTR_SPNSR_DVLP	-	S1_노출됨(라벨)
SERVING	MSTR_SPNSR_DVLP_V	SPNSR_BSNS_ABRV_NM	5	후원약칭명(국내·결연·해외 등)	SV_MSTR_SPNSR_DVLP	SV_MSTR_SPNSR_DVLP	S1_노출됨
SERVING	MSTR_SPNSR_DVLP_V	SPNSR_BSNS_NM	19	후원사업명	SV_MSTR_SPNSR_DVLP	SV_MSTR_SPNSR_DVLP	S1_노출됨
SERVING	MSTR_SPNSR_DVLP_V	SPNSR_TERM2_CD	11	후원기간대2코드(DMMM08 · 1년 단위)	SV_MSTR_SPNSR_DVLP	-	S1_노출됨(라벨)
SERVING	MSTR_SPNSR_DVLP_V	SPNSR_TERM2_NM	11	후원기간대2명(1년미만 ~ 10년이상 · 1년 단위)	SV_MSTR_SPNSR_DVLP	SV_MSTR_SPNSR_DVLP	S1_노출됨
SERVING	MSTR_SPNSR_DVLP_V	SPNSR_TERM_CD	4	후원기간대코드(CM016 · 첫 후원일 → 발생일 연수)	SV_MSTR_SPNSR_DVLP	-	S1_노출됨(라벨)
SERVING	MSTR_SPNSR_DVLP_V	SPNSR_TERM_NM	4	후원기간대명(1년 미만 · 1년 이상~5년 미만 · 5년 이상~10년 미만 · 10년 이상)	SV_MSTR_SPNSR_DVLP	SV_MSTR_SPNSR_DVLP	S1_노출됨
SERVING	MSTR_SPNSR_DVLP_V	STRD_MT	34	기준년월(YYYYMM 문자열)	SV_MSTR_SPNSR_DVLP	SV_MSTR_SPNSR_DVLP	S1_노출됨
