sv	dim	metric	groups	top6	sentinel	status
SV_MEMBER_EVENT	fme.MKTG_CHANNEL_NM_AT_EVENT	fme.CAMPAIGN_STOP_MEMBER_COUNT	124	-=429915 / 기타=107030 / 회원=101708 / META=37679 / HP=26299 / SBS=22857	-,기타,None	OK
SV_MEMBER_EVENT	member.MEMBER_ENROLL_PATH_NAME	fme.CAMPAIGN_STOP_MEMBER_COUNT	6	CRM=329271 / 외주콜센터=252503 / 모바일웹=160031 / 홈페이지=134860 / 모바일앱=6576 / REG=4294		OK
SV_MEMBER_EVENT	member.MEMBER_JOIN_CMMN_BRND_NM	fme.CAMPAIGN_STOP_MEMBER_COUNT	17	디지털=301126 / 교육기관=293208 / 영상광고=98105 / 지역개발=79214 / 방송=52663 / 재송출=15842	None	OK
SV_MEMBER_COHORT	acq_campaign.ACQ_MKTG_CHANNEL_NM	fmc.AVG_TENURE_DAYS	123	tvN=3260.581395 / ADN=1996.500000 / V3=1941.428571 / SBS=1794.606977 / 기타=1702.613196 / KBS=1650.527273	기타,-,None	OK
SV_MEMBER_COHORT	acq_sponsorship.ACQ_SPONSORSHIP_GROUP4_NAME	fmc.AVG_TENURE_DAYS	4	기타=2735.312378 / 결연=1248.094587 / 국내=1201.293057 / 해외프로젝트=869.111352	기타	OK
SV_MEMBER_SPONSOR_BIZ	campaign.CAMPAIGN_MKTG_CHANNEL_NM	fmsb.CURRENTLY_ACTIVE_MEMBERS	124	-=300893 / 회원=93747 / 기타=69127 / META=36821 / YOUTUBE=25553 / SBS=25297	-,기타,None	OK
SV_MEMBER_SPONSOR_BIZ	fmsb.SPNSR_JOIN_PATH_NM	fmsb.CURRENTLY_ACTIVE_MEMBERS	6	CRM=293995 / 외주콜센터=172221 / 모바일웹=137696 / 홈페이지=124125 / REG=30514 / 모바일앱=9570		OK
SV_MEMBER_SPONSOR_BIZ	sponsorship.SPONSORSHIP_GROUP4_NAME	fmsb.CURRENTLY_ACTIVE_MEMBERS	4	국내=299603 / 해외프로젝트=256736 / 결연=182462 / 기타=35364	기타	OK
SV_MEMBER_MONTHLY	member.MEMBER_ENROLL_PATH_NAME	fmm.ACTIVE_CNT_SUM	8	CRM=32139075.1749 / 외주콜센터=23036089.7338 / 홈페이지=17123092.0985 / 모바일웹=14452460.9142 / 모바일앱=741482.6290 / REG=279450.2600	None,(해당없음)	OK
SV_MEMBER_MONTHLY	member.MEMBER_JOIN_CMMN_BRND_NM	fmm.ACTIVE_CNT_SUM	17	디지털=33189626.9084 / 교육기관=26227746.4508 / 영상광고=10070194.1794 / 지역개발=5499048.3625 / 방송=5439086.6310 / 회원 콜개발=2462668.6651	None	OK
SV_SERVICE	member.MEMBER_ENROLL_PATH_NAME	fse.D5_GIFT_CNT	8	홈페이지=57433.8300 / CRM=54806.3420 / 외주콜센터=36920.0000 / 모바일웹=31749.1500 / 모바일앱=4430.2000 / REG=499.5000	(해당없음),None	OK
SV_SERVICE	member.MEMBER_JOIN_CMMN_BRND_NM	fse.D5_GIFT_CNT	17	디지털=104461.2700 / 교육기관=41753.5000 / 방송=9960.7000 / 지역개발=8614.0000 / 회원 콜개발=6850.4000 / 영상광고=3812.0000	None	OK
SV_SERVICE	fse.FRST_BRND_NM	fse.D5_GIFT_CNT	67	None=173934.1020 / PC광고마케팅=2156.7100 / 세계시민교육=1889.5000 / PC홈페이지=1293.7000 / PC공동캠페인=938.0000 / M광고마케팅=810.5100	None,기타	OK
SV_SERVICE	fse.LST_BRND_NM	fse.D5_GIFT_CNT	67	None=173911.1020 / 기존회원온라인개발=1979.4000 / 세계시민교육=1632.0500 / PC공동캠페인=1004.9000 / 콜 개발=917.0000 / 희망편지쓰기대회=779.0000	None,기타	OK
SV_SERVICE	fse.SEND_TYPE	fse.D5_GIFT_CNT	4	MSG_AT=139099.7520 / SND=27612.0700 / PSTMTR=13268.1000 / EMAIL=5859.1000		OK
SV_EVENT_PARTICIPATION	member.MEMBER_ENROLL_PATH_NAME	fep.AVG_PARTICIPATION_TIMES	7	CRM=738.634920 / 모바일웹=153.428023 / 홈페이지=79.549235 / 모바일앱=16.482023 / 외주콜센터=8.106221 / REG=2.953612	(해당없음)	OK
SV_RELATION_ACTIVITY	member.MEMBER_ENROLL_PATH_NAME	fra.DISTINCT_ACTIVITY_MEMBERS	7	외주콜센터=42458 / CRM=31310 / 홈페이지=26266 / 모바일웹=13876 / 모바일앱=2189 / REG=1274	None	OK
SV_MEMBER_STATUS_ASOF	msh.ENROLL_PATH_NAME	msh.MEMBER_COUNT	8	CRM=603195 / 외주콜센터=435535 / 모바일웹=290473 / 홈페이지=243920 / (해당없음)=177774 / REG=35321	(해당없음),None	OK
SV_GA_BEHAVIOR	src.UTM_CONTENT	fbq.AVG_ENGAGEMENT_RATE	134	info_card=1.0000000000 / facebook=1.0000000000 / donga=1.0000000000 / mychild30=1.0000000000 / O2_fine24=1.0000000000 / m=1.0000000000		OK
SV_GA_BEHAVIOR	src.UTM_TERM	fbq.AVG_ENGAGEMENT_RATE	108	260224_abroad_5=1.0000000000 / 260401_gnnews_page=1.0000000000 / 10y_pc=1.0000000000 / 240613_text_page=1.0000000000 / 250522_donga_pay=1.0000000000 / 250627_nsa=1.0000000000		OK
SV_AD	ad.BRDC_DIV	ad.CTR	7	None=0.286600 / 레귤러=None / 삼방송=None / 재방송=None / 송출오류=None / 본방송=None	None	OK
SV_AD	ad.CHANNEL_COMPANY_TYPE	ad.CTR	10	None=0.286600 / 종편=None / 케이블=None / CTV=None / 미확인=None / YOUTUBETV=None	None,미확인,기타	OK
SV_AD	ad.CTV_DIV	ad.CTR	5	CTV=0.582900 / None=0.285100 / 미확인=None / 기타=None / TV=None	None,미확인,기타	OK
SV_AD	ad.DAY_DIV	ad.CTR	4	None=0.286600 / 토=None / 주중=None / 일=None	None	OK
