name	decision	bytes
00_INDEX_이슈원장-001.md.UNLABELED-O167-pre-row	keep_newest	33072
00_INDEX_이슈원장.md.UNLABELED-prehub	keep_ref	10736
00_INDEX_이슈원장.md.UNLABELED-prehub.10	delete	12096
00_INDEX_이슈원장.md.UNLABELED-prehub.11	delete	12112
00_INDEX_이슈원장.md.UNLABELED-prehub.12	delete	12105
00_INDEX_이슈원장.md.UNLABELED-prehub.13	delete	12112
00_INDEX_이슈원장.md.UNLABELED-prehub.14	delete	12112
00_INDEX_이슈원장.md.UNLABELED-prehub.15	delete	12128
00_INDEX_이슈원장.md.UNLABELED-prehub.16	delete	12144
00_INDEX_이슈원장.md.UNLABELED-prehub.17	delete	12144
00_INDEX_이슈원장.md.UNLABELED-prehub.18	delete	12160
00_INDEX_이슈원장.md.UNLABELED-prehub.19	delete	12169
00_INDEX_이슈원장.md.UNLABELED-prehub.2	keep_ref	10752
00_INDEX_이슈원장.md.UNLABELED-prehub.20	delete	12160
00_INDEX_이슈원장.md.UNLABELED-prehub.21	delete	12176
00_INDEX_이슈원장.md.UNLABELED-prehub.22	delete	12192
00_INDEX_이슈원장.md.UNLABELED-prehub.23	delete	12192
00_INDEX_이슈원장.md.UNLABELED-prehub.24	delete	12208
00_INDEX_이슈원장.md.UNLABELED-prehub.25	delete	12224
00_INDEX_이슈원장.md.UNLABELED-prehub.26	delete	12213
00_INDEX_이슈원장.md.UNLABELED-prehub.27	delete	12224
00_INDEX_이슈원장.md.UNLABELED-prehub.28	delete	12213
00_INDEX_이슈원장.md.UNLABELED-prehub.29	delete	12384
00_INDEX_이슈원장.md.UNLABELED-prehub.3	delete	11552
00_INDEX_이슈원장.md.UNLABELED-prehub.30	delete	12544
00_INDEX_이슈원장.md.UNLABELED-prehub.31	delete	12512
00_INDEX_이슈원장.md.UNLABELED-prehub.32	delete	12560
00_INDEX_이슈원장.md.UNLABELED-prehub.33	delete	12576
00_INDEX_이슈원장.md.UNLABELED-prehub.34	delete	12743
00_INDEX_이슈원장.md.UNLABELED-prehub.35	delete	12752
00_INDEX_이슈원장.md.UNLABELED-prehub.36	delete	12768
00_INDEX_이슈원장.md.UNLABELED-prehub.37	delete	12800
00_INDEX_이슈원장.md.UNLABELED-prehub.38	delete	12768
00_INDEX_이슈원장.md.UNLABELED-prehub.39	delete	12777
00_INDEX_이슈원장.md.UNLABELED-prehub.4	delete	11551
00_INDEX_이슈원장.md.UNLABELED-prehub.40	delete	13104
00_INDEX_이슈원장.md.UNLABELED-prehub.41	delete	13120
00_INDEX_이슈원장.md.UNLABELED-prehub.42	delete	12102
00_INDEX_이슈원장.md.UNLABELED-prehub.43	delete	12112
00_INDEX_이슈원장.md.UNLABELED-prehub.44	delete	12112
00_INDEX_이슈원장.md.UNLABELED-prehub.45	delete	12103
00_INDEX_이슈원장.md.UNLABELED-prehub.46	delete	12192
00_INDEX_이슈원장.md.UNLABELED-prehub.47	delete	12190
00_INDEX_이슈원장.md.UNLABELED-prehub.48	delete	12189
00_INDEX_이슈원장.md.UNLABELED-prehub.49	delete	12190
00_INDEX_이슈원장.md.UNLABELED-prehub.5	delete	11552
00_INDEX_이슈원장.md.UNLABELED-prehub.50	delete	12208
00_INDEX_이슈원장.md.UNLABELED-prehub.51	delete	12208
00_INDEX_이슈원장.md.UNLABELED-prehub.52	delete	12208
00_INDEX_이슈원장.md.UNLABELED-prehub.53	delete	12796
00_INDEX_이슈원장.md.UNLABELED-prehub.54	delete	12832
00_INDEX_이슈원장.md.UNLABELED-prehub.55	delete	12864
00_INDEX_이슈원장.md.UNLABELED-prehub.56	delete	6624
00_INDEX_이슈원장.md.UNLABELED-prehub.57	delete	6192
00_INDEX_이슈원장.md.UNLABELED-prehub.58	delete	6192
00_INDEX_이슈원장.md.UNLABELED-prehub.59	delete	6192
00_INDEX_이슈원장.md.UNLABELED-prehub.6	keep_ref	11648
00_INDEX_이슈원장.md.UNLABELED-prehub.60	delete	6192
00_INDEX_이슈원장.md.UNLABELED-prehub.61	keep_ref	6192
00_INDEX_이슈원장.md.UNLABELED-prehub.62	delete	6832
00_INDEX_이슈원장.md.UNLABELED-prehub.63	delete	6831
00_INDEX_이슈원장.md.UNLABELED-prehub.64	delete	6831
00_INDEX_이슈원장.md.UNLABELED-prehub.65	delete	6832
00_INDEX_이슈원장.md.UNLABELED-prehub.66	delete	6832
00_INDEX_이슈원장.md.UNLABELED-prehub.67	delete	6832
00_INDEX_이슈원장.md.UNLABELED-prehub.68	delete	6832
00_INDEX_이슈원장.md.UNLABELED-prehub.69	delete	6831
00_INDEX_이슈원장.md.UNLABELED-prehub.7	delete	11648
00_INDEX_이슈원장.md.UNLABELED-prehub.70	delete	6832
00_INDEX_이슈원장.md.UNLABELED-prehub.71	delete	6592
00_INDEX_이슈원장.md.UNLABELED-prehub.72	delete	6592
00_INDEX_이슈원장.md.UNLABELED-prehub.73	delete	6590
00_INDEX_이슈원장.md.UNLABELED-prehub.74	delete	6592
00_INDEX_이슈원장.md.UNLABELED-prehub.75	delete	6592
00_INDEX_이슈원장.md.UNLABELED-prehub.76	delete	6592
00_INDEX_이슈원장.md.UNLABELED-prehub.77	delete	6592
00_INDEX_이슈원장.md.UNLABELED-prehub.78	delete	6592
00_INDEX_이슈원장.md.UNLABELED-prehub.79	delete	6592
00_INDEX_이슈원장.md.UNLABELED-prehub.8	delete	11712
00_INDEX_이슈원장.md.UNLABELED-prehub.80	delete	6592
00_INDEX_이슈원장.md.UNLABELED-prehub.81	delete	6608
00_INDEX_이슈원장.md.UNLABELED-prehub.82	delete	6608
00_INDEX_이슈원장.md.UNLABELED-prehub.83	delete	6608
00_INDEX_이슈원장.md.UNLABELED-prehub.84	delete	6816
00_INDEX_이슈원장.md.UNLABELED-prehub.85	delete	6804
00_INDEX_이슈원장.md.UNLABELED-prehub.86	delete	6816
00_INDEX_이슈원장.md.UNLABELED-prehub.87	delete	6804
00_INDEX_이슈원장.md.UNLABELED-prehub.88	delete	6816
00_INDEX_이슈원장.md.UNLABELED-prehub.89	delete	6816
00_INDEX_이슈원장.md.UNLABELED-prehub.9	delete	12080
00_INDEX_이슈원장.md.UNLABELED-prehub.90	delete	6816
00_INDEX_이슈원장.md.UNLABELED-prehub.91	delete	6816
00_INDEX_이슈원장.md.UNLABELED-prehub.92	delete	6816
00_INDEX_이슈원장.md.UNLABELED-prehub.93	delete	6816
00_INDEX_이슈원장.md.UNLABELED-prehub.94	delete	6816
00_INDEX_이슈원장.md.UNLABELED-prehub.95	delete	6804
00_INDEX_이슈원장.md.UNLABELED-prehub.96	delete	6804
00_INDEX_이슈원장.md.UNLABELED-prehub.97	delete	6816
00_INDEX_이슈원장.md.UNLABELED-prehub.98	delete	6816
00_INDEX_이슈원장.md.UNLABELED-prehub.99	delete	6816
00_INDEX_이슈원장.md.UNLABELED-prerebalance	delete	286704
00_INDEX_이슈원장.md.UNLABELED-prerebalance.2	delete	317200
00_INDEX_이슈원장.md.UNLABELED-prerebalance.3	delete	324560
00_INDEX_이슈원장.md.UNLABELED-prerebalance.4	delete	387017
00_INDEX_이슈원장.md.UNLABELED-prerebalance.5	delete	418480
00_INDEX_이슈원장.md.UNLABELED-prerebalance.6	delete	436809
01_세션이력.md.UNLABELED-prehub	keep_newest	31744
01_세션이력.md.UNLABELED-prehub.2	delete	35440
01_세션이력.md.UNLABELED-prehub.3	delete	35440
01_세션이력.md.UNLABELED-prehub.4	delete	24316
02_상태상세_대시보드_갱신형.md.UNLABELED-prehub	keep_newest	13584
02_상태상세_대시보드_갱신형.md.UNLABELED-prehub.2	delete	13584
02_상태상세_대시보드_갱신형.md.UNLABELED-prehub.3	delete	13584
02_상태상세_대시보드_갱신형.md.UNLABELED-prehub.4	delete	5616
03_이슈상세.md.UNLABELED-prehub	keep_newest	4208
06_BRONZE노출감사.csv.UNLABELED-regen	keep_ref	148614
06_BRONZE노출감사.csv.UNLABELED-regen.2	delete	155280
06_BRONZE노출감사.csv.UNLABELED-regen.3	delete	154568
06_BRONZE노출감사.csv.UNLABELED-regen.4	delete	161664
06_BRONZE노출감사.csv.UNLABELED-regen.5	keep_ref	166752
06_BRONZE노출감사.csv.UNLABELED-regen.6	delete	124240
06_BRONZE노출감사.csv.UNLABELED-regen.7	delete	169216
06_BRONZE노출감사.md.UNLABELED-regen	keep_newest	161440
06_BRONZE노출감사.md.UNLABELED-regen.2	delete	167600
06_BRONZE노출감사.md.UNLABELED-regen.3	delete	166894
06_BRONZE노출감사.md.UNLABELED-regen.4	delete	172880
06_BRONZE노출감사.md.UNLABELED-regen.5	delete	178240
06_BRONZE노출감사.md.UNLABELED-regen.6	delete	124640
06_BRONZE노출감사.md.UNLABELED-regen.7	delete	180608
06_BRONZE노출감사.xlsx.UNLABELED-regen	delete	56288
06_BRONZE노출감사.xlsx.UNLABELED-regen.2	keep_newest	56288
06_BRONZE노출감사.xlsx.UNLABELED-regen.3	delete	58016
06_BRONZE노출감사.xlsx.UNLABELED-regen.4	delete	58033
06_BRONZE노출감사.xlsx.UNLABELED-regen.5	delete	59520
06_BRONZE노출감사.xlsx.UNLABELED-regen.6	delete	60480
06_BRONZE노출감사.xlsx.UNLABELED-regen.7	delete	60336
06_BRONZE노출감사.xlsx.UNLABELED-regen.8	delete	60304
10_진단_원인분석.md.UNLABELED-prehub	keep_newest	27328
10_진단_원인분석.md.UNLABELED-prehub.2	delete	8384
20_현업확인_요청.md.UNLABELED-prehub	delete	10736
20_현업확인_요청.md.UNLABELED-prehub.10	delete	5616
20_현업확인_요청.md.UNLABELED-prehub.11	delete	5614
20_현업확인_요청.md.UNLABELED-prehub.12	delete	5616
20_현업확인_요청.md.UNLABELED-prehub.13	delete	5616
20_현업확인_요청.md.UNLABELED-prehub.14	delete	5616
20_현업확인_요청.md.UNLABELED-prehub.15	delete	5616
20_현업확인_요청.md.UNLABELED-prehub.16	keep_newest	5616
20_현업확인_요청.md.UNLABELED-prehub.2	delete	10822
20_현업확인_요청.md.UNLABELED-prehub.3	delete	10818
20_현업확인_요청.md.UNLABELED-prehub.4	delete	10832
20_현업확인_요청.md.UNLABELED-prehub.5	delete	10928
20_현업확인_요청.md.UNLABELED-prehub.6	delete	10928
20_현업확인_요청.md.UNLABELED-prehub.7	delete	5616
20_현업확인_요청.md.UNLABELED-prehub.8	delete	5616
20_현업확인_요청.md.UNLABELED-prehub.9	delete	5616
30_설계_의사결정.md.UNLABELED-prehub	keep_newest	20560
30_설계_의사결정.md.UNLABELED-prehub.10	delete	21488
30_설계_의사결정.md.UNLABELED-prehub.11	delete	21488
30_설계_의사결정.md.UNLABELED-prehub.12	delete	22800
30_설계_의사결정.md.UNLABELED-prehub.13	delete	22864
30_설계_의사결정.md.UNLABELED-prehub.14	delete	7376
30_설계_의사결정.md.UNLABELED-prehub.15	delete	7366
30_설계_의사결정.md.UNLABELED-prehub.16	delete	7680
30_설계_의사결정.md.UNLABELED-prehub.17	delete	7680
30_설계_의사결정.md.UNLABELED-prehub.18	delete	7680
30_설계_의사결정.md.UNLABELED-prehub.2	delete	20992
30_설계_의사결정.md.UNLABELED-prehub.3	delete	21008
30_설계_의사결정.md.UNLABELED-prehub.4	delete	21024
30_설계_의사결정.md.UNLABELED-prehub.5	delete	21200
30_설계_의사결정.md.UNLABELED-prehub.6	delete	21216
30_설계_의사결정.md.UNLABELED-prehub.7	delete	21352
30_설계_의사결정.md.UNLABELED-prehub.8	delete	21344
30_설계_의사결정.md.UNLABELED-prehub.9	delete	21502
30_설계_의사결정.md.UNLABELED-prerebalance	delete	256320
50_dbt_파이프라인_미결조치-009.md.UNLABELED-O167-pre	keep_newest	14080
50_dbt_파이프라인_미결조치-013.md.UNLABELED-O167-pre	keep_newest	17150
50_dbt_파이프라인_미결조치-014.md.UNLABELED-O167-pre	keep_newest	27776
50_dbt_파이프라인_미결조치-015.md.UNLABELED-O167-pre	keep_newest	16122
50_dbt_파이프라인_미결조치.md.UNLABELED-prehub	keep_newest	26304
50_dbt_파이프라인_미결조치.md.UNLABELED-prehub.2	delete	26624
50_dbt_파이프라인_미결조치.md.UNLABELED-prehub.3	delete	26624
50_dbt_파이프라인_미결조치.md.UNLABELED-prehub.4	delete	26688
50_dbt_파이프라인_미결조치.md.UNLABELED-prehub.5	delete	26720
50_dbt_파이프라인_미결조치.md.UNLABELED-prehub.6	delete	26790
50_dbt_파이프라인_미결조치.md.UNLABELED-prehub.7	delete	11008
50_dbt_파이프라인_미결조치.md.UNLABELED-prehub.8	delete	10999
50_dbt_파이프라인_미결조치.md.UNLABELED-prehub.9	delete	11008
50_dbt_파이프라인_미결조치.md.UNLABELED-prerebalance	delete	386832
90_해소완료_로그.md.UNLABELED-prehub	delete	6992
90_해소완료_로그.md.UNLABELED-prehub.2	keep_newest	7728
99_NEXT_SESSION-016.md.UNLABELED-O167-pre	keep_newest	34485
99_NEXT_SESSION-023.md.UNLABELED-O167-pre-handoff	keep_newest	17251
99_NEXT_SESSION.md.UNLABELED-prehub	delete	26592
99_NEXT_SESSION.md.UNLABELED-prehub.10	delete	36368
99_NEXT_SESSION.md.UNLABELED-prehub.11	delete	36624
99_NEXT_SESSION.md.UNLABELED-prehub.12	delete	36624
99_NEXT_SESSION.md.UNLABELED-prehub.13	delete	36832
99_NEXT_SESSION.md.UNLABELED-prehub.14	delete	36848
99_NEXT_SESSION.md.UNLABELED-prehub.15	delete	37046
99_NEXT_SESSION.md.UNLABELED-prehub.16	delete	37045
99_NEXT_SESSION.md.UNLABELED-prehub.17	delete	37072
99_NEXT_SESSION.md.UNLABELED-prehub.18	delete	37072
99_NEXT_SESSION.md.UNLABELED-prehub.19	delete	37272
99_NEXT_SESSION.md.UNLABELED-prehub.2	delete	32336
99_NEXT_SESSION.md.UNLABELED-prehub.20	delete	36032
99_NEXT_SESSION.md.UNLABELED-prehub.21	delete	36016
99_NEXT_SESSION.md.UNLABELED-prehub.22	delete	36256
99_NEXT_SESSION.md.UNLABELED-prehub.23	delete	36944
99_NEXT_SESSION.md.UNLABELED-prehub.24	delete	38128
99_NEXT_SESSION.md.UNLABELED-prehub.25	delete	38576
99_NEXT_SESSION.md.UNLABELED-prehub.26	delete	38752
99_NEXT_SESSION.md.UNLABELED-prehub.27	delete	38761
99_NEXT_SESSION.md.UNLABELED-prehub.28	delete	38768
99_NEXT_SESSION.md.UNLABELED-prehub.29	delete	38761
99_NEXT_SESSION.md.UNLABELED-prehub.3	delete	34576
99_NEXT_SESSION.md.UNLABELED-prehub.30	delete	39456
99_NEXT_SESSION.md.UNLABELED-prehub.31	delete	39632
99_NEXT_SESSION.md.UNLABELED-prehub.32	delete	39808
99_NEXT_SESSION.md.UNLABELED-prehub.33	delete	39984
99_NEXT_SESSION.md.UNLABELED-prehub.34	delete	39984
99_NEXT_SESSION.md.UNLABELED-prehub.35	delete	40000
99_NEXT_SESSION.md.UNLABELED-prehub.36	delete	40557
99_NEXT_SESSION.md.UNLABELED-prehub.37	delete	40576
99_NEXT_SESSION.md.UNLABELED-prehub.38	delete	40512
99_NEXT_SESSION.md.UNLABELED-prehub.39	delete	40743
99_NEXT_SESSION.md.UNLABELED-prehub.4	delete	35936
99_NEXT_SESSION.md.UNLABELED-prehub.40	delete	40782
99_NEXT_SESSION.md.UNLABELED-prehub.41	delete	40832
99_NEXT_SESSION.md.UNLABELED-prehub.42	delete	40809
99_NEXT_SESSION.md.UNLABELED-prehub.43	delete	40816
99_NEXT_SESSION.md.UNLABELED-prehub.44	delete	40822
99_NEXT_SESSION.md.UNLABELED-prehub.45	delete	40832
99_NEXT_SESSION.md.UNLABELED-prehub.46	delete	40946
99_NEXT_SESSION.md.UNLABELED-prehub.47	delete	40992
99_NEXT_SESSION.md.UNLABELED-prehub.48	delete	40982
99_NEXT_SESSION.md.UNLABELED-prehub.49	delete	38624
99_NEXT_SESSION.md.UNLABELED-prehub.5	delete	35936
99_NEXT_SESSION.md.UNLABELED-prehub.50	delete	38688
99_NEXT_SESSION.md.UNLABELED-prehub.51	delete	11698
99_NEXT_SESSION.md.UNLABELED-prehub.52	delete	11699
99_NEXT_SESSION.md.UNLABELED-prehub.53	delete	11699
99_NEXT_SESSION.md.UNLABELED-prehub.54	keep_newest	11712
99_NEXT_SESSION.md.UNLABELED-prehub.6	delete	36169
99_NEXT_SESSION.md.UNLABELED-prehub.7	delete	36176
99_NEXT_SESSION.md.UNLABELED-prehub.8	delete	36144
99_NEXT_SESSION.md.UNLABELED-prehub.9	delete	36288
99_NEXT_SESSION.md.UNLABELED-prerebalance	delete	463748
99_NEXT_SESSION.md.UNLABELED-prerebalance.2	delete	493312
99_NEXT_SESSION.md.UNLABELED-prerebalance.3	delete	503702
99_NEXT_SESSION.md.UNLABELED-prerebalance.4	delete	569088
SKILL.md.UNLABELED-prebuild	keep_newest	32048
SKILL.md.UNLABELED-prebuild.2	delete	32864
SKILL.md.UNLABELED-prebuild.3	delete	33232
SKILL.md.UNLABELED-prebuild.4	delete	35360
_crm_schema.yml.UNLABELED-O167-pre	keep_newest	51120
