ID,Agent,도구,SQL축,요약절,상세절,차트,영문,본문자수
S1,AGENT_EXECUTIVE,analyst_mstr_spnsr_dvlp,CMMN_BRND BRND_NM INFLOW_PATH CMPGN_TYPE2 CMPGN_CTGR,True,True,True,False,605
S1,AGENT_MEMBER,analyst_mstr_spnsr_dvlp,CMMN_BRND BRND_NM INFLOW_PATH CMPGN_TYPE2 CMPGN_CTGR,True,True,True,False,598
S1,AGENT_MARKETING,analyst_mstr_spnsr_dvlp,CMMN_BRND BRND_NM INFLOW_PATH CMPGN_TYPE2 CMPGN_CTGR,True,True,False,False,651
S2,AGENT_EXECUTIVE,analyst_mstr_spnsr_dvlp,CMMN_BRND BRND_NM INFLOW_PATH CMPGN_TYPE2 CMPGN_CTGR,True,True,True,False,544
S2,AGENT_MEMBER,analyst_mstr_spnsr_dvlp,CMMN_BRND BRND_NM INFLOW_PATH CMPGN_TYPE2 CMPGN_CTGR,True,True,True,False,849
S2,AGENT_MARKETING,analyst_mstr_spnsr_dvlp,CMMN_BRND BRND_NM INFLOW_PATH CMPGN_TYPE2 CMPGN_CTGR,True,True,True,False,476
S3,AGENT_EXECUTIVE,analyst_mstr_spnsr_dvlp,CMMN_BRND BRND_NM INFLOW_PATH CMPGN_TYPE2 CMPGN_CTGR,True,True,True,False,650
S3,AGENT_MEMBER,analyst_mstr_spnsr_dvlp,CMMN_BRND BRND_NM INFLOW_PATH CMPGN_TYPE2 CMPGN_CTGR,True,True,True,False,652
S3,AGENT_MARKETING,analyst_mstr_spnsr_dvlp,CMMN_BRND BRND_NM INFLOW_PATH CMPGN_TYPE2 CMPGN_CTGR,True,True,True,False,630
S4,AGENT_EXECUTIVE,analyst_mstr_spnsr_dvlp,CMMN_BRND BRND_NM INFLOW_PATH CMPGN_TYPE2 CMPGN_CTGR,True,True,True,False,795
S4,AGENT_MEMBER,analyst_mstr_spnsr_dvlp,CMMN_BRND BRND_NM INFLOW_PATH CMPGN_TYPE2 CMPGN_CTGR,True,True,True,False,784
S4,AGENT_MARKETING,analyst_mstr_spnsr_dvlp,CMMN_BRND BRND_NM INFLOW_PATH CMPGN_TYPE2 CMPGN_CTGR,True,True,True,False,703
S5,AGENT_EXECUTIVE,,,False,False,False,False,434
S5,AGENT_MEMBER,analyst_ml_member_risk,,True,True,False,False,948
S5,AGENT_MARKETING,analyst_ml_member_risk,,True,True,True,False,868
