요청부서,구분,세부구분,프롬프트,필수 조건값,세부 조건값,비고
회원실,중단예측,캠페인별 중단예측,주요캠페인(캠페인카테고리)을 대상으로 향후 12개월 내 중단확률을 예측해줘. 중단률이 높은 캠페인과 낮은 캠페인을 비교하고 캠페인별 회원 특성을 분석해줘.,"- 현재(분석기준 전월마감) 활동회원건수
- 최근 12개월 중단건수
- 최근 12개월 개발건수 (신규/증액/재후원 구분)
- 회원 특성 분포 (연령대, 납입방식, 가입후유지기간)
- 납입이력 (미납횟수, 미납사유)","1) 기본 입력값
 - 분석기준일: {YYYY-MM-DD}
 - 분석대상: 개발인입경로 또는 캠페인카테고리 기준
 - 예측기간: 향후 12개월
 - 내부기준 선별된 주요캠페인 기준 
2)필요 데이터 (주요캠페인별)
 - 현재(분석기준 전월마감) 활동회원건수
 - 최근 12개월 중단건수
 - 최근 12개월 개발건수 (신규/증액/재후원 구분)
 - 회원 특성 분포 (연령대, 납입방식, 가입후유지기간)
 - 납입이력 (미납횟수, 미납사유)                   3) 캠페인별 중단율 산출                            - 월평균 중단율
- 연간 중단율
- 향후 12개월 예상 중단건수
- 위험등급 (전체캠페인 평균 중단율 대비 1.5배이상의 중단율일때 고위험, 1배~1.5배미만일때 주의, 평균 미만일때 양호)
*위험등급을 선정할때 전체캠페인 평균 중단율을 기준으로 하나, 보조지표도 참고해야할것으로 보임. 
-> 캠페인별 미납회원 비율(최근 3개월 내 1회이상 미납이면 고위험군으로 갈 확률있다고 판단)
-> 신규회원 비율(캠페인별 개발회원 가입 후 6개월 미만회원비중이 높은 경우 초기이탈위험이 있다고 판단)
4) 캠페인별 회원특성 
 - 평균 활동기간
 - 신규회원 비중
 - 미납회원 비중 
 - 평균 후원금액
 - 연령대 분포
 - 납입방식 분포
 - 과거 중단 후 재후원회원 비중
5) 결과
 - 캠페인별 중단 위험표 (캠페인명, 활동회원수, 연간중단율, 12개월예상중단건수, 주요위험요인, 위험등급)
 - 고위험 vs 저위험 캠페인 비교표 (상위 5개 고위험 캠페인, 하위 5개 저위험 캠페인 비교, 회원특성 항목별 비교)
 - 캠페인별 회원 특성분석
 - 시각화 (캠페인별 중단위험도 막대그래프 색상 구분하여), 고위험/저위험 캠페인특성 비교 레이더차트, 중단율 추이 꺾은선 그래프
 - 인사이트",
,,중단 고위험군 예측,현재 활동회원 중 향후 6개월 이내 중단 가능성이 높은 회원을 예측하고 위험도별로 등급으로 분류해줘. 해당회원들의 특성을 분석하고 중단을 방어하기 위한 유지전략을 제안해줘.,"- 회원번호 기준 가입일, 연령대, 성별, 지역
- 회원의 활동중인 후원사업, 캠페인, 월별납입회비, 신규기존구분, 유지기간, 납입방식, 미납횟수 등
- 회원의 후원 증액횟수, 감액횟수, 후원사업변경횟수
- 회원이 발송받은 알림톡,메일 오픈여부, 행사참여여부","1) 중단위험등급 산출식을 어떻게 해야할까,,,,",
,회비예측,연사업 회비예측,{차년도} 연간 회비를 예측해줘.,"-차년도 개발목표(월별/후원사업별/부서별/신규기존별), 당해년도 12월말 예상 활동회원명,건","1) 예측년도: {YYYY-MM}                            -연도초활동회원: {당해년도 12월말 활동회원 예상치}
- 후원사업별 개발목표: 신규본부/신규지부/기존 구분된 월별 목표
2) 산출 기준(후원사업별)
- 활동율: 최근 3개년 최저치 / 평균치 / 최고치 기준
- 납입율: 최근 3개년 최저치 / 평균치/ 최고치 기준
- 중단율: 최근 3개년 최저치 / 평균치 / 최고치 기준
- 감액율: (후원사업변경건수 + 감액건수) / 누계개발건수
3) 결과
- 후원사업별 월별 예측표 (개발/중단/감액/활동/회비)
- 통합 회비예측 요약 (전년대비 증감)
- 시나리오별 비교 (1안 vs 2안) 
4) 인사이트
- 개발목표 대비 회비 볼륨 적정성 평가
- 캠페인별 리스크 요인 (미납율 높은 사업, 활동율 낮은 사업)","*기존 마감기준 회비예측파일 수식으로 스트림릿 자동화리포트 가능?                                       -차년도 연간회비는 당해년도 12월경 예측                                 -차년도 개발목표 기준으로 당해년도 후원사업별 중단율/납입율 조정을 통해 수기로 차년도 회비 산출해왔음. 그래서 최저치,평균치,최고치 3개안은 기본으로 도출되어야함.                                      -보통 연사업회비예측의 경우 후원사업별 신규본부/신규지부/기존 회원의 중단율과 납입율을 미세조정하여 시나리오를 최대 7안~10안까지 비교하고있어 이렇게 미세조정이 가능한 예측이 되도록 해야함"
,,월 회비예측,{기준년월} 마감 데이터로 {기준연도} 연도말 회비를 예측해줘.,"-기준년월, 후원사업별 개발목표, 연도초 활동회원명,건,  전월실측치","1) 기준년월: {YYYY-MM}                             2) 후원사업별 산출 (신규본부/신규지부/기존 구분)
- 월말활동회원건수(신규) = 신규누계개발건수 × 활동율
- 월말활동회원건수(기존) = (기존개발누계 + 연도초활동회원건수) × 활동율
- 중단건수(신규) = 누계개발건수 × 중단율
- 중단건수(기존) = (전월말활동회원건수 + 신규개발건수) × 중단율
- 회비 = 활동회원건수 × (납입율 × 10,000)  
3) 예측 로직
- 마감월까지: 실측치 반영
- 잔여월: 최근 3개년 동월 평균 활동율/납입율/중단율 적용
- 후원사업: 후원사업 총 11개 
4) 결과
- 후원사업별 연도말 예측표 (개발건, 활동건, 중단건, 회비)
- 연사업 목표 대비 증감 비교표
- 월별 추이 그래프 (실측 vs 예측)   
5) 인사이트
- 연사업 대비 회비 증감 사유 분석
- 주요 리스크 후원사업 식별
- 잔여월 회비 확보 방안 제안",*기존 마감기준 회비예측파일 수식으로 스트림릿 자동화리포트 가능?
,,추경 회비예측,"{기준월} 마감 기준, {기준연도} 연도말 추경 회비를 예측해줘.","-기준월까지의 누적실측치, 잔여월 추경개발목표","1) 입력 데이터
- 기준월: {YYYY-MM} (보통 9월)
- 잔여월: {10월~12월}
- 누적실적: 1월~기준월 실측치 
2) 산출 로직
- 1월~기준월: 실측치 고정
- 잔여월 예측:
  · 개발: 추경 개발목표 반영
  · 중단: 전년동월 중단율 x 조정계수(추이기반 최근 3개월 평균치)
  · 활동회원: 전월말활동 + 개발 - 중단
  · 회비: 활동회원 × 납입율 × 10,000  
3) 예측 기준
- 연사업 목표보다 높게 (실현가능 목표)
- 실측 추세보다 낮게 (보수적 예측)
- 후원사업별 11~12월 개발 시기 특성 반영
4) 결과
1) 후원사업별(신규본부/신규지부/기존) 잔여월 예측표
2) 연사업 vs 추경 1안,2안,3안.... 비교표
3) 월별 누계 추이 (실측 + 예측)","*기존 마감기준 회비예측파일 수식으로 스트림릿 자동화리포트 가능?                                           -추경회비예측은 주로 4분기 3개월치 예측으로 연도말까지 진행예정인 캠페인(후원사업)과 최근 3개년 하반기 중단율, 미납율 등을 적용하여 예측"
,,  회비 시나리오별    예측,{연도} 회비를 시나리오별로 시뮬레이션해줘.,"-개발목표, 활동율, 납입율, 중단율 등 내부목표 및 실제 실적","1) 기본 시나리오
- 개발목표 입력
- 활동율/납입율/중단율 입력                    2) 시나리오 변형
- 안정: 활동율 +2%p, 납입율 +1%p, 중단율 -1%p
- 보수: 활동율 -2%p, 납입율 -1%p, 중단율 +1%p 
- 최저: 활동율 -5%p, 납입율 -3%p, 중단율 +3%p  
3) 민감도 분석
- 개발목표 ±10% 변동 시 회비에 미치는 영향
- 주요 캠페인별 중단율 회비에 미치는 영향    
4) 결과
- 시나리오별 연간 회비 예측표
- 민감도 분석 차트
5) 인사이트
- 목표 달성 확률 제시
- 리스크 방어 전략 제안
- 의사결정 기준 제시",-본 예측 조건(시나리오변형)을 상시 변경입력하여 예측하는 것이 가능한가?
,,캠페인별 회비예측,"{기준년월} 기준, 주요 캠페인(캠페인카테고리)별 향후 12개월 회비를 예측해줘. 캠페인별 회비 기여도와 위험요인을 분석하고, 회비 확보를 위한 캠페인 운영 전략을 제안해줘.","- 캠페인별 현재 활동회원건수 (분석기준 전월마감)
- 캠페인별 최근 12개월 개발건수 (신규/증액/재후원 구분)
- 캠페인별 최근 12개월 중단건수/중단율
- 캠페인별 납입이력 (청구금액, 납입금액, 납입율, 미납율)
- 캠페인별 평균 후원금액
- 캠페인별 회원 특성 (납입방식, 연령대, 유지기간 분포)","1) 기본 입력값
 - 분석기준일: {YYYY-MM-DD}
 - 분석대상: 캠페인카테고리 기준 (또는 캠페인카테고리 내 내부선정 주요캠페인 기준)
 - 예측기간: 향후 12개월

2) 캠페인별 데이터 (주요캠페인별)
 - 현재 활동회원건수
 - 월평균 회비 (최근 12개월)
 - 평균 후원금액 (건당 10,000원 환산)
 - 납입율/미납율 (최근 3개년 평균, 최저, 최고)
 - 중단율 (최근 3개년 평균, 최저, 최고)
 - 신규회원 비중 (6개월 미만 회원 비율)

3) 회비 산출 로직 (캠페인별)
 - 월말예상활동건수 = 전월활동건수 + 개발건수 - 중단건수
 - 예상회비 = 월말예상활동건수 × 평균후원금액 × 납입율
 - 이론적최대회비 = 월말예상활동건수 × 평균후원금액
 - 미납손실 = 이론적최대회비 - 예상회비

4) 시나리오 (캠페인별 3안)
 - 최고: 납입율 최고치, 중단율 최저치 적용
 - 안정: 납입율/중단율 평균치 적용
 - 보수: 납입율 최저치, 중단율 최고치 적용

5) 캠페인 위험등급 산출
 - 고위험: 당해년도 평균미납율 또는 당해년도 중단율 전체평균 1.5배 이상
 - 주의: 당해년도 평균미납율 또는 중단율 전체평균 1~1.5배
 - 양호: 당해년도 평균미납율 및 중단율 전체평균 미만

6) 결과
 - 캠페인별 월별 회비예측표 (활동건수, 예상회비, 이론적최대, 미납손실)
 - 캠페인별 회비 기여도 순위 (전체 회비 대비 비중)
 - 캠페인별 위험요인 분석표 (미납율, 중단율, 신규비중, 위험등급)
 - 시나리오별 캠페인 회비 비교표 (최고/안정/보수)
 - 시각화: 캠페인별 회비 기여도 파이차트, 월별 회비추이 꺾은선, 위험등급별 막대그래프

7) 인사이트
 - 회비 기여도 TOP5 캠페인 특성 분석
 - 회비 손실 위험 HIGH 캠페인 식별 및 원인
 - 캠페인별 회비 확보 전략 제안 (미납방어, 중단방어, 개발강화)
 - 캠페인 포트폴리오 리밸런싱 제안",
,고가치회원 발굴,증액회원 예측,"{기준년월} 기준, 현재 활동회원 중 향후 12개월 내 증액 가능성이 높은 회원을 예측하고 증액확률 등급별로 분류해줘. 기존 증액회원의 특성을 분석하여 어떤 캠페인의 어떤 타겟에게 증액 마케팅을 집중해야 하는지 전략을 제안해줘.","- 기존 증액회원 특성 (최근 24개월 증액 이력 보유 회원)
  · 회원번호, 가입일, 증액일, 증액전금액, 증액후금액, 증액건수
  · 가입~증액까지 유지기간
  · 증액 전 납입이력 (미납횟수, 납입율)
  · 증액 전 서비스 발송/오픈 이력
  · 연령대, 성별, 납입방식
  · 가입 캠페인(개발인입경로, 캠페인카테고리), 개발구분(신규/재후원)
  
- 현재 활동회원 정보 (분석기준 전월마감)
  · 활동회원건수, 유지기간, 현재 후원금액
  · 납입이력 (미납횟수, 납입율)
  · 서비스 발송/오픈 이력
  · GA 나의후원 방문수","1) 기본 입력값
 - 분석기준월: {YYYY-MM}
 - 분석대상: 현재 활동회원 전체 (또는 특정 캠페인 지정)
 - 예측기간: 향후 12개월
 - 학습데이터: 최근 24개월 증액 이력

2) 증액회원 특성 분석 (학습 데이터)
 (1)기본정보
  - 가입~증액까지 평균 유지기간 (월)
  - 증액 시점 평균 후원금액
  - 증액 평균 금액 (증액후 - 증액전)
  - 연령대 분포 / 성별 비율 
  - 납입방식 분포 
  
 (2) 행동 패턴
  - 증액 전 12개월 평균 납입율
  - 증액 전 12개월 미납횟수 분포
  - 증액 전 서비스 발송건수 / 오픈율
  - 증액 전 GA 나의후원 방문수
  - 이전 증액 경험 여부 (재증액 비율)
  
 (3) 캠페인 특성
  - 증액회원 비중 TOP10 브랜드(개발인입경로 기준)
  - 증액회원 비중 TOP10 캠페인(캠페인카테고리 기준)
  - 캠페인별(캠페인카테고리 기준) 평균 증액금액
  - 개발구분별 증액 비율 (신규 vs 재후원)

3) 증액확률 예측 모델
 (1) 예측 변수 (Feature)
  - 유지기간 (개월)
  - 현재 후원금액
  - 최근 12개월 납입율
  - 최근 12개월 미납횟수
  - 발송서비스 오픈율
  - GA 나의후원 방문수
  - 가입 캠페인 증액비율(캠페인별 활동회원 대비 증액 비율이 높은 캠페인)
  - 연령대, 납입방식
  
 (2) 증액확률 등급 산출
  - 최상위: 상위 10% (증액확률 80% 이상 추정)
  - 고확률: 상위 10~25% (증액확률 60~80%)
  - 중확률: 상위 25~50% (증액확률 40~60%)
  - 저확률: 하위 50% (증액확률 40% 미만)
                                                        4) 증액대상 세그먼트 도출

 (1) 그룹 분류기준
  - 가입 캠페인 (캠페인카테고리 기준)
  - 후원 유지기간 (예: 6개월 미만, 6~12개월, 12개월 이상)
  - 증액확률 등급 (최상위 / 고확률 / 중확률 / 저확률)
  
  예시: ""고려인캠페인 + 12개월 이상 후원 + 증액확률 최상위"" 그룹
  → 이 그룹에게 먼저 증액 마케팅을 진행

 (2) 그룹별 분석 
  - 그룹별 회원수
  - 그룹별 예상 증액비율
  - 그룹별 예상 증액금액(평균)
  - 증액마케팅 효율 순위 (예상 증액금액 × 전환율)               
                                                       5) 결과
 - 증액회원 특성 요약표 (기본정보, 행동패턴, 캠페인별)
 - 증액확률 등급별 회원 리스트 (회원번호, 증액확률등급, 주요특성, 추천액션)
 - 캠페인별 증액예상 순위표 (캠페인명, 활동회원수, 고확률회원수, 예상증액금액)
 - 증액대상 세그먼트 우선순위표 (그룹명, 회원수, 전환율, 효율지수)
 - 시각화: 
   · 증액회원 특성 비교 레이더차트 (증액회원 vs 비증액회원)
   · 캠페인별 증액잠재력 히트맵
   · 유지기간별 증액확률 분포 곡선
   · 타겟 세그먼트별 ROI 버블차트

6) 인사이트 & 전략 제안
 - 증액 골든타임 제시 (가입 후 몇 개월에 증액 가능성 최고?)
 - 증액 마케팅 우선순위 캠페인 TOP5
 - 증액 마케팅 타겟 개념정의
 - 증액 유도 서비스 발송 최적 시점/발송채널 제안
 - 세그먼트별 맞춤 증액 제안금액 가이드",-중단예측과 연계하여 (중단위험 낮음+증액활률 높음) 타겟을 증액타겟으로 볼수도 있음
,,충성회원 예측,"현재 후원기간이 10년이상인 장기회원의 활동패턴을 분석하여 장기회원(충성회원)을 만드는 핵심요인을 도출하고, 현재 회원 중 장기회원(충성회원)으로 성장할 가능성이 높은 회원을 선별해줘.","-회원번호
-가입일
-후원기간(유지기간)
-회원의 연령대/성별/후원사업
-회원의 개발인입경로/캠페인카테고리
-회원의 신규/재후원 여부
-후원금액
-후원사업 수
-최근 36개월 납입이력
-납입율
-미납횟수
-연속미납횟수
-증액횟수
-감액횟수
-후원사업 추가횟수
-알림톡/이메일 발송 및 오픈이력
-홈페이지/나의후원 방문이력
-행사참여 여부","1) 기본 입력값
-분석기준월 : {YYYY-MM}
-분석대상 : 현재 활동회원 전체
-충성회원 기준 : 후원기간 10년 이상 활동회원
-예측대상 : 후원기간 10년 미만 활동회원
2) 장기회원(충성회원) 특성 분석
(1)기본 특성
-평균 후원기간
-평균 후원금액
-평균 후원사업수
-연령대 분포
-성별 분포
-납입방식 분포
(2)납입 특성
-평균 납입율
-평균 미납횟수
-평균 연속미납횟수
(3)성장 특성
-증액회원 비율
-평균 증액횟수
-감액회원 비율
-후원사업 추가회원 비율
-다중사업 후원 비율
(4)참여 특성
-알림톡 오픈율
-이메일 오픈율
-홈페이지 방문수
-나의후원 방문수
-행사참여율
3) 장기회원(충성회원) 핵심요인
-현재 유지기간
-현재 후원금액
-후원사업 수
-최근 12개월 납입율
-최근 12개월 미납횟수
-최근 12개월 연속미납횟수
-증액경험 여부
-증액횟수
-감액횟수
-후원사업 추가횟수
-캠페인카테고리
-개발인입경로
-서비스 오픈율
-홈페이지 방문횟수
-행사참여 여부
4) 장기회원 등급
-최상위/상/중/하 등급 어떻게 할건데???
5) 결과
(1)장기회원(충성회원) 후보 리스트
-회원번호/장기회원등급/예상유지기간/선정사유/관리전략
(2)장기회원(충성회원)후보 특성분석
6)인사이트","-충성회원 등급 기준에 단순한 
후원유지지간이 아닌, 납입율/미납횟수/증액경험/행사참여도 같은 수치들에 가중치 두는것 검토                                  -충성회원등급점수는 어떻게 해야 하나,,,,                      ex)100점만점 기준으로
1) 유지력
최근2개년간 납입율 95%이상
미납없음
가입기간3년이상
2)성장가능성
증액경험있음
증액2회이상
다중사업후원여부
3)참여도
행사참여여부
알림톡 오픈율 상위인 회원
나의후원페이지 방문경험 높은 회원                     "
기획실,개발예측,연도말 개발예측,부서별로 연도말 개발 예측치를 알려줘,"① 부서별 X 월별개발 건
② 부서별 X 일자별개발 건
③ 부서별 X 월별 목표 건",A안 : 연도말예측 부서별 개발(건) ,"부서별 월 실측 개발(건) 반영, 연도말까지 주말(휴일)제외한 나머지 개발가능일수 반영
= 월별 실측 개발(건) + 일자별 평균 실측개발(건) X 연도말(12/31)까지 주말제외 남은 일수 "
,,,,,B안 : 연도말예측 부서별 개발(건) ,"부서별 월 실측 개발(건) 반영, 목표에 실측 개발(건) 증감율 반영,  부서별 목표 건수에 99%~90% 반영 
= 월별 실측 개발(건) + 월별목표건수 대비 99%~90% "
,,,후원사업별로 연도말 개발 예측치를 알려줘,"① 후원사업(국내/결연/해외프로젝트/기타)별 X 월별개발 건, 
② 후원사업(국내/결연/해외프로젝트/기타)별 X 월별개발 건, 
③ 후원사업별 X 월별 목표 건",A안 : 연도말예측 후원사업별 개발(건) ,"후원사업별 월 실측 개발(건) 반영, 연도말까지 주말(휴일)제외한 나머지 개발가능일수 반영
= 월별 실측 개발(건) + 일자별 평균 실측개발(건) X 연도말(12/31)까지 주말제외 남은 일수 "
,,,,,B안 : 연도말예측 후원사업별 개발(건) ,"후원사업별 월 실측 개발(건) 반영, 목표에 실측 개발(건) 증감율 반영,  후원사업별 목표 건수에 99%~90% 반영 
= 월별 실측 개발(건) + 월별목표건수 대비 99%~90% "
,,,연도말 개발 예측치를 알려줘,"① 부서별 X 신규기존별 X 후원사업별 X 월별개발 건, 
② 부서별 X 신규기존별 X 후원사업별 X 일자별개발 건,
③ 부서별 X 신규기존별 X 후원사업별 월별 목표 건",A안 : 연도말예측 총 개발(건) : 부서별  X 신규기존별 X 후원사업별,"부서별 X 신규기존별 X 후원사업별 월 실측 개발(건) 반영, 연도말까지 주말(휴일)제외한 나머지 개발가능일수 반영
= 월별 실측 개발(건) + 일자별 평균 실측개발(건) X 연도말(12/31)까지 주말제외 남은 일수 "
,,,,,B안 : 연도말예측 총 개발(건) : 부서별  X 신규기존별 X 후원사업별,"부서별 X 신규기존별 X 후원사업별 월 실측 개발(건) 반영, 부서별 X 신규기존별 X 후원사업별 목표 건수에 99%~90% 반영 
= 월별 실측 개발(건) + 월별목표건수 대비 99%~90% "
나눔마케팅본부,성과예측,성과,다음 달 신규 회원개발은 몇건으로 예상되는가?,,,
,,,"현재 추세가 유지되면, 연말 신규 회원개발은 몇건이 될 것으로 예상되는가?",,,
,,,특정 캠페인의 최종 회원개발은 얼마가 될 것으로 예상되는가?,,,
,,,"계절성(연말/휴일) 반영시, 향후 3개월간 월별 회원개발의 변동은 어떻게 예상되는가?",,,
,,운영 최적화,"광고비를 20% 증액하면, 개발건수는 얼마나 증가할 것으로 예상되는가?",,,
,,,현재 대비 회원개발을 20% 증가시키기 위해 우선적으로 개선해야 할 요인은 무엇인가?,,,
,,,"동일 예산 기준, 가장 높은 개발 건수를 창출할 조합(채널+캠페인)은 무엇인가?",,,
,,,"특정 채널의 광고비 집행 시, 효율성이 급격히 떨어지는 임계점은 얼마인가?",,,
,,,다음 달 광고 예산을 어떻게 배분하면 개발단가 효율이 최대화되는가?,,,
,,전환 가능성,A캠페인의 신규 회원개발 가능성이 가장 높은 타겟 세그먼트는 누구인가?,,,
,,,어떤 방문자가 향후 7일 내 첫 후원자가 될 가능성이 높은가?,,,
,,,후원창 2단계 이탈자 중 재방문 가능성이 높은 사용자는 누구인가?,,,
,,,현재 이탈 위험이 가장 높은 페이지는 어디인가?,,,
,,,"유입과 전환 페이지를 제외하고, 가장 높은 기여도를 보인 중간페이지는 어디인가?",,,
,,,어떤 행동 패턴을 보이는 방문자가 높은 전환 의도를 가지고 있는가?,,,
,,,일시 후원자 중 6개월 내 정기 후원자로 전환할 확률이 가장 높은 회원는 누구인가?,,,
,,LTV,어떤 채널의 회원이 가장 높은 장기 가치를 창출하는가?,,,
,,,이번 달 개발 회원 중 향후 3년 LTV 상위 50%로 예측되는 회원은 누구인가?,,,
,,,어떤 캠페인이 가장 높은 LTV를 창출할 것으로 예상되는가?,,,
,,,어떤 회원에게 증액 캠페인을 우선 제안해야 하는가?,,,
,,그외,"신규 사용자 확보 상위 채널은 무엇이며, 각 채널의 유입 기여도는 어떻게 분포되는가?",,,
