부서명,부서코드,부서 경로
사단법인 굿네이버스 인터내셔날,A000001,
사무총장,B000003,사무총장
본부,B000004,본부
경영기획실,C000001,본부 > 경영기획실
전략기획팀,E001132,본부 > 경영기획실 > 전략기획팀
예산기획팀,E001175,본부 > 경영기획실 > 예산기획팀
예산기획팀,E001187,본부 > 경영기획실 > 예산기획팀
디지털경영실,C000002,본부 > 디지털경영실
디지털운영팀,D000003,본부 > 디지털경영실 > 디지털운영팀
IT협력사,D000999,본부 > 디지털경영실 > IT협력사
감사실(사단),C000005,본부 > 감사실(사단)
회원실,C000006,본부 > 회원실
회원관리팀,D000011,본부 > 회원실 > 회원관리팀
회원상담센터,D000014,본부 > 회원실 > 회원관리팀 > 회원상담센터
회원서비스기획팀,D000012,본부 > 회원실 > 회원서비스기획팀
회원참여팀,E001147,본부 > 회원실 > 회원참여팀
나눔마케팅본부,C000010,본부 > 나눔마케팅본부
마케팅기획2팀,D000023,본부 > 나눔마케팅본부 > 마케팅기획2팀
매체운영팀,D000111,본부 > 나눔마케팅본부 > 매체운영팀
애자일프로젝트팀,E001151,본부 > 나눔마케팅본부 > 애자일프로젝트팀
데이터분석센터,E001159,본부 > 나눔마케팅본부 > 데이터분석센터
컬쳐콘텐츠팀,E001176,본부 > 나눔마케팅본부 > 컬쳐콘텐츠팀
컬쳐콘텐츠팀,E001188,본부 > 나눔마케팅본부 > 컬쳐콘텐츠팀
마케팅기획1팀,F001050,본부 > 나눔마케팅본부 > 마케팅기획1팀
국제협력실,C000031,본부 > 국제협력실
지역개발팀,D000166,본부 > 국제협력실 > 지역개발팀
교육보건팀,E001014,본부 > 국제협력실 > 교육보건팀
인도적지원팀,E001152,본부 > 국제협력실 > 인도적지원팀
ESG사회공헌협력실,C001023,본부 > ESG사회공헌협력실
특별후원팀,E001022,본부 > ESG사회공헌협력실 > 특별후원팀
물품후원팀,E001112,본부 > ESG사회공헌협력실 > 물품후원팀
사회공헌협력팀,F001071,본부 > ESG사회공헌협력실 > 사회공헌협력팀
울산교육센터 준비위원회,D000154,본부 > 울산교육센터 준비위원회
국내사업본부,D001000,본부 > 국내사업본부
사회개발교육팀,E001083,본부 > 국내사업본부 > 사회개발교육팀
캠페인사업부,E001140,본부 > 국내사업본부 > 캠페인사업부
캠페인기획1팀,E000121,본부 > 국내사업본부 > 캠페인사업부 > 캠페인기획1팀
캠페인기획2팀,E000125,본부 > 국내사업본부 > 캠페인사업부 > 캠페인기획2팀
미래전략사업부,E001142,본부 > 국내사업본부 > 미래전략사업부
미래전략사업팀,F001049,본부 > 국내사업본부 > 미래전략사업부 > 미래전략사업팀
국내사업부,E001174,본부 > 국내사업본부 > 국내사업부
국내사업팀,E000095,본부 > 국내사업본부 > 국내사업부 > 국내사업팀
세계시민교육팀,E001136,본부 > 국내사업본부 > 국내사업부 > 세계시민교육팀
세계시민교육센터,E001192,본부 > 국내사업본부 > 세계시민교육센터
애자일프로젝트TFT,E001196,본부 > 국내사업본부 > 애자일프로젝트TFT
경영지원실,D001004,본부 > 경영지원실
총무팀,D000004,본부 > 경영지원실 > 총무팀
회계팀,D000005,본부 > 경영지원실 > 회계팀
인재개발팀,D000006,본부 > 경영지원실 > 인재개발팀
관리사무소,E001012,본부 > 경영지원실 > 관리사무소
미래정책실,D001044,본부 > 미래정책실
디지털혁신위원회,D001050,본부 > 디지털혁신위원회
디지털혁신실무위원회,E001149,본부 > 디지털혁신위원회 > 디지털혁신실무위원회
브랜드전략실,D001065,본부 > 브랜드전략실
커뮤니케이션팀,E001177,본부 > 브랜드전략실 > 커뮤니케이션팀
브랜드팀,E001178,본부 > 브랜드전략실 > 브랜드팀
브랜드홍보실,D001067,본부 > 브랜드홍보실
웹서비스팀,D000112,본부 > 브랜드홍보실 > 웹서비스팀
브랜드홍보팀,E001189,본부 > 브랜드홍보실 > 브랜드홍보팀
콘텐츠기획팀,E001190,본부 > 브랜드홍보실 > 콘텐츠기획팀
국내,B000005,국내
서울인천,C000012,국내 > 서울인천
서울인천권역본부,D000116,국내 > 서울인천 > 서울인천권역본부
인천사업본부,D000117,국내 > 서울인천 > 인천사업본부
서울남부사업본부,D000139,국내 > 서울인천 > 서울남부사업본부
서울북부사업본부,E000002,국내 > 서울인천 > 서울북부사업본부
경기강원,C000014,국내 > 경기강원
경기강원권역본부,D000118,국내 > 경기강원 > 경기강원권역본부
경기2사업본부,D000119,국내 > 경기강원 > 경기2사업본부
강원지부,D000120,국내 > 경기강원 > 강원지부
경기남부사업본부,E000029,국내 > 경기강원 > 경기남부사업본부
경기동부사업본부,E001104,국내 > 경기강원 > 경기동부사업본부
영남,C000022,국내 > 영남
영남권역본부,D000126,국내 > 영남 > 영남권역본부
대구사업본부,E000067,국내 > 영남 > 대구사업본부
울산지부,E000117,국내 > 영남 > 울산지부
경북사업본부,E001105,국내 > 영남 > 경북사업본부
경남사업본부,F001009,국내 > 영남 > 경남사업본부
호남,C000032,국내 > 호남
호남권역본부,D000123,국내 > 호남 > 호남권역본부
전북지부,D000140,국내 > 호남 > 전북지부
충청,D001059,국내 > 충청
충청권역본부,D000121,국내 > 충청 > 충청권역본부
대전충북사업본부,E000042,국내 > 충청 > 대전충북사업본부
기타,D000133,기타
사공(임시),D999999,기타 > 사공(임시)
휴직,Z000002,휴직
이사장(사복)(사복),B000007,
사회복지법인 굿네이버스(사복),B001002,
사무총장(사복),C001010,사무총장(사복)
본부(사복),C001011,본부(사복)
아동권리사업본부(사복),C000028,본부(사복) > 아동권리사업본부(사복)
임팩트사업부(사복),D001038,본부(사복) > 아동권리사업본부(사복) > 임팩트사업부(사복)
임팩트사업1팀(사복),E000092,본부(사복) > 아동권리사업본부(사복) > 임팩트사업부(사복) > 임팩트사업1팀(사복)
임팩트사업2팀(사복),E001143,본부(사복) > 아동권리사업본부(사복) > 임팩트사업부(사복) > 임팩트사업2팀(사복)
임팩트사업3팀(금융사기피해지원센터)(사복),F001066,본부(사복) > 아동권리사업본부(사복) > 임팩트사업부(사복) > 임팩트사업3팀(금융사기피해지원센터)(사복)
아동권리옹호부(사복),E001015,본부(사복) > 아동권리사업본부(사복) > 아동권리옹호부(사복)
아동권리사업부(사복),E001153,본부(사복) > 아동권리사업본부(사복) > 아동권리사업부(사복)
아동보호사업팀(사복),E000093,본부(사복) > 아동권리사업본부(사복) > 아동권리사업부(사복) > 아동보호사업팀(사복)
아동행복동행팀(사복),E001086,본부(사복) > 아동권리사업본부(사복) > 아동권리사업부(사복) > 아동행복동행팀(사복)
미래성장지원팀(사복),E001124,본부(사복) > 아동권리사업본부(사복) > 아동권리사업부(사복) > 미래성장지원팀(사복)
전략기획본부(사복),D001009,본부(사복) > 전략기획본부(사복)
아동권리연구소(사복),D001025,본부(사복) > 전략기획본부(사복) > 아동권리연구소(사복)
예산운영부(사복),E001027,본부(사복) > 전략기획본부(사복) > 예산운영부(사복)
후원서비스팀(사복),E001040,본부(사복) > 전략기획본부(사복) > 후원서비스팀(사복)
경영기획부(사복),E001168,본부(사복) > 전략기획본부(사복) > 경영기획부(사복)
예산기획팀(사복),E001019,본부(사복) > 전략기획본부(사복) > 경영기획부(사복) > 예산기획팀(사복)
경영기획팀(사복),E001130,본부(사복) > 전략기획본부(사복) > 경영기획부(사복) > 경영기획팀(사복)
감사실(사복),D001013,본부(사복) > 감사실(사복)
디지털경영실(사복),D001015,본부(사복) > 디지털경영실(사복)
디지털운영팀(사복),E001039,본부(사복) > 디지털경영실(사복) > 디지털운영팀(사복)
경영지원본부(사복),D001037,본부(사복) > 경영지원본부(사복)
인재운영부(사복),E001020,본부(사복) > 경영지원본부(사복) > 인재운영부(사복)
역량강화센터(사복),E001145,본부(사복) > 경영지원본부(사복) > 역량강화센터(사복)
인재개발팀(사복),D001034,본부(사복) > 경영지원본부(사복) > 역량강화센터(사복) > 인재개발팀(사복)
루마니아,E001137,본부(사복) > 경영지원본부(사복) > 역량강화센터(사복) > 인재개발팀(사복) > 루마니아
GN컬쳐팀(사복),E001141,본부(사복) > 경영지원본부(사복) > 역량강화센터(사복) > GN컬쳐팀(사복)
행정지원부(사복),E001169,본부(사복) > 경영지원본부(사복) > 행정지원부(사복)
총무팀(사복),E001042,본부(사복) > 경영지원본부(사복) > 행정지원부(사복) > 총무팀(사복)
디지털기획운영팀(사복),E001125,본부(사복) > 경영지원본부(사복) > 행정지원부(사복) > 디지털기획운영팀(사복)
사단파견(사복),E001041,본부(사복) > 사단파견(사복)
사회공헌협력팀(사복),F001015,본부(사복) > 사단파견(사복) > 사회공헌협력팀(사복)
온라인팀(사복),F001016,본부(사복) > 사단파견(사복) > 온라인팀(사복)
물품후원팀(사복),F001039,본부(사복) > 사단파견(사복) > 물품후원팀(사복)
회원상담센터(사복),F001073,본부(사복) > 사단파견(사복) > 회원상담센터(사복)
국내(사복),C001012,국내(사복)
서인권역본부(사복),D001019,국내(사복) > 서인권역본부(사복)
서울중남지부(사복),D000032,국내(사복) > 서인권역본부(사복) > 서울중남지부(사복)
방화2종합사회복지관(사복),E000009,국내(사복) > 서인권역본부(사복) > 서울중남지부(사복) > 방화2종합사회복지관(사복)
보성어린이집(사복),E000010,국내(사복) > 서인권역본부(사복) > 서울중남지부(사복) > 보성어린이집(사복)
인천북부지부(사복),D000036,국내(사복) > 서인권역본부(사복) > 인천북부지부(사복)
인천북부아동보호전문기관(사복),E000015,국내(사복) > 서인권역본부(사복) > 인천북부지부(사복) > 인천북부아동보호전문기관(사복)
서울관악지부(사복),D000069,국내(사복) > 서인권역본부(사복) > 서울관악지부(사복)
관악구아동보호전문기관(사복),F001077,국내(사복) > 서인권역본부(사복) > 서울관악지부(사복) > 관악구아동보호전문기관(사복)
경원권역본부(사복),D001020,국내(사복) > 경원권역본부(사복)
경기남부지부(사복),D000040,국내(사복) > 경원권역본부(사복) > 경기남부지부(사복)
경기도거점아동보호전문기관(사복),E000021,국내(사복) > 경원권역본부(사복) > 경기남부지부(사복) > 경기도거점아동보호전문기관(사복)
경기화성지부(사복),D000042,국내(사복) > 경원권역본부(사복) > 경기화성지부(사복)
화성시아동보호전문기관(사복),E000027,국내(사복) > 경원권역본부(사복) > 경기화성지부(사복) > 화성시아동보호전문기관(사복)
경기시흥지부(사복),D000044,국내(사복) > 경원권역본부(사복) > 경기시흥지부(사복)
시흥아동보호전문기관(사복),E000031,국내(사복) > 경원권역본부(사복) > 경기시흥지부(사복) > 시흥아동보호전문기관(사복)
강원서부지부(사복),D000050,국내(사복) > 경원권역본부(사복) > 강원서부지부(사복)
강원서부아동보호전문기관(사복),E000040,국내(사복) > 경원권역본부(사복) > 강원서부지부(사복) > 강원서부아동보호전문기관(사복)
강원남부지부(사복),D000151,국내(사복) > 경원권역본부(사복) > 강원남부지부(사복)
강원남부아동보호전문기관(사복),E00042,국내(사복) > 경원권역본부(사복) > 강원남부지부(사복) > 강원남부아동보호전문기관(사복)
경기수원지부(사복),E000120,국내(사복) > 경원권역본부(사복) > 경기수원지부(사복)
수원아동보호전문기관(사복),E000122,국내(사복) > 경원권역본부(사복) > 경기수원지부(사복) > 수원아동보호전문기관(사복)
강원중부지부(사복),E001126,국내(사복) > 경원권역본부(사복) > 강원중부지부(사복)
강원중부아동보호전문기관(사복),F001043,국내(사복) > 경원권역본부(사복) > 강원중부지부(사복) > 강원중부아동보호전문기관(사복)
경기군포지부(사복),E001154,국내(사복) > 경원권역본부(사복) > 경기군포지부(사복)
군포시아동보호전문기관(사복),F001038,국내(사복) > 경원권역본부(사복) > 경기군포지부(사복) > 군포시아동보호전문기관(사복)
경기의왕지부(사복),E001155,국내(사복) > 경원권역본부(사복) > 경기의왕지부(사복)
의왕시아동보호전문기관(사복),F001040,국내(사복) > 경원권역본부(사복) > 경기의왕지부(사복) > 의왕시아동보호전문기관(사복)
경기중남지부(사복),E001156,국내(사복) > 경원권역본부(사복) > 경기중남지부(사복)
평택좋은이웃지역아동센터(사복),E000030,국내(사복) > 경원권역본부(사복) > 경기중남지부(사복) > 평택좋은이웃지역아동센터(사복)
오산시아동보호전문기관(사복),F001007,국내(사복) > 경원권역본부(사복) > 경기중남지부(사복) > 오산시아동보호전문기관(사복)
강원지부(사복),E001157,국내(사복) > 경원권역본부(사복) > 강원지부(사복)
강원아동복지센터(사복),E000039,국내(사복) > 경원권역본부(사복) > 강원지부(사복) > 강원아동복지센터(사복)
경기지부(사복),E001193,국내(사복) > 경원권역본부(사복) > 경기지부(사복)
아주좋은이웃심리치유센터(사복),E000023,국내(사복) > 경원권역본부(사복) > 경기지부(사복) > 아주좋은이웃심리치유센터(사복)
충청권역본부(사복),D001022,국내(사복) > 충청권역본부(사복)
충북지부(사복),D000053,국내(사복) > 충청권역본부(사복) > 충북지부(사복)
충청북도아동보호전문기관(사복),E000045,국내(사복) > 충청권역본부(사복) > 충북지부(사복) > 충청북도아동보호전문기관(사복)
충남북부지부(사복),D000054,국내(사복) > 충청권역본부(사복) > 충남북부지부(사복)
온주종합사회복지관(사복),E000047,국내(사복) > 충청권역본부(사복) > 충남북부지부(사복) > 온주종합사회복지관(사복)
온주푸른교실지역아동센터(사복),E000049,국내(사복) > 충청권역본부(사복) > 충남북부지부(사복) > 온주푸른교실지역아동센터(사복)
충남지부(사복),D000056,국내(사복) > 충청권역본부(사복) > 충남지부(사복)
충청남도아동보호전문기관(사복),E000051,국내(사복) > 충청권역본부(사복) > 충남지부(사복) > 충청남도아동보호전문기관(사복)
충남중부지부(사복),E001160,국내(사복) > 충청권역본부(사복) > 충남중부지부(사복)
충남중부아동보호전문기관(사복),F001011,국내(사복) > 충청권역본부(사복) > 충남중부지부(사복) > 충남중부아동보호전문기관(사복)
전북권역본부(사복),D001023,국내(사복) > 전북권역본부(사복)
전북동부지부(사복),D000058,국내(사복) > 전북권역본부(사복) > 전북동부지부(사복)
전북동부아동보호전문기관(사복),E000055,국내(사복) > 전북권역본부(사복) > 전북동부지부(사복) > 전북동부아동보호전문기관(사복)
전북서부지부(사복),D000059,국내(사복) > 전북권역본부(사복) > 전북서부지부(사복)
전북익산시아동보호전문기관(사복),E000057,국내(사복) > 전북권역본부(사복) > 전북서부지부(사복) > 전북익산시아동보호전문기관(사복)
전북중부지부(사복),E001161,국내(사복) > 전북권역본부(사복) > 전북중부지부(사복)
전북특별자치도자립지원전담기관(사복),E001127,국내(사복) > 전북권역본부(사복) > 전북중부지부(사복) > 전북특별자치도자립지원전담기관(사복)
전북전주1지부(사복),E001162,국내(사복) > 전북권역본부(사복) > 전북전주1지부(사복)
전주덕진아동보호전문기관(사복),F001012,국내(사복) > 전북권역본부(사복) > 전북전주1지부(사복) > 전주덕진아동보호전문기관(사복)
전북전주2지부(사복),E001163,국내(사복) > 전북권역본부(사복) > 전북전주2지부(사복)
전주완산아동보호전문기관(사복),F001047,국내(사복) > 전북권역본부(사복) > 전북전주2지부(사복) > 전주완산아동보호전문기관(사복)
전북남부지부(사복),E001164,국내(사복) > 전북권역본부(사복) > 전북남부지부(사복)
정읍시아동보호전문기관(사복),F001069,국내(사복) > 전북권역본부(사복) > 전북남부지부(사복) > 정읍시아동보호전문기관(사복)
광주전남권역본부(사복),D001061,국내(사복) > 광주전남권역본부(사복)
전남서부지부(사복),D000063,국내(사복) > 광주전남권역본부(사복) > 전남서부지부(사복)
전남서부권아동보호전문기관(사복),E000063,국내(사복) > 광주전남권역본부(사복) > 전남서부지부(사복) > 전남서부권아동보호전문기관(사복)
전남중부지부(사복),D000064,국내(사복) > 광주전남권역본부(사복) > 전남중부지부(사복)
전남중부권아동보호전문기관(사복),E000065,국내(사복) > 광주전남권역본부(사복) > 전남중부지부(사복) > 전남중부권아동보호전문기관(사복)
광주사회적약자통합지원센터(사복),D001040,국내(사복) > 광주전남권역본부(사복) > 광주사회적약자통합지원센터(사복)
광주좋은이웃지역아동센터(사복),E000060,국내(사복) > 광주전남권역본부(사복) > 광주사회적약자통합지원센터(사복) > 광주좋은이웃지역아동센터(사복)
전남북부지부(사복),E001021,국내(사복) > 광주전남권역본부(사복) > 전남북부지부(사복)
전남북부권아동보호전문기관(사복),F001010,국내(사복) > 광주전남권역본부(사복) > 전남북부지부(사복) > 전남북부권아동보호전문기관(사복)
영남권역본부(사복),F001032,국내(사복) > 영남권역본부(사복)
대구지부(사복),D000067,국내(사복) > 영남권역본부(사복) > 대구지부(사복)
하늘지역아동센터(사복),E000069,국내(사복) > 영남권역본부(사복) > 대구지부(사복) > 하늘지역아동센터(사복)
대구남부아동보호전문기관(사복),E000070,국내(사복) > 영남권역본부(사복) > 대구지부(사복) > 대구남부아동보호전문기관(사복)
달서좋은이웃지역아동센터(사복),E000071,국내(사복) > 영남권역본부(사복) > 대구지부(사복) > 달서좋은이웃지역아동센터(사복)
경북동부지부(사복),D000068,국내(사복) > 영남권역본부(사복) > 경북동부지부(사복)
경북동부아동보호전문기관(사복),E000072,국내(사복) > 영남권역본부(사복) > 경북동부지부(사복) > 경북동부아동보호전문기관(사복)
포항좋은이웃그룹홈(사복),E000073,국내(사복) > 영남권역본부(사복) > 경북동부지부(사복) > 포항좋은이웃그룹홈(사복)
해도좋은이웃지역아동센터(사복),E000074,국내(사복) > 영남권역본부(사복) > 경북동부지부(사복) > 해도좋은이웃지역아동센터(사복)
청림좋은이웃지역아동센터(사복),E000075,국내(사복) > 영남권역본부(사복) > 경북동부지부(사복) > 청림좋은이웃지역아동센터(사복)
울산지부(사복),D000072,국내(사복) > 영남권역본부(사복) > 울산지부(사복)
울산광역시가정위탁지원센터(사복),E000081,국내(사복) > 영남권역본부(사복) > 울산지부(사복) > 울산광역시가정위탁지원센터(사복)
경남지부(사복),E001081,국내(사복) > 영남권역본부(사복) > 경남지부(사복)
경상남도자립통합지원센터,F001018,국내(사복) > 영남권역본부(사복) > 경남지부(사복) > 경상남도자립통합지원센터
경상남도자립지원전담기관(사복),F001046,국내(사복) > 영남권역본부(사복) > 경남지부(사복) > 경상남도자립지원전담기관(사복)
경북서부지부(사복),E001103,국내(사복) > 영남권역본부(사복) > 경북서부지부(사복)
지역아동센터 경상북도지원단(사복),E000077,국내(사복) > 영남권역본부(사복) > 경북서부지부(사복) > 지역아동센터 경상북도지원단(사복)
구미좋은이웃지역아동센터(사복),E000078,국내(사복) > 영남권역본부(사복) > 경북서부지부(사복) > 구미좋은이웃지역아동센터(사복)
좋은마음센터경북서부(사복),F001062,국내(사복) > 영남권역본부(사복) > 경북서부지부(사복) > 좋은마음센터경북서부(사복)
휴직(사복),C001014,휴직(사복)
기타(사복),C001999,기타(사복)
확인용(사복),Z000134,기타(사복) > 확인용(사복)
재단법인 글로벌 임팩트,C000035,
재단법인 글로벌 임팩트(해외),C001006,재단법인 글로벌 임팩트(해외)
경영지원부,C001016,경영지원부
협동조합팀,C001017,협동조합팀
사회적기업팀,C001018,사회적기업팀
신사업개발팀,C001019,신사업개발팀
소셜비즈니스팀,C001020,소셜비즈니스팀
재단법인 굿네이버스 미래재단,E001032,
