WIDE_마트,WIDE_컬럼,GOLD_원천(테이블.컬럼),SILVER_원천(테이블.컬럼),BRONZE_원천(테이블),업무_의미(배포 COMMENT),WIDE→GOLD_확정도,계보_확정도,상태,상태_근거(실측)
WIDE_AD_BROADCAST,AD_PERF_DK,FACT_AD_BROADCAST.AD_PERF_DK,AGENCY_AD_BROADCAST.AD_PERF_DK,REBRDC_AD_CMPGN_DTLS;VIDEO_AD_CMPGN_DTLS,,직접참조,컬럼확정,WAIT,`FACT_AD_BROADCAST` 0행 — 원천 미입고
WIDE_AD_BROADCAST,AD_SOURCE_TYPE,FACT_AD_PERFORMANCE.AD_SOURCE_TYPE,AGENCY_AD_PERFORMANCE.AD_SOURCE_TYPE,DGT_AD_CMPGN_DTLS;REBRDC_AD_CMPGN_DTLS;VIDEO_AD_CMPGN_DTLS,,직접참조,컬럼확정,WAIT,`FACT_AD_PERFORMANCE` 0행 — 원천 미입고
WIDE_AD_BROADCAST,PERF_DATE_SK,FACT_AD_PERFORMANCE.PERF_DATE_SK,AGENCY_AD_PERFORMANCE.AD_DATE,DGT_AD_CMPGN_DTLS;REBRDC_AD_CMPGN_DTLS;VIDEO_AD_CMPGN_DTLS,,직접참조,컬럼확정,WAIT,`FACT_AD_PERFORMANCE` 0행 — 원천 미입고
WIDE_AD_BROADCAST,AD_COST,FACT_AD_PERFORMANCE.AD_COST,AGENCY_AD_PERFORMANCE.AD_COST,DGT_AD_CMPGN_DTLS;REBRDC_AD_CMPGN_DTLS;VIDEO_AD_CMPGN_DTLS,,직접참조,컬럼확정,WAIT,`FACT_AD_PERFORMANCE` 0행 — 원천 미입고
WIDE_AD_BROADCAST,INBOUND_CALL,FACT_AD_PERFORMANCE.INBOUND_CALL,AGENCY_AD_PERFORMANCE.INBOUND_CALL_CNT,DGT_AD_CMPGN_DTLS;REBRDC_AD_CMPGN_DTLS;VIDEO_AD_CMPGN_DTLS,,직접참조,컬럼확정,WAIT,`FACT_AD_PERFORMANCE` 0행 — 원천 미입고
WIDE_AD_BROADCAST,TIME_BAND,FACT_AD_BROADCAST.TIME_BAND,AGENCY_AD_BROADCAST.TIME_BAND,REBRDC_AD_CMPGN_DTLS;VIDEO_AD_CMPGN_DTLS,,직접참조,컬럼확정,WAIT,`FACT_AD_BROADCAST` 0행 — 원천 미입고
WIDE_AD_BROADCAST,CM_POSITION,FACT_AD_BROADCAST.CM_POSITION,AGENCY_AD_BROADCAST.CM_POSITION,REBRDC_AD_CMPGN_DTLS;VIDEO_AD_CMPGN_DTLS,,직접참조,컬럼확정,WAIT,`FACT_AD_BROADCAST` 0행 — 원천 미입고
WIDE_AD_BROADCAST,RT_TYPE,FACT_AD_BROADCAST.RT_TYPE,AGENCY_AD_BROADCAST.RT_TYPE,REBRDC_AD_CMPGN_DTLS;VIDEO_AD_CMPGN_DTLS,,직접참조,컬럼확정,WAIT,`FACT_AD_BROADCAST` 0행 — 원천 미입고
WIDE_AD_BROADCAST,AD_START_TIME,FACT_AD_BROADCAST.AD_START_TIME,AGENCY_AD_BROADCAST.AD_START_TIME,REBRDC_AD_CMPGN_DTLS;VIDEO_AD_CMPGN_DTLS,,직접참조,컬럼확정,WAIT,`FACT_AD_BROADCAST` 0행 — 원천 미입고
WIDE_AD_BROADCAST,AD_END_TIME,FACT_AD_BROADCAST.AD_END_TIME,AGENCY_AD_BROADCAST.AD_END_TIME,REBRDC_AD_CMPGN_DTLS;VIDEO_AD_CMPGN_DTLS,,직접참조,컬럼확정,WAIT,`FACT_AD_BROADCAST` 0행 — 원천 미입고
WIDE_AD_BROADCAST,BROADCAST_DATE,FACT_AD_BROADCAST.BROADCAST_DATE,AGENCY_AD_BROADCAST.BROADCAST_DATE,REBRDC_AD_CMPGN_DTLS;VIDEO_AD_CMPGN_DTLS,,직접참조,컬럼확정,WAIT,`FACT_AD_BROADCAST` 0행 — 원천 미입고
WIDE_AD_BROADCAST,PROGRAM_NM,FACT_AD_BROADCAST.PROGRAM_NM,AGENCY_AD_BROADCAST.PROGRAM_NM,REBRDC_AD_CMPGN_DTLS;VIDEO_AD_CMPGN_DTLS,,직접참조,컬럼확정,WAIT,`FACT_AD_BROADCAST` 0행 — 원천 미입고
WIDE_AD_BROADCAST,CHANNEL_COMPANY,FACT_AD_BROADCAST.CHANNEL_COMPANY,AGENCY_AD_BROADCAST.CHANNEL_COMPANY,REBRDC_AD_CMPGN_DTLS;VIDEO_AD_CMPGN_DTLS,,직접참조,컬럼확정,WAIT,`FACT_AD_BROADCAST` 0행 — 원천 미입고
WIDE_AD_BROADCAST,CHANNEL_COMPANY_TYPE,FACT_AD_BROADCAST.CHANNEL_COMPANY_TYPE,AGENCY_AD_BROADCAST.CHANNEL_COMPANY_TYPE,REBRDC_AD_CMPGN_DTLS;VIDEO_AD_CMPGN_DTLS,,직접참조,컬럼확정,WAIT,`FACT_AD_BROADCAST` 0행 — 원천 미입고
WIDE_AD_BROADCAST,SPOT_TYPE,FACT_AD_BROADCAST.SPOT_TYPE,AGENCY_AD_BROADCAST.SPOT_TYPE,REBRDC_AD_CMPGN_DTLS;VIDEO_AD_CMPGN_DTLS,,직접참조,컬럼확정,WAIT,`FACT_AD_BROADCAST` 0행 — 원천 미입고
WIDE_AD_BROADCAST,DURATION_SEC,FACT_AD_BROADCAST.DURATION_SEC,AGENCY_AD_BROADCAST.DURATION_SEC,REBRDC_AD_CMPGN_DTLS;VIDEO_AD_CMPGN_DTLS,,직접참조,컬럼확정,WAIT,`FACT_AD_BROADCAST` 0행 — 원천 미입고
WIDE_AD_BROADCAST,DAY_DIV,FACT_AD_BROADCAST.DAY_DIV,AGENCY_AD_BROADCAST.DAY_DIV,REBRDC_AD_CMPGN_DTLS;VIDEO_AD_CMPGN_DTLS,,직접참조,컬럼확정,WAIT,`FACT_AD_BROADCAST` 0행 — 원천 미입고
WIDE_AD_BROADCAST,PRG_START_TIME,FACT_AD_BROADCAST.PRG_START_TIME,AGENCY_AD_BROADCAST.PRG_START_TIME,REBRDC_AD_CMPGN_DTLS;VIDEO_AD_CMPGN_DTLS,,직접참조,컬럼확정,WAIT,`FACT_AD_BROADCAST` 0행 — 원천 미입고
WIDE_AD_BROADCAST,CTV_DIV,FACT_AD_BROADCAST.CTV_DIV,AGENCY_AD_BROADCAST.CTV_DIV,REBRDC_AD_CMPGN_DTLS;VIDEO_AD_CMPGN_DTLS,,직접참조,컬럼확정,WAIT,`FACT_AD_BROADCAST` 0행 — 원천 미입고
WIDE_AD_BROADCAST,BRDC_DIV,FACT_AD_BROADCAST.BRDC_DIV,AGENCY_AD_BROADCAST.BRDC_DIV,REBRDC_AD_CMPGN_DTLS;VIDEO_AD_CMPGN_DTLS,,직접참조,컬럼확정,WAIT,`FACT_AD_BROADCAST` 0행 — 원천 미입고
WIDE_AD_BROADCAST,AD_CNT,FACT_AD_BROADCAST.AD_CNT,AGENCY_AD_BROADCAST.AD_CNT,REBRDC_AD_CMPGN_DTLS;VIDEO_AD_CMPGN_DTLS,,직접참조,컬럼확정,WAIT,`FACT_AD_BROADCAST` 0행 — 원천 미입고
WIDE_AD_BROADCAST,CONV_CALL_CNT,FACT_AD_BROADCAST.CONV_CALL_CNT,AGENCY_AD_BROADCAST.CONV_CALL_CNT,REBRDC_AD_CMPGN_DTLS;VIDEO_AD_CMPGN_DTLS,,직접참조,컬럼확정,WAIT,`FACT_AD_BROADCAST` 0행 — 원천 미입고
WIDE_AD_BROADCAST,DVLP_MEMBER_CNT,FACT_AD_BROADCAST.DVLP_MEMBER_CNT,AGENCY_AD_BROADCAST.DVLP_MEMBER_CNT,REBRDC_AD_CMPGN_DTLS;VIDEO_AD_CMPGN_DTLS,,직접참조,컬럼확정,WAIT,`FACT_AD_BROADCAST` 0행 — 원천 미입고
WIDE_AD_BROADCAST,DVLP_CNT,FACT_AD_BROADCAST.DVLP_CNT,AGENCY_AD_BROADCAST.DVLP_CNT,REBRDC_AD_CMPGN_DTLS;VIDEO_AD_CMPGN_DTLS,,직접참조,컬럼확정,WAIT,`FACT_AD_BROADCAST` 0행 — 원천 미입고
WIDE_AD_BROADCAST,AD_VIEW_RT_SRC,FACT_AD_BROADCAST.AD_VIEW_RT_SRC,AGENCY_AD_BROADCAST.AD_VIEW_RT_SRC,REBRDC_AD_CMPGN_DTLS;VIDEO_AD_CMPGN_DTLS,,직접참조,컬럼확정,WAIT,`FACT_AD_BROADCAST` 0행 — 원천 미입고
WIDE_AD_BROADCAST,CPC_SRC,FACT_AD_BROADCAST.CPC_SRC,AGENCY_AD_BROADCAST.CPC_SRC,REBRDC_AD_CMPGN_DTLS;VIDEO_AD_CMPGN_DTLS,,직접참조,컬럼확정,WAIT,`FACT_AD_BROADCAST` 0행 — 원천 미입고
WIDE_AD_BROADCAST,PERF_FULL_DATE,DIM_DATE.FULL_DATE,,,,직접참조,원천무관(ETL 생성),WAIT,`DIM_DATE` 0행 — 원천 미입고
WIDE_AD_BROADCAST,PERF_YEAR,DIM_DATE.YEAR,,,,직접참조,원천무관(ETL 생성),WAIT,`DIM_DATE` 0행 — 원천 미입고
WIDE_AD_BROADCAST,PERF_MONTH,DIM_DATE.MONTH,,,,직접참조,원천무관(ETL 생성),WAIT,`DIM_DATE` 0행 — 원천 미입고
WIDE_AD_BROADCAST,PERF_QUARTER,DIM_DATE.QUARTER,,,,직접참조,원천무관(ETL 생성),WAIT,`DIM_DATE` 0행 — 원천 미입고
WIDE_AD_BROADCAST,PERF_IS_HOLIDAY,DIM_DATE.IS_HOLIDAY,,,,직접참조,원천무관(ETL 생성),WAIT,`DIM_DATE` 0행 — 원천 미입고
WIDE_AD_BROADCAST,CAMPAIGN_NAME,DIM_CAMPAIGN.CAMPAIGN_NAME,CRM_CAMPAIGN.CMPGN_NM,TC_CMMN_DTL_CD;TC_MKTNG_DTL_CD;TM_CM_BRND_MNG;TM_CM_CMPGN_MNG,,직접참조,컬럼확정,WAIT,`DIM_CAMPAIGN` 0행 — 원천 미입고
WIDE_AD_BROADCAST,AD_MEDIA_NAME,DIM_AD_CREATIVE.MEDIA_NAME,AGENCY_AD_CREATIVE.MEDIA_CHANNEL_NM,DGT_AD_CMPGN_DTLS;REBRDC_AD_CMPGN_DTLS;VIDEO_AD_CMPGN_DTLS,,직접참조,컬럼확정,WAIT,`DIM_AD_CREATIVE` 0행 — 원천 미입고
WIDE_AD_BROADCAST,AD_CREATIVE,DIM_AD_CREATIVE.CREATIVE,AGENCY_AD_CREATIVE.CREATIVE_NM,DGT_AD_CMPGN_DTLS;REBRDC_AD_CMPGN_DTLS;VIDEO_AD_CMPGN_DTLS,,직접참조,컬럼확정,WAIT,`DIM_AD_CREATIVE` 0행 — 원천 미입고
WIDE_AD_BROADCAST_CASE,AD_PERF_DK,FACT_AD_BROADCAST_CASE.AD_PERF_DK,AGENCY_AD_BROADCAST_CASE.AD_PERF_DK,REBRDC_AD_CMPGN_DTLS,,직접참조,컬럼확정,WAIT,`FACT_AD_BROADCAST_CASE` 0행 — 원천 미입고
WIDE_AD_BROADCAST_CASE,CASE_SEQ,FACT_AD_BROADCAST_CASE.CASE_SEQ,AGENCY_AD_BROADCAST_CASE.CASE_SEQ,REBRDC_AD_CMPGN_DTLS,,직접참조,컬럼확정,WAIT,`FACT_AD_BROADCAST_CASE` 0행 — 원천 미입고
WIDE_AD_BROADCAST_CASE,AD_SOURCE_TYPE,FACT_AD_PERFORMANCE.AD_SOURCE_TYPE,AGENCY_AD_PERFORMANCE.AD_SOURCE_TYPE,DGT_AD_CMPGN_DTLS;REBRDC_AD_CMPGN_DTLS;VIDEO_AD_CMPGN_DTLS,,직접참조,컬럼확정,WAIT,`FACT_AD_PERFORMANCE` 0행 — 원천 미입고
WIDE_AD_BROADCAST_CASE,PERF_DATE_SK,FACT_AD_PERFORMANCE.PERF_DATE_SK,AGENCY_AD_PERFORMANCE.AD_DATE,DGT_AD_CMPGN_DTLS;REBRDC_AD_CMPGN_DTLS;VIDEO_AD_CMPGN_DTLS,,직접참조,컬럼확정,WAIT,`FACT_AD_PERFORMANCE` 0행 — 원천 미입고
WIDE_AD_BROADCAST_CASE,BIZ_DIV,FACT_AD_BROADCAST_CASE.BIZ_DIV,AGENCY_AD_BROADCAST_CASE.BIZ_DIV,REBRDC_AD_CMPGN_DTLS,,직접참조,컬럼확정,WAIT,`FACT_AD_BROADCAST_CASE` 0행 — 원천 미입고
WIDE_AD_BROADCAST_CASE,FAMILY_TYPE,FACT_AD_BROADCAST_CASE.FAMILY_TYPE,AGENCY_AD_BROADCAST_CASE.FAMILY_TYPE,REBRDC_AD_CMPGN_DTLS,,직접참조,컬럼확정,WAIT,`FACT_AD_BROADCAST_CASE` 0행 — 원천 미입고
WIDE_AD_BROADCAST_CASE,APPEAL_POINT,FACT_AD_BROADCAST_CASE.APPEAL_POINT,AGENCY_AD_BROADCAST_CASE.APPEAL_POINT,REBRDC_AD_CMPGN_DTLS,,직접참조,컬럼확정,WAIT,`FACT_AD_BROADCAST_CASE` 0행 — 원천 미입고
WIDE_AD_BROADCAST_CASE,CASE_DIV,FACT_AD_BROADCAST_CASE.CASE_DIV,AGENCY_AD_BROADCAST_CASE.CASE_DIV,REBRDC_AD_CMPGN_DTLS,,직접참조,컬럼확정,WAIT,`FACT_AD_BROADCAST_CASE` 0행 — 원천 미입고
WIDE_AD_BROADCAST_CASE,RT_TYPE,FACT_AD_BROADCAST.RT_TYPE,AGENCY_AD_BROADCAST.RT_TYPE,REBRDC_AD_CMPGN_DTLS;VIDEO_AD_CMPGN_DTLS,,직접참조,컬럼확정,WAIT,`FACT_AD_BROADCAST` 0행 — 원천 미입고
WIDE_AD_BROADCAST_CASE,PROGRAM_NM,FACT_AD_BROADCAST.PROGRAM_NM,AGENCY_AD_BROADCAST.PROGRAM_NM,REBRDC_AD_CMPGN_DTLS;VIDEO_AD_CMPGN_DTLS,,직접참조,컬럼확정,WAIT,`FACT_AD_BROADCAST` 0행 — 원천 미입고
WIDE_AD_BROADCAST_CASE,CHANNEL_COMPANY,FACT_AD_BROADCAST.CHANNEL_COMPANY,AGENCY_AD_BROADCAST.CHANNEL_COMPANY,REBRDC_AD_CMPGN_DTLS;VIDEO_AD_CMPGN_DTLS,,직접참조,컬럼확정,WAIT,`FACT_AD_BROADCAST` 0행 — 원천 미입고
WIDE_AD_BROADCAST_CASE,BROADCAST_DATE,FACT_AD_BROADCAST.BROADCAST_DATE,AGENCY_AD_BROADCAST.BROADCAST_DATE,REBRDC_AD_CMPGN_DTLS;VIDEO_AD_CMPGN_DTLS,,직접참조,컬럼확정,WAIT,`FACT_AD_BROADCAST` 0행 — 원천 미입고
WIDE_AD_BROADCAST_CASE,PERF_FULL_DATE,DIM_DATE.FULL_DATE,,,,직접참조,원천무관(ETL 생성),WAIT,`DIM_DATE` 0행 — 원천 미입고
WIDE_AD_BROADCAST_CASE,PERF_YEAR,DIM_DATE.YEAR,,,,직접참조,원천무관(ETL 생성),WAIT,`DIM_DATE` 0행 — 원천 미입고
WIDE_AD_BROADCAST_CASE,PERF_MONTH,DIM_DATE.MONTH,,,,직접참조,원천무관(ETL 생성),WAIT,`DIM_DATE` 0행 — 원천 미입고
WIDE_AD_BROADCAST_CASE,PERF_QUARTER,DIM_DATE.QUARTER,,,,직접참조,원천무관(ETL 생성),WAIT,`DIM_DATE` 0행 — 원천 미입고
WIDE_AD_BROADCAST_CASE,CAMPAIGN_NAME,DIM_CAMPAIGN.CAMPAIGN_NAME,CRM_CAMPAIGN.CMPGN_NM,TC_CMMN_DTL_CD;TC_MKTNG_DTL_CD;TM_CM_BRND_MNG;TM_CM_CMPGN_MNG,,직접참조,컬럼확정,WAIT,`DIM_CAMPAIGN` 0행 — 원천 미입고
WIDE_AD_COMBINED,AD_PERF_DK,FACT_AD_PERFORMANCE.AD_PERF_DK,AGENCY_AD_PERFORMANCE.AD_PERF_DK,DGT_AD_CMPGN_DTLS;REBRDC_AD_CMPGN_DTLS;VIDEO_AD_CMPGN_DTLS,,직접참조,컬럼확정,WAIT,`FACT_AD_PERFORMANCE` 0행 — 원천 미입고
WIDE_AD_COMBINED,PERF_DATE_SK,FACT_AD_PERFORMANCE.PERF_DATE_SK,AGENCY_AD_PERFORMANCE.AD_DATE,DGT_AD_CMPGN_DTLS;REBRDC_AD_CMPGN_DTLS;VIDEO_AD_CMPGN_DTLS,,직접참조,컬럼확정,WAIT,`FACT_AD_PERFORMANCE` 0행 — 원천 미입고
WIDE_AD_COMBINED,CAMPAIGN_SK,FACT_AD_PERFORMANCE.CAMPAIGN_SK,AGENCY_AD_PERFORMANCE.AD_DATE,DGT_AD_CMPGN_DTLS;REBRDC_AD_CMPGN_DTLS;VIDEO_AD_CMPGN_DTLS,,직접참조,컬럼확정,WAIT,`FACT_AD_PERFORMANCE` 0행 — 원천 미입고
WIDE_AD_COMBINED,MKTG_CAMPAIGN_SK,FACT_AD_PERFORMANCE.MKTG_CAMPAIGN_SK,AGENCY_AD_PERFORMANCE.AD_SOURCE_TYPE,DGT_AD_CMPGN_DTLS;REBRDC_AD_CMPGN_DTLS;VIDEO_AD_CMPGN_DTLS,,직접참조,컬럼확정,WAIT,`FACT_AD_PERFORMANCE` 0행 — 원천 미입고
WIDE_AD_COMBINED,AD_CREATIVE_SK,FACT_AD_PERFORMANCE.AD_CREATIVE_SK,AGENCY_AD_PERFORMANCE.AD_DATE,DGT_AD_CMPGN_DTLS;REBRDC_AD_CMPGN_DTLS;VIDEO_AD_CMPGN_DTLS,,직접참조,컬럼확정,WAIT,`FACT_AD_PERFORMANCE` 0행 — 원천 미입고
WIDE_AD_COMBINED,DEVICE_SK,FACT_AD_PERFORMANCE.DEVICE_SK,BIGQUERY_DEVICE.DEVICE_TYPE,BIGQUERY_REFINED_DATA,,직접참조,컬럼확정(2단),WAIT,`FACT_AD_PERFORMANCE` 0행 — 원천 미입고
WIDE_AD_COMBINED,AD_COST,FACT_AD_PERFORMANCE.AD_COST,AGENCY_AD_PERFORMANCE.AD_COST,DGT_AD_CMPGN_DTLS;REBRDC_AD_CMPGN_DTLS;VIDEO_AD_CMPGN_DTLS,,직접참조,컬럼확정,WAIT,`FACT_AD_PERFORMANCE` 0행 — 원천 미입고
WIDE_AD_COMBINED,IMPRESSIONS,FACT_AD_PERFORMANCE.IMPRESSIONS,AGENCY_AD_PERFORMANCE.IMPRESSION_CNT,DGT_AD_CMPGN_DTLS;REBRDC_AD_CMPGN_DTLS;VIDEO_AD_CMPGN_DTLS,,직접참조,컬럼확정,WAIT,`FACT_AD_PERFORMANCE` 0행 — 원천 미입고
WIDE_AD_COMBINED,CLICKS,FACT_AD_PERFORMANCE.CLICKS,AGENCY_AD_PERFORMANCE.CLICK_CNT,DGT_AD_CMPGN_DTLS;REBRDC_AD_CMPGN_DTLS;VIDEO_AD_CMPGN_DTLS,,직접참조,컬럼확정,WAIT,`FACT_AD_PERFORMANCE` 0행 — 원천 미입고
WIDE_AD_COMBINED,INBOUND_CALL,FACT_AD_PERFORMANCE.INBOUND_CALL,AGENCY_AD_PERFORMANCE.INBOUND_CALL_CNT,DGT_AD_CMPGN_DTLS;REBRDC_AD_CMPGN_DTLS;VIDEO_AD_CMPGN_DTLS,,직접참조,컬럼확정,WAIT,`FACT_AD_PERFORMANCE` 0행 — 원천 미입고
WIDE_AD_COMBINED,AGENCY_CONV_MEMBERS,FACT_AD_PERFORMANCE.AGENCY_CONV_MEMBERS,AGENCY_AD_PERFORMANCE.CONV_MEMBER_CNT,DGT_AD_CMPGN_DTLS;REBRDC_AD_CMPGN_DTLS;VIDEO_AD_CMPGN_DTLS,,직접참조,컬럼확정,WAIT,`FACT_AD_PERFORMANCE` 0행 — 원천 미입고
WIDE_AD_COMBINED,AGENCY_CONV_CNT,FACT_AD_PERFORMANCE.AGENCY_CONV_CNT,AGENCY_AD_PERFORMANCE.CONV_UNIT_CNT,DGT_AD_CMPGN_DTLS;REBRDC_AD_CMPGN_DTLS;VIDEO_AD_CMPGN_DTLS,,직접참조,컬럼확정,WAIT,`FACT_AD_PERFORMANCE` 0행 — 원천 미입고
WIDE_AD_COMBINED,DAY_OF_WEEK,FACT_AD_PERFORMANCE.DAY_OF_WEEK,AGENCY_AD_PERFORMANCE.AD_DATE,DGT_AD_CMPGN_DTLS;REBRDC_AD_CMPGN_DTLS;VIDEO_AD_CMPGN_DTLS,,직접참조,컬럼확정,WAIT,`FACT_AD_PERFORMANCE` 0행 — 원천 미입고
WIDE_AD_COMBINED,WEEK_OF_YEAR,FACT_AD_PERFORMANCE.WEEK_OF_YEAR,AGENCY_AD_PERFORMANCE.AD_DATE,DGT_AD_CMPGN_DTLS;REBRDC_AD_CMPGN_DTLS;VIDEO_AD_CMPGN_DTLS,,직접참조,컬럼확정,WAIT,`FACT_AD_PERFORMANCE` 0행 — 원천 미입고
WIDE_AD_COMBINED,AD_SOURCE_TYPE,FACT_AD_PERFORMANCE.AD_SOURCE_TYPE,AGENCY_AD_PERFORMANCE.AD_SOURCE_TYPE,DGT_AD_CMPGN_DTLS;REBRDC_AD_CMPGN_DTLS;VIDEO_AD_CMPGN_DTLS,,직접참조,컬럼확정,WAIT,`FACT_AD_PERFORMANCE` 0행 — 원천 미입고
WIDE_AD_COMBINED,PAGE_TYPE,FACT_AD_DIGITAL.PAGE_TYPE,AGENCY_AD_DIGITAL.PAGE_TYPE_NM,DGT_AD_CMPGN_DTLS,,직접참조,컬럼확정,WAIT,`FACT_AD_DIGITAL` 0행 — 원천 미입고
WIDE_AD_COMBINED,AD_GROUP_NM,FACT_AD_DIGITAL.AD_GROUP_NM,AGENCY_AD_DIGITAL.AD_GRP_NM,DGT_AD_CMPGN_DTLS,,직접참조,컬럼확정,WAIT,`FACT_AD_DIGITAL` 0행 — 원천 미입고
WIDE_AD_COMBINED,GROUP_DIV,FACT_AD_DIGITAL.GROUP_DIV,AGENCY_AD_DIGITAL.GRP_DIV_NM,DGT_AD_CMPGN_DTLS,,직접참조,컬럼확정,WAIT,`FACT_AD_DIGITAL` 0행 — 원천 미입고
WIDE_AD_COMBINED,CREATIVE_TYPE,FACT_AD_DIGITAL.CREATIVE_TYPE,AGENCY_AD_DIGITAL.MATR_TY_NM,DGT_AD_CMPGN_DTLS,,직접참조,컬럼확정,WAIT,`FACT_AD_DIGITAL` 0행 — 원천 미입고
WIDE_AD_COMBINED,AD_TYPE_NM,FACT_AD_DIGITAL.AD_TYPE_NM,AGENCY_AD_DIGITAL.AD_TY_NM,DGT_AD_CMPGN_DTLS,,직접참조,컬럼확정,WAIT,`FACT_AD_DIGITAL` 0행 — 원천 미입고
WIDE_AD_COMBINED,READ_CNT,FACT_AD_DIGITAL.READ_CNT,AGENCY_AD_DIGITAL.READ_CNT,DGT_AD_CMPGN_DTLS,,직접참조,컬럼확정,WAIT,`FACT_AD_DIGITAL` 0행 — 원천 미입고
WIDE_AD_COMBINED,MEDIA_POTENTIAL_CUST_CNT,FACT_AD_DIGITAL.MEDIA_POTENTIAL_CUST_CNT,AGENCY_AD_DIGITAL.MEDIA_PTNT_CUST_CNT,DGT_AD_CMPGN_DTLS,,직접참조,컬럼확정,WAIT,`FACT_AD_DIGITAL` 0행 — 원천 미입고
WIDE_AD_COMBINED,CRM_DEV_CNT,FACT_AD_DIGITAL.CRM_DEV_CNT,AGENCY_AD_DIGITAL.CRM_DVLP_CNT,DGT_AD_CMPGN_DTLS,,직접참조,컬럼확정,WAIT,`FACT_AD_DIGITAL` 0행 — 원천 미입고
WIDE_AD_COMBINED,CTR_SRC,FACT_AD_DIGITAL.CTR_SRC,AGENCY_AD_DIGITAL.CTR_SRC,DGT_AD_CMPGN_DTLS,,직접참조,컬럼확정,WAIT,`FACT_AD_DIGITAL` 0행 — 원천 미입고
WIDE_AD_COMBINED,CVR_SRC,FACT_AD_DIGITAL.CVR_SRC,AGENCY_AD_DIGITAL.CVR_SRC,DGT_AD_CMPGN_DTLS,,직접참조,컬럼확정,WAIT,`FACT_AD_DIGITAL` 0행 — 원천 미입고
WIDE_AD_COMBINED,CPC_SRC,FACT_AD_DIGITAL.CPC_SRC,AGENCY_AD_DIGITAL.CPC_SRC,DGT_AD_CMPGN_DTLS,,직접참조,컬럼확정,WAIT,`FACT_AD_DIGITAL` 0행 — 원천 미입고
WIDE_AD_COMBINED,CPM_SRC,FACT_AD_DIGITAL.CPM_SRC,AGENCY_AD_DIGITAL.CPM_SRC,DGT_AD_CMPGN_DTLS,,직접참조,컬럼확정,WAIT,`FACT_AD_DIGITAL` 0행 — 원천 미입고
WIDE_AD_COMBINED,CPA_SRC,FACT_AD_DIGITAL.CPA_SRC,AGENCY_AD_DIGITAL.CPA_SRC,DGT_AD_CMPGN_DTLS,,직접참조,컬럼확정,WAIT,`FACT_AD_DIGITAL` 0행 — 원천 미입고
WIDE_AD_COMBINED,DEV_UNIT_PRICE_SRC,FACT_AD_DIGITAL.DEV_UNIT_PRICE_SRC,AGENCY_AD_DIGITAL.DEV_UNIT_PRICE_SRC,DGT_AD_CMPGN_DTLS,,직접참조,컬럼확정,WAIT,`FACT_AD_DIGITAL` 0행 — 원천 미입고
WIDE_AD_COMBINED,VTR_SRC,FACT_AD_DIGITAL.VTR_SRC,AGENCY_AD_DIGITAL.VTR_SRC,DGT_AD_CMPGN_DTLS,,직접참조,컬럼확정,WAIT,`FACT_AD_DIGITAL` 0행 — 원천 미입고
WIDE_AD_COMBINED,TIME_BAND,FACT_AD_BROADCAST.TIME_BAND,AGENCY_AD_BROADCAST.TIME_BAND,REBRDC_AD_CMPGN_DTLS;VIDEO_AD_CMPGN_DTLS,,직접참조,컬럼확정,WAIT,`FACT_AD_BROADCAST` 0행 — 원천 미입고
WIDE_AD_COMBINED,CM_POSITION,FACT_AD_BROADCAST.CM_POSITION,AGENCY_AD_BROADCAST.CM_POSITION,REBRDC_AD_CMPGN_DTLS;VIDEO_AD_CMPGN_DTLS,,직접참조,컬럼확정,WAIT,`FACT_AD_BROADCAST` 0행 — 원천 미입고
WIDE_AD_COMBINED,RT_TYPE,FACT_AD_BROADCAST.RT_TYPE,AGENCY_AD_BROADCAST.RT_TYPE,REBRDC_AD_CMPGN_DTLS;VIDEO_AD_CMPGN_DTLS,,직접참조,컬럼확정,WAIT,`FACT_AD_BROADCAST` 0행 — 원천 미입고
WIDE_AD_COMBINED,AD_START_TIME,FACT_AD_BROADCAST.AD_START_TIME,AGENCY_AD_BROADCAST.AD_START_TIME,REBRDC_AD_CMPGN_DTLS;VIDEO_AD_CMPGN_DTLS,,직접참조,컬럼확정,WAIT,`FACT_AD_BROADCAST` 0행 — 원천 미입고
WIDE_AD_COMBINED,AD_END_TIME,FACT_AD_BROADCAST.AD_END_TIME,AGENCY_AD_BROADCAST.AD_END_TIME,REBRDC_AD_CMPGN_DTLS;VIDEO_AD_CMPGN_DTLS,,직접참조,컬럼확정,WAIT,`FACT_AD_BROADCAST` 0행 — 원천 미입고
WIDE_AD_COMBINED,BROADCAST_DATE,FACT_AD_BROADCAST.BROADCAST_DATE,AGENCY_AD_BROADCAST.BROADCAST_DATE,REBRDC_AD_CMPGN_DTLS;VIDEO_AD_CMPGN_DTLS,,직접참조,컬럼확정,WAIT,`FACT_AD_BROADCAST` 0행 — 원천 미입고
WIDE_AD_COMBINED,PROGRAM_NM,FACT_AD_BROADCAST.PROGRAM_NM,AGENCY_AD_BROADCAST.PROGRAM_NM,REBRDC_AD_CMPGN_DTLS;VIDEO_AD_CMPGN_DTLS,,직접참조,컬럼확정,WAIT,`FACT_AD_BROADCAST` 0행 — 원천 미입고
WIDE_AD_COMBINED,CHANNEL_COMPANY,FACT_AD_BROADCAST.CHANNEL_COMPANY,AGENCY_AD_BROADCAST.CHANNEL_COMPANY,REBRDC_AD_CMPGN_DTLS;VIDEO_AD_CMPGN_DTLS,,직접참조,컬럼확정,WAIT,`FACT_AD_BROADCAST` 0행 — 원천 미입고
WIDE_AD_COMBINED,CHANNEL_COMPANY_TYPE,FACT_AD_BROADCAST.CHANNEL_COMPANY_TYPE,AGENCY_AD_BROADCAST.CHANNEL_COMPANY_TYPE,REBRDC_AD_CMPGN_DTLS;VIDEO_AD_CMPGN_DTLS,,직접참조,컬럼확정,WAIT,`FACT_AD_BROADCAST` 0행 — 원천 미입고
WIDE_AD_COMBINED,SPOT_TYPE,FACT_AD_BROADCAST.SPOT_TYPE,AGENCY_AD_BROADCAST.SPOT_TYPE,REBRDC_AD_CMPGN_DTLS;VIDEO_AD_CMPGN_DTLS,,직접참조,컬럼확정,WAIT,`FACT_AD_BROADCAST` 0행 — 원천 미입고
WIDE_AD_COMBINED,DURATION_SEC,FACT_AD_BROADCAST.DURATION_SEC,AGENCY_AD_BROADCAST.DURATION_SEC,REBRDC_AD_CMPGN_DTLS;VIDEO_AD_CMPGN_DTLS,,직접참조,컬럼확정,WAIT,`FACT_AD_BROADCAST` 0행 — 원천 미입고
WIDE_AD_COMBINED,DAY_DIV,FACT_AD_BROADCAST.DAY_DIV,AGENCY_AD_BROADCAST.DAY_DIV,REBRDC_AD_CMPGN_DTLS;VIDEO_AD_CMPGN_DTLS,,직접참조,컬럼확정,WAIT,`FACT_AD_BROADCAST` 0행 — 원천 미입고
WIDE_AD_COMBINED,PRG_START_TIME,FACT_AD_BROADCAST.PRG_START_TIME,AGENCY_AD_BROADCAST.PRG_START_TIME,REBRDC_AD_CMPGN_DTLS;VIDEO_AD_CMPGN_DTLS,,직접참조,컬럼확정,WAIT,`FACT_AD_BROADCAST` 0행 — 원천 미입고
WIDE_AD_COMBINED,CTV_DIV,FACT_AD_BROADCAST.CTV_DIV,AGENCY_AD_BROADCAST.CTV_DIV,REBRDC_AD_CMPGN_DTLS;VIDEO_AD_CMPGN_DTLS,,직접참조,컬럼확정,WAIT,`FACT_AD_BROADCAST` 0행 — 원천 미입고
WIDE_AD_COMBINED,BRDC_DIV,FACT_AD_BROADCAST.BRDC_DIV,AGENCY_AD_BROADCAST.BRDC_DIV,REBRDC_AD_CMPGN_DTLS;VIDEO_AD_CMPGN_DTLS,,직접참조,컬럼확정,WAIT,`FACT_AD_BROADCAST` 0행 — 원천 미입고
WIDE_AD_COMBINED,AD_CNT,FACT_AD_BROADCAST.AD_CNT,AGENCY_AD_BROADCAST.AD_CNT,REBRDC_AD_CMPGN_DTLS;VIDEO_AD_CMPGN_DTLS,,직접참조,컬럼확정,WAIT,`FACT_AD_BROADCAST` 0행 — 원천 미입고
WIDE_AD_COMBINED,CONV_CALL_CNT,FACT_AD_BROADCAST.CONV_CALL_CNT,AGENCY_AD_BROADCAST.CONV_CALL_CNT,REBRDC_AD_CMPGN_DTLS;VIDEO_AD_CMPGN_DTLS,,직접참조,컬럼확정,WAIT,`FACT_AD_BROADCAST` 0행 — 원천 미입고
WIDE_AD_COMBINED,DVLP_MEMBER_CNT,FACT_AD_BROADCAST.DVLP_MEMBER_CNT,AGENCY_AD_BROADCAST.DVLP_MEMBER_CNT,REBRDC_AD_CMPGN_DTLS;VIDEO_AD_CMPGN_DTLS,,직접참조,컬럼확정,WAIT,`FACT_AD_BROADCAST` 0행 — 원천 미입고
WIDE_AD_COMBINED,DVLP_CNT,FACT_AD_BROADCAST.DVLP_CNT,AGENCY_AD_BROADCAST.DVLP_CNT,REBRDC_AD_CMPGN_DTLS;VIDEO_AD_CMPGN_DTLS,,직접참조,컬럼확정,WAIT,`FACT_AD_BROADCAST` 0행 — 원천 미입고
WIDE_AD_COMBINED,BRDC_AD_VIEW_RT_SRC,FACT_AD_BROADCAST.AD_VIEW_RT_SRC,AGENCY_AD_BROADCAST.AD_VIEW_RT_SRC,REBRDC_AD_CMPGN_DTLS;VIDEO_AD_CMPGN_DTLS,,직접참조,컬럼확정,WAIT,`FACT_AD_BROADCAST` 0행 — 원천 미입고
WIDE_AD_COMBINED,BRDC_CPC_SRC,FACT_AD_BROADCAST.CPC_SRC,AGENCY_AD_BROADCAST.CPC_SRC,REBRDC_AD_CMPGN_DTLS;VIDEO_AD_CMPGN_DTLS,,직접참조,컬럼확정,WAIT,`FACT_AD_BROADCAST` 0행 — 원천 미입고
WIDE_AD_DIGITAL,AD_PERF_DK,FACT_AD_DIGITAL.AD_PERF_DK,AGENCY_AD_DIGITAL.AD_PERF_DK,DGT_AD_CMPGN_DTLS,,직접참조,컬럼확정,WAIT,`FACT_AD_DIGITAL` 0행 — 원천 미입고
WIDE_AD_DIGITAL,AD_SOURCE_TYPE,FACT_AD_PERFORMANCE.AD_SOURCE_TYPE,AGENCY_AD_PERFORMANCE.AD_SOURCE_TYPE,DGT_AD_CMPGN_DTLS;REBRDC_AD_CMPGN_DTLS;VIDEO_AD_CMPGN_DTLS,,직접참조,컬럼확정,WAIT,`FACT_AD_PERFORMANCE` 0행 — 원천 미입고
WIDE_AD_DIGITAL,PERF_DATE_SK,FACT_AD_PERFORMANCE.PERF_DATE_SK,AGENCY_AD_PERFORMANCE.AD_DATE,DGT_AD_CMPGN_DTLS;REBRDC_AD_CMPGN_DTLS;VIDEO_AD_CMPGN_DTLS,,직접참조,컬럼확정,WAIT,`FACT_AD_PERFORMANCE` 0행 — 원천 미입고
WIDE_AD_DIGITAL,AD_COST,FACT_AD_PERFORMANCE.AD_COST,AGENCY_AD_PERFORMANCE.AD_COST,DGT_AD_CMPGN_DTLS;REBRDC_AD_CMPGN_DTLS;VIDEO_AD_CMPGN_DTLS,,직접참조,컬럼확정,WAIT,`FACT_AD_PERFORMANCE` 0행 — 원천 미입고
WIDE_AD_DIGITAL,IMPRESSIONS,FACT_AD_PERFORMANCE.IMPRESSIONS,AGENCY_AD_PERFORMANCE.IMPRESSION_CNT,DGT_AD_CMPGN_DTLS;REBRDC_AD_CMPGN_DTLS;VIDEO_AD_CMPGN_DTLS,,직접참조,컬럼확정,WAIT,`FACT_AD_PERFORMANCE` 0행 — 원천 미입고
WIDE_AD_DIGITAL,CLICKS,FACT_AD_PERFORMANCE.CLICKS,AGENCY_AD_PERFORMANCE.CLICK_CNT,DGT_AD_CMPGN_DTLS;REBRDC_AD_CMPGN_DTLS;VIDEO_AD_CMPGN_DTLS,,직접참조,컬럼확정,WAIT,`FACT_AD_PERFORMANCE` 0행 — 원천 미입고
WIDE_AD_DIGITAL,AGENCY_CONV_MEMBERS,FACT_AD_PERFORMANCE.AGENCY_CONV_MEMBERS,AGENCY_AD_PERFORMANCE.CONV_MEMBER_CNT,DGT_AD_CMPGN_DTLS;REBRDC_AD_CMPGN_DTLS;VIDEO_AD_CMPGN_DTLS,,직접참조,컬럼확정,WAIT,`FACT_AD_PERFORMANCE` 0행 — 원천 미입고
WIDE_AD_DIGITAL,AGENCY_CONV_CNT,FACT_AD_PERFORMANCE.AGENCY_CONV_CNT,AGENCY_AD_PERFORMANCE.CONV_UNIT_CNT,DGT_AD_CMPGN_DTLS;REBRDC_AD_CMPGN_DTLS;VIDEO_AD_CMPGN_DTLS,,직접참조,컬럼확정,WAIT,`FACT_AD_PERFORMANCE` 0행 — 원천 미입고
WIDE_AD_DIGITAL,PAGE_TYPE,FACT_AD_DIGITAL.PAGE_TYPE,AGENCY_AD_DIGITAL.PAGE_TYPE_NM,DGT_AD_CMPGN_DTLS,,직접참조,컬럼확정,WAIT,`FACT_AD_DIGITAL` 0행 — 원천 미입고
WIDE_AD_DIGITAL,AD_GROUP_NM,FACT_AD_DIGITAL.AD_GROUP_NM,AGENCY_AD_DIGITAL.AD_GRP_NM,DGT_AD_CMPGN_DTLS,,직접참조,컬럼확정,WAIT,`FACT_AD_DIGITAL` 0행 — 원천 미입고
WIDE_AD_DIGITAL,GROUP_DIV,FACT_AD_DIGITAL.GROUP_DIV,AGENCY_AD_DIGITAL.GRP_DIV_NM,DGT_AD_CMPGN_DTLS,,직접참조,컬럼확정,WAIT,`FACT_AD_DIGITAL` 0행 — 원천 미입고
WIDE_AD_DIGITAL,CREATIVE_TYPE,FACT_AD_DIGITAL.CREATIVE_TYPE,AGENCY_AD_DIGITAL.MATR_TY_NM,DGT_AD_CMPGN_DTLS,,직접참조,컬럼확정,WAIT,`FACT_AD_DIGITAL` 0행 — 원천 미입고
WIDE_AD_DIGITAL,AD_TYPE_NM,FACT_AD_DIGITAL.AD_TYPE_NM,AGENCY_AD_DIGITAL.AD_TY_NM,DGT_AD_CMPGN_DTLS,,직접참조,컬럼확정,WAIT,`FACT_AD_DIGITAL` 0행 — 원천 미입고
WIDE_AD_DIGITAL,READ_CNT,FACT_AD_DIGITAL.READ_CNT,AGENCY_AD_DIGITAL.READ_CNT,DGT_AD_CMPGN_DTLS,,직접참조,컬럼확정,WAIT,`FACT_AD_DIGITAL` 0행 — 원천 미입고
WIDE_AD_DIGITAL,MEDIA_POTENTIAL_CUST_CNT,FACT_AD_DIGITAL.MEDIA_POTENTIAL_CUST_CNT,AGENCY_AD_DIGITAL.MEDIA_PTNT_CUST_CNT,DGT_AD_CMPGN_DTLS,,직접참조,컬럼확정,WAIT,`FACT_AD_DIGITAL` 0행 — 원천 미입고
WIDE_AD_DIGITAL,CRM_DEV_CNT,FACT_AD_DIGITAL.CRM_DEV_CNT,AGENCY_AD_DIGITAL.CRM_DVLP_CNT,DGT_AD_CMPGN_DTLS,,직접참조,컬럼확정,WAIT,`FACT_AD_DIGITAL` 0행 — 원천 미입고
WIDE_AD_DIGITAL,CTR_SRC,FACT_AD_DIGITAL.CTR_SRC,AGENCY_AD_DIGITAL.CTR_SRC,DGT_AD_CMPGN_DTLS,,직접참조,컬럼확정,WAIT,`FACT_AD_DIGITAL` 0행 — 원천 미입고
WIDE_AD_DIGITAL,CVR_SRC,FACT_AD_DIGITAL.CVR_SRC,AGENCY_AD_DIGITAL.CVR_SRC,DGT_AD_CMPGN_DTLS,,직접참조,컬럼확정,WAIT,`FACT_AD_DIGITAL` 0행 — 원천 미입고
WIDE_AD_DIGITAL,CPC_SRC,FACT_AD_DIGITAL.CPC_SRC,AGENCY_AD_DIGITAL.CPC_SRC,DGT_AD_CMPGN_DTLS,,직접참조,컬럼확정,WAIT,`FACT_AD_DIGITAL` 0행 — 원천 미입고
WIDE_AD_DIGITAL,CPM_SRC,FACT_AD_DIGITAL.CPM_SRC,AGENCY_AD_DIGITAL.CPM_SRC,DGT_AD_CMPGN_DTLS,,직접참조,컬럼확정,WAIT,`FACT_AD_DIGITAL` 0행 — 원천 미입고
WIDE_AD_DIGITAL,CPA_SRC,FACT_AD_DIGITAL.CPA_SRC,AGENCY_AD_DIGITAL.CPA_SRC,DGT_AD_CMPGN_DTLS,,직접참조,컬럼확정,WAIT,`FACT_AD_DIGITAL` 0행 — 원천 미입고
WIDE_AD_DIGITAL,DEV_UNIT_PRICE_SRC,FACT_AD_DIGITAL.DEV_UNIT_PRICE_SRC,AGENCY_AD_DIGITAL.DEV_UNIT_PRICE_SRC,DGT_AD_CMPGN_DTLS,,직접참조,컬럼확정,WAIT,`FACT_AD_DIGITAL` 0행 — 원천 미입고
WIDE_AD_DIGITAL,VTR_SRC,FACT_AD_DIGITAL.VTR_SRC,AGENCY_AD_DIGITAL.VTR_SRC,DGT_AD_CMPGN_DTLS,,직접참조,컬럼확정,WAIT,`FACT_AD_DIGITAL` 0행 — 원천 미입고
WIDE_AD_DIGITAL,PERF_FULL_DATE,DIM_DATE.FULL_DATE,,,,직접참조,원천무관(ETL 생성),WAIT,`DIM_DATE` 0행 — 원천 미입고
WIDE_AD_DIGITAL,PERF_YEAR,DIM_DATE.YEAR,,,,직접참조,원천무관(ETL 생성),WAIT,`DIM_DATE` 0행 — 원천 미입고
WIDE_AD_DIGITAL,PERF_MONTH,DIM_DATE.MONTH,,,,직접참조,원천무관(ETL 생성),WAIT,`DIM_DATE` 0행 — 원천 미입고
WIDE_AD_DIGITAL,PERF_QUARTER,DIM_DATE.QUARTER,,,,직접참조,원천무관(ETL 생성),WAIT,`DIM_DATE` 0행 — 원천 미입고
WIDE_AD_DIGITAL,PERF_IS_HOLIDAY,DIM_DATE.IS_HOLIDAY,,,,직접참조,원천무관(ETL 생성),WAIT,`DIM_DATE` 0행 — 원천 미입고
WIDE_AD_DIGITAL,CAMPAIGN_NAME,DIM_CAMPAIGN.CAMPAIGN_NAME,CRM_CAMPAIGN.CMPGN_NM,TC_CMMN_DTL_CD;TC_MKTNG_DTL_CD;TM_CM_BRND_MNG;TM_CM_CMPGN_MNG,,직접참조,컬럼확정,WAIT,`DIM_CAMPAIGN` 0행 — 원천 미입고
WIDE_AD_DIGITAL,AD_MEDIA_NAME,DIM_AD_CREATIVE.MEDIA_NAME,AGENCY_AD_CREATIVE.MEDIA_CHANNEL_NM,DGT_AD_CMPGN_DTLS;REBRDC_AD_CMPGN_DTLS;VIDEO_AD_CMPGN_DTLS,,직접참조,컬럼확정,WAIT,`DIM_AD_CREATIVE` 0행 — 원천 미입고
WIDE_AD_DIGITAL,AD_CREATIVE,DIM_AD_CREATIVE.CREATIVE,AGENCY_AD_CREATIVE.CREATIVE_NM,DGT_AD_CMPGN_DTLS;REBRDC_AD_CMPGN_DTLS;VIDEO_AD_CMPGN_DTLS,,직접참조,컬럼확정,WAIT,`DIM_AD_CREATIVE` 0행 — 원천 미입고
WIDE_AD_DIGITAL,DEVICE_TYPE,DIM_DEVICE.DEVICE_TYPE,BIGQUERY_DEVICE.DEVICE_TYPE,BIGQUERY_REFINED_DATA,,직접참조,컬럼확정,WAIT,`DIM_DEVICE` 0행 — 원천 미입고
WIDE_AD_PERFORMANCE,AD_PERF_DK,FACT_AD_PERFORMANCE.AD_PERF_DK,AGENCY_AD_PERFORMANCE.AD_PERF_DK,DGT_AD_CMPGN_DTLS;REBRDC_AD_CMPGN_DTLS;VIDEO_AD_CMPGN_DTLS,,직접참조,컬럼확정,WAIT,`FACT_AD_PERFORMANCE` 0행 — 원천 미입고
WIDE_AD_PERFORMANCE,PERF_DATE_SK,FACT_AD_PERFORMANCE.PERF_DATE_SK,AGENCY_AD_PERFORMANCE.AD_DATE,DGT_AD_CMPGN_DTLS;REBRDC_AD_CMPGN_DTLS;VIDEO_AD_CMPGN_DTLS,,직접참조,컬럼확정,WAIT,`FACT_AD_PERFORMANCE` 0행 — 원천 미입고
WIDE_AD_PERFORMANCE,AD_COST,FACT_AD_PERFORMANCE.AD_COST,AGENCY_AD_PERFORMANCE.AD_COST,DGT_AD_CMPGN_DTLS;REBRDC_AD_CMPGN_DTLS;VIDEO_AD_CMPGN_DTLS,,직접참조,컬럼확정,WAIT,`FACT_AD_PERFORMANCE` 0행 — 원천 미입고
WIDE_AD_PERFORMANCE,IMPRESSIONS,FACT_AD_PERFORMANCE.IMPRESSIONS,AGENCY_AD_PERFORMANCE.IMPRESSION_CNT,DGT_AD_CMPGN_DTLS;REBRDC_AD_CMPGN_DTLS;VIDEO_AD_CMPGN_DTLS,,직접참조,컬럼확정,WAIT,`FACT_AD_PERFORMANCE` 0행 — 원천 미입고
WIDE_AD_PERFORMANCE,CLICKS,FACT_AD_PERFORMANCE.CLICKS,AGENCY_AD_PERFORMANCE.CLICK_CNT,DGT_AD_CMPGN_DTLS;REBRDC_AD_CMPGN_DTLS;VIDEO_AD_CMPGN_DTLS,,직접참조,컬럼확정,WAIT,`FACT_AD_PERFORMANCE` 0행 — 원천 미입고
WIDE_AD_PERFORMANCE,INBOUND_CALL,FACT_AD_PERFORMANCE.INBOUND_CALL,AGENCY_AD_PERFORMANCE.INBOUND_CALL_CNT,DGT_AD_CMPGN_DTLS;REBRDC_AD_CMPGN_DTLS;VIDEO_AD_CMPGN_DTLS,,직접참조,컬럼확정,WAIT,`FACT_AD_PERFORMANCE` 0행 — 원천 미입고
WIDE_AD_PERFORMANCE,AGENCY_CONV_MEMBERS,FACT_AD_PERFORMANCE.AGENCY_CONV_MEMBERS,AGENCY_AD_PERFORMANCE.CONV_MEMBER_CNT,DGT_AD_CMPGN_DTLS;REBRDC_AD_CMPGN_DTLS;VIDEO_AD_CMPGN_DTLS,,직접참조,컬럼확정,WAIT,`FACT_AD_PERFORMANCE` 0행 — 원천 미입고
WIDE_AD_PERFORMANCE,AGENCY_CONV_CNT,FACT_AD_PERFORMANCE.AGENCY_CONV_CNT,AGENCY_AD_PERFORMANCE.CONV_UNIT_CNT,DGT_AD_CMPGN_DTLS;REBRDC_AD_CMPGN_DTLS;VIDEO_AD_CMPGN_DTLS,,직접참조,컬럼확정,WAIT,`FACT_AD_PERFORMANCE` 0행 — 원천 미입고
WIDE_AD_PERFORMANCE,DAY_OF_WEEK,FACT_AD_PERFORMANCE.DAY_OF_WEEK,AGENCY_AD_PERFORMANCE.AD_DATE,DGT_AD_CMPGN_DTLS;REBRDC_AD_CMPGN_DTLS;VIDEO_AD_CMPGN_DTLS,,직접참조,컬럼확정,WAIT,`FACT_AD_PERFORMANCE` 0행 — 원천 미입고
WIDE_AD_PERFORMANCE,WEEK_OF_YEAR,FACT_AD_PERFORMANCE.WEEK_OF_YEAR,AGENCY_AD_PERFORMANCE.AD_DATE,DGT_AD_CMPGN_DTLS;REBRDC_AD_CMPGN_DTLS;VIDEO_AD_CMPGN_DTLS,,직접참조,컬럼확정,WAIT,`FACT_AD_PERFORMANCE` 0행 — 원천 미입고
WIDE_AD_PERFORMANCE,AD_SOURCE_TYPE,FACT_AD_PERFORMANCE.AD_SOURCE_TYPE,AGENCY_AD_PERFORMANCE.AD_SOURCE_TYPE,DGT_AD_CMPGN_DTLS;REBRDC_AD_CMPGN_DTLS;VIDEO_AD_CMPGN_DTLS,,직접참조,컬럼확정,WAIT,`FACT_AD_PERFORMANCE` 0행 — 원천 미입고
WIDE_AD_PERFORMANCE,PERF_FULL_DATE,DIM_DATE.FULL_DATE,,,,직접참조,원천무관(ETL 생성),WAIT,`DIM_DATE` 0행 — 원천 미입고
WIDE_AD_PERFORMANCE,PERF_YEAR,DIM_DATE.YEAR,,,,직접참조,원천무관(ETL 생성),WAIT,`DIM_DATE` 0행 — 원천 미입고
WIDE_AD_PERFORMANCE,PERF_MONTH,DIM_DATE.MONTH,,,,직접참조,원천무관(ETL 생성),WAIT,`DIM_DATE` 0행 — 원천 미입고
WIDE_AD_PERFORMANCE,PERF_QUARTER,DIM_DATE.QUARTER,,,,직접참조,원천무관(ETL 생성),WAIT,`DIM_DATE` 0행 — 원천 미입고
WIDE_AD_PERFORMANCE,PERF_IS_HOLIDAY,DIM_DATE.IS_HOLIDAY,,,,직접참조,원천무관(ETL 생성),WAIT,`DIM_DATE` 0행 — 원천 미입고
WIDE_AD_PERFORMANCE,CAMPAIGN_BK,DIM_CAMPAIGN.CAMPAIGN_BK,CRM_CAMPAIGN.CMPGN_CD,TC_CMMN_DTL_CD;TC_MKTNG_DTL_CD;TM_CM_BRND_MNG;TM_CM_CMPGN_MNG,,직접참조,컬럼확정,WAIT,`DIM_CAMPAIGN` 0행 — 원천 미입고
WIDE_AD_PERFORMANCE,CAMPAIGN_BRAND,DIM_CAMPAIGN.BRAND,CRM_CAMPAIGN.BRND_NM,TC_CMMN_DTL_CD;TC_MKTNG_DTL_CD;TM_CM_BRND_MNG;TM_CM_CMPGN_MNG,,직접참조,컬럼확정,WAIT,`DIM_CAMPAIGN` 0행 — 원천 미입고
WIDE_AD_PERFORMANCE,CAMPAIGN_PARENT,DIM_CAMPAIGN.PARENT_CAMPAIGN,CRM_CAMPAIGN.UPPER_CMPGN_CD,TC_CMMN_DTL_CD;TC_MKTNG_DTL_CD;TM_CM_BRND_MNG;TM_CM_CMPGN_MNG,,직접참조,컬럼확정,WAIT,`DIM_CAMPAIGN` 0행 — 원천 미입고
WIDE_AD_PERFORMANCE,CAMPAIGN_NAME,DIM_CAMPAIGN.CAMPAIGN_NAME,CRM_CAMPAIGN.CMPGN_NM,TC_CMMN_DTL_CD;TC_MKTNG_DTL_CD;TM_CM_BRND_MNG;TM_CM_CMPGN_MNG,,직접참조,컬럼확정,WAIT,`DIM_CAMPAIGN` 0행 — 원천 미입고
WIDE_AD_PERFORMANCE,CAMPAIGN_PROMO_METHOD,DIM_CAMPAIGN.PROMO_METHOD,CRM_CAMPAIGN.PR_MTH_CD,TC_CMMN_DTL_CD;TC_MKTNG_DTL_CD;TM_CM_BRND_MNG;TM_CM_CMPGN_MNG,,직접참조,컬럼확정,WAIT,`DIM_CAMPAIGN` 0행 — 원천 미입고
WIDE_AD_PERFORMANCE,CAMPAIGN_TYPE,DIM_CAMPAIGN.CAMPAIGN_TYPE,CRM_CAMPAIGN.CMPGN_CTGR_NM,TC_CMMN_DTL_CD;TC_MKTNG_DTL_CD;TM_CM_BRND_MNG;TM_CM_CMPGN_MNG,,직접참조,컬럼확정,WAIT,`DIM_CAMPAIGN` 0행 — 원천 미입고
WIDE_AD_PERFORMANCE,AD_CREATIVE_BK,DIM_AD_CREATIVE.AD_CREATIVE_BK,AGENCY_AD_CREATIVE.CREATIVE_DK,DGT_AD_CMPGN_DTLS;REBRDC_AD_CMPGN_DTLS;VIDEO_AD_CMPGN_DTLS,,직접참조,컬럼확정,WAIT,`DIM_AD_CREATIVE` 0행 — 원천 미입고
WIDE_AD_PERFORMANCE,AD_MEDIA_NAME,DIM_AD_CREATIVE.MEDIA_NAME,AGENCY_AD_CREATIVE.MEDIA_CHANNEL_NM,DGT_AD_CMPGN_DTLS;REBRDC_AD_CMPGN_DTLS;VIDEO_AD_CMPGN_DTLS,,직접참조,컬럼확정,WAIT,`DIM_AD_CREATIVE` 0행 — 원천 미입고
WIDE_AD_PERFORMANCE,AD_PLATFORM,DIM_AD_CREATIVE.PLATFORM,AGENCY_AD_CREATIVE.SOURCE_SYSTEM,DGT_AD_CMPGN_DTLS;REBRDC_AD_CMPGN_DTLS;VIDEO_AD_CMPGN_DTLS,,직접참조,컬럼확정,WAIT,`DIM_AD_CREATIVE` 0행 — 원천 미입고
WIDE_AD_PERFORMANCE,AD_PLATFORM_TYPE,DIM_AD_CREATIVE.PLATFORM_TYPE,AGENCY_AD_CREATIVE.SOURCE_SYSTEM,DGT_AD_CMPGN_DTLS;REBRDC_AD_CMPGN_DTLS;VIDEO_AD_CMPGN_DTLS,,직접참조,컬럼확정,WAIT,`DIM_AD_CREATIVE` 0행 — 원천 미입고
WIDE_AD_PERFORMANCE,AD_CREATIVE,DIM_AD_CREATIVE.CREATIVE,AGENCY_AD_CREATIVE.CREATIVE_NM,DGT_AD_CMPGN_DTLS;REBRDC_AD_CMPGN_DTLS;VIDEO_AD_CMPGN_DTLS,,직접참조,컬럼확정,WAIT,`DIM_AD_CREATIVE` 0행 — 원천 미입고
WIDE_AD_PERFORMANCE,AD_CREATIVE_TYPE,DIM_AD_CREATIVE.AD_TYPE,AGENCY_AD_CREATIVE.CREATIVE_TYPE_NM,DGT_AD_CMPGN_DTLS;REBRDC_AD_CMPGN_DTLS;VIDEO_AD_CMPGN_DTLS,,직접참조,컬럼확정,WAIT,`DIM_AD_CREATIVE` 0행 — 원천 미입고
WIDE_AD_PERFORMANCE,AD_TARGET_GROUP,DIM_AD_CREATIVE.TARGET_GROUP,AGENCY_AD_CREATIVE.CREATIVE_TYPE_NM,DGT_AD_CMPGN_DTLS;REBRDC_AD_CMPGN_DTLS;VIDEO_AD_CMPGN_DTLS,,직접참조,컬럼확정,WAIT,`DIM_AD_CREATIVE` 0행 — 원천 미입고
WIDE_AD_PERFORMANCE,DEVICE_TYPE,DIM_DEVICE.DEVICE_TYPE,BIGQUERY_DEVICE.DEVICE_TYPE,BIGQUERY_REFINED_DATA,,직접참조,컬럼확정,WAIT,`DIM_DEVICE` 0행 — 원천 미입고
WIDE_AD_PERFORMANCE,DEVICE_SCOPE_DESC,DIM_DEVICE.DEVICE_SCOPE_DESC,BIGQUERY_DEVICE.PLATFORM,BIGQUERY_REFINED_DATA,,직접참조,컬럼확정,WAIT,`DIM_DEVICE` 0행 — 원천 미입고
WIDE_BIGQUERY_BEHAVIOR,DATE_SK,FACT_BIGQUERY_BEHAVIOR.DATE_SK,BIGQUERY_EVENT.EVENT_DT,BIGQUERY_REFINED_DATA,,직접참조,컬럼확정,WAIT,`FACT_BIGQUERY_BEHAVIOR` 0행 — 원천 미입고
WIDE_BIGQUERY_BEHAVIOR,PAGE_PATH,FACT_BIGQUERY_BEHAVIOR.PAGE_PATH,BIGQUERY_EVENT.PAGE_LOCATION,BIGQUERY_REFINED_DATA,,직접참조,컬럼확정,WAIT,`FACT_BIGQUERY_BEHAVIOR` 0행 — 원천 미입고
WIDE_BIGQUERY_BEHAVIOR,PAGE_LOCATION,FACT_BIGQUERY_BEHAVIOR.PAGE_LOCATION,BIGQUERY_EVENT.PAGE_LOCATION,BIGQUERY_REFINED_DATA,,직접참조,컬럼확정,WAIT,`FACT_BIGQUERY_BEHAVIOR` 0행 — 원천 미입고
WIDE_BIGQUERY_BEHAVIOR,VISITS,FACT_BIGQUERY_BEHAVIOR.VISITS,BIGQUERY_EVENT.EVENT_NAME,BIGQUERY_REFINED_DATA,,직접참조,컬럼확정,WAIT,`FACT_BIGQUERY_BEHAVIOR` 0행 — 원천 미입고
WIDE_BIGQUERY_BEHAVIOR,EVENT_CNT,FACT_BIGQUERY_BEHAVIOR.EVENT_CNT,BIGQUERY_EVENT.EVENT_NAME,BIGQUERY_REFINED_DATA,,직접참조,컬럼확정,WAIT,`FACT_BIGQUERY_BEHAVIOR` 0행 — 원천 미입고
WIDE_BIGQUERY_BEHAVIOR,VIEW_CNT,FACT_BIGQUERY_BEHAVIOR.VIEW_CNT,BIGQUERY_EVENT.EVENT_NAME,BIGQUERY_REFINED_DATA,,직접참조,컬럼확정,WAIT,`FACT_BIGQUERY_BEHAVIOR` 0행 — 원천 미입고
WIDE_BIGQUERY_BEHAVIOR,SESSION_CNT,FACT_BIGQUERY_BEHAVIOR.SESSION_CNT,BIGQUERY_EVENT.BIGQUERY_SESSION_ID,BIGQUERY_REFINED_DATA,,직접참조,컬럼확정,WAIT,`FACT_BIGQUERY_BEHAVIOR` 0행 — 원천 미입고
WIDE_BIGQUERY_BEHAVIOR,ENGAGED_SESSIONS,FACT_BIGQUERY_BEHAVIOR.ENGAGED_SESSIONS,BIGQUERY_EVENT.BIGQUERY_SESSION_ID,BIGQUERY_REFINED_DATA,,직접참조,컬럼확정,WAIT,`FACT_BIGQUERY_BEHAVIOR` 0행 — 원천 미입고
WIDE_BIGQUERY_BEHAVIOR,SCROLL_DEPTH,FACT_BIGQUERY_BEHAVIOR.SCROLL_DEPTH,BIGQUERY_EVENT.PERCENT_SCROLLED,BIGQUERY_REFINED_DATA,,직접참조,컬럼확정,WAIT,`FACT_BIGQUERY_BEHAVIOR` 0행 — 원천 미입고
WIDE_BIGQUERY_BEHAVIOR,ACTIVE_USERS,FACT_BIGQUERY_BEHAVIOR.ACTIVE_USERS,BIGQUERY_EVENT.USER_PSEUDO_ID,BIGQUERY_REFINED_DATA,,직접참조,컬럼확정,WAIT,`FACT_BIGQUERY_BEHAVIOR` 0행 — 원천 미입고
WIDE_BIGQUERY_BEHAVIOR,TOTAL_USERS,FACT_BIGQUERY_BEHAVIOR.TOTAL_USERS,BIGQUERY_EVENT.USER_PSEUDO_ID,BIGQUERY_REFINED_DATA,,직접참조,컬럼확정,WAIT,`FACT_BIGQUERY_BEHAVIOR` 0행 — 원천 미입고
WIDE_BIGQUERY_BEHAVIOR,AVG_SESSION_DURATION,FACT_BIGQUERY_BEHAVIOR.AVG_SESSION_DURATION,BIGQUERY_EVENT.USER_PSEUDO_ID,BIGQUERY_REFINED_DATA,,직접참조,컬럼확정,WAIT,`FACT_BIGQUERY_BEHAVIOR` 0행 — 원천 미입고
WIDE_BIGQUERY_BEHAVIOR,BOUNCE_RATE,FACT_BIGQUERY_BEHAVIOR.BOUNCE_RATE,BIGQUERY_EVENT;IDENTITY_MEMBER_XREF,BIGQUERY_REFINED_DATA;TM_MM_FDRM_MBER_INFO;TM_MM_ONCE_MBER_INFO,,직접참조,테이블수준,WAIT,`FACT_BIGQUERY_BEHAVIOR` 0행 — 원천 미입고
WIDE_BIGQUERY_BEHAVIOR,ENGAGEMENT_RATE,FACT_BIGQUERY_BEHAVIOR.ENGAGEMENT_RATE,BIGQUERY_EVENT.BIGQUERY_SESSION_ID,BIGQUERY_REFINED_DATA,,직접참조,컬럼확정,WAIT,`FACT_BIGQUERY_BEHAVIOR` 0행 — 원천 미입고
WIDE_BIGQUERY_BEHAVIOR,AVG_ENGAGEMENT_TIME_PER_SESSION,FACT_BIGQUERY_BEHAVIOR.AVG_ENGAGEMENT_TIME_PER_SESSION,BIGQUERY_EVENT.BIGQUERY_SESSION_ID,BIGQUERY_REFINED_DATA,,직접참조,컬럼확정,WAIT,`FACT_BIGQUERY_BEHAVIOR` 0행 — 원천 미입고
WIDE_BIGQUERY_BEHAVIOR,FULL_DATE,DIM_DATE.FULL_DATE,,,,직접참조,원천무관(ETL 생성),WAIT,`DIM_DATE` 0행 — 원천 미입고
WIDE_BIGQUERY_BEHAVIOR,YEAR,DIM_DATE.YEAR,,,,직접참조,원천무관(ETL 생성),WAIT,`DIM_DATE` 0행 — 원천 미입고
WIDE_BIGQUERY_BEHAVIOR,MONTH,DIM_DATE.MONTH,,,,직접참조,원천무관(ETL 생성),WAIT,`DIM_DATE` 0행 — 원천 미입고
WIDE_BIGQUERY_BEHAVIOR,DAY_OF_WEEK,DIM_DATE.DAY_OF_WEEK,,,,직접참조,원천무관(ETL 생성),WAIT,`DIM_DATE` 0행 — 원천 미입고
WIDE_BIGQUERY_BEHAVIOR,WEEK_OF_YEAR,DIM_DATE.WEEK_OF_YEAR,,,,직접참조,원천무관(ETL 생성),WAIT,`DIM_DATE` 0행 — 원천 미입고
WIDE_BIGQUERY_BEHAVIOR,IS_HOLIDAY,DIM_DATE.IS_HOLIDAY,,,,직접참조,원천무관(ETL 생성),WAIT,`DIM_DATE` 0행 — 원천 미입고
WIDE_BIGQUERY_BEHAVIOR,IDENTITY_MEMBER_DK,DIM_MEMBER_IDENTITY.MEMBER_DK,CRM_MEMBER.MEMBER_DK,TC_CMMN_DTL_CD;TM_MM_FDRM_MBER_INFO;TM_MM_ONCE_MBER_INFO,,직접참조,컬럼확정,WAIT,`DIM_MEMBER_IDENTITY` 0행 — 원천 미입고
WIDE_BIGQUERY_BEHAVIOR,IDENTITY_MEMBER_NO,DIM_MEMBER_IDENTITY.MEMBER_NO,CRM_MEMBER.MEMBER_DK,TC_CMMN_DTL_CD;TM_MM_FDRM_MBER_INFO;TM_MM_ONCE_MBER_INFO,,직접참조,컬럼확정,WAIT,`DIM_MEMBER_IDENTITY` 0행 — 원천 미입고
WIDE_BIGQUERY_BEHAVIOR,IDENTITY_MEMNUM,DIM_MEMBER_IDENTITY.MEMNUM,CRM_MEMBER.MEMBER_DK,TC_CMMN_DTL_CD;TM_MM_FDRM_MBER_INFO;TM_MM_ONCE_MBER_INFO,,직접참조,컬럼확정,WAIT,`DIM_MEMBER_IDENTITY` 0행 — 원천 미입고
WIDE_BIGQUERY_BEHAVIOR,IDENTITY_BIGQUERY_MEMBER_ID,DIM_MEMBER_IDENTITY.BIGQUERY_MEMBER_ID,IDENTITY_MEMBER_XREF.BIGQUERY_MEMBER_ID,TM_MM_FDRM_MBER_INFO;TM_MM_ONCE_MBER_INFO,,직접참조,컬럼확정,WAIT,`DIM_MEMBER_IDENTITY` 0행 — 원천 미입고
WIDE_BIGQUERY_BEHAVIOR,BIGQUERY_EVENT_CATEGORY,DIM_BIGQUERY_EVENT.EVENT_CATEGORY,BIGQUERY_EVENT_DIM.EVENT_CATEGORY,BIGQUERY_REFINED_DATA,,직접참조,컬럼확정,WAIT,`DIM_BIGQUERY_EVENT` 0행 — 원천 미입고
WIDE_BIGQUERY_BEHAVIOR,BIGQUERY_EVENT_LABEL,DIM_BIGQUERY_EVENT.EVENT_LABEL,BIGQUERY_EVENT_DIM.EVENT_LABEL,BIGQUERY_REFINED_DATA,,직접참조,컬럼확정,WAIT,`DIM_BIGQUERY_EVENT` 0행 — 원천 미입고
WIDE_BIGQUERY_BEHAVIOR,BIGQUERY_EVENT_ACTION,DIM_BIGQUERY_EVENT.EVENT_ACTION,BIGQUERY_EVENT_DIM.EVENT_ACTION,BIGQUERY_REFINED_DATA,,직접참조,컬럼확정,WAIT,`DIM_BIGQUERY_EVENT` 0행 — 원천 미입고
WIDE_BIGQUERY_BEHAVIOR,BIGQUERY_UTM_SOURCE,DIM_BIGQUERY_SOURCE.UTM_SOURCE,BIGQUERY_TRAFFIC_SOURCE.UTM_SOURCE,BIGQUERY_REFINED_DATA,,직접참조,컬럼확정,WAIT,`DIM_BIGQUERY_SOURCE` 0행 — 원천 미입고
WIDE_BIGQUERY_BEHAVIOR,BIGQUERY_UTM_MEDIUM,DIM_BIGQUERY_SOURCE.UTM_MEDIUM,BIGQUERY_TRAFFIC_SOURCE.UTM_MEDIUM,BIGQUERY_REFINED_DATA,,직접참조,컬럼확정,WAIT,`DIM_BIGQUERY_SOURCE` 0행 — 원천 미입고
WIDE_BIGQUERY_BEHAVIOR,BIGQUERY_UTM_CONTENT,DIM_BIGQUERY_SOURCE.UTM_CONTENT,BIGQUERY_TRAFFIC_SOURCE.UTM_CONTENT,BIGQUERY_REFINED_DATA,,직접참조,컬럼확정,WAIT,`DIM_BIGQUERY_SOURCE` 0행 — 원천 미입고
WIDE_BIGQUERY_BEHAVIOR,BIGQUERY_UTM_TERM,DIM_BIGQUERY_SOURCE.UTM_TERM,BIGQUERY_TRAFFIC_SOURCE.UTM_TERM,BIGQUERY_REFINED_DATA,,직접참조,컬럼확정,WAIT,`DIM_BIGQUERY_SOURCE` 0행 — 원천 미입고
WIDE_BIGQUERY_BEHAVIOR,BIGQUERY_SOURCE_MEDIUM,DIM_BIGQUERY_SOURCE.SOURCE_MEDIUM,BIGQUERY_TRAFFIC_SOURCE.SOURCE_MEDIUM,BIGQUERY_REFINED_DATA,,직접참조,컬럼확정,WAIT,`DIM_BIGQUERY_SOURCE` 0행 — 원천 미입고
WIDE_BIGQUERY_BEHAVIOR,DEVICE_TYPE,DIM_DEVICE.DEVICE_TYPE,BIGQUERY_DEVICE.DEVICE_TYPE,BIGQUERY_REFINED_DATA,,직접참조,컬럼확정,WAIT,`DIM_DEVICE` 0행 — 원천 미입고
WIDE_BIGQUERY_BEHAVIOR,CAMPAIGN_BK,DIM_CAMPAIGN.CAMPAIGN_BK,CRM_CAMPAIGN.CMPGN_CD,TC_CMMN_DTL_CD;TC_MKTNG_DTL_CD;TM_CM_BRND_MNG;TM_CM_CMPGN_MNG,,직접참조,컬럼확정,WAIT,`DIM_CAMPAIGN` 0행 — 원천 미입고
WIDE_BIGQUERY_BEHAVIOR,CAMPAIGN_BRAND,DIM_CAMPAIGN.BRAND,CRM_CAMPAIGN.BRND_NM,TC_CMMN_DTL_CD;TC_MKTNG_DTL_CD;TM_CM_BRND_MNG;TM_CM_CMPGN_MNG,,직접참조,컬럼확정,WAIT,`DIM_CAMPAIGN` 0행 — 원천 미입고
WIDE_BIGQUERY_BEHAVIOR,CAMPAIGN_NAME,DIM_CAMPAIGN.CAMPAIGN_NAME,CRM_CAMPAIGN.CMPGN_NM,TC_CMMN_DTL_CD;TC_MKTNG_DTL_CD;TM_CM_BRND_MNG;TM_CM_CMPGN_MNG,,직접참조,컬럼확정,WAIT,`DIM_CAMPAIGN` 0행 — 원천 미입고
WIDE_BUDGET,MONTH_KEY,FACT_BUDGET.MONTH_KEY,ERP_BUDGET.MONTH_KEY,BDGT_ACMSLT_LEDGER,,직접참조,컬럼확정,WAIT,`FACT_BUDGET` 0행 — 원천 미입고
WIDE_BUDGET,CAL_YEAR,FACT_BUDGET.MONTH_KEY,ERP_BUDGET.MONTH_KEY,BDGT_ACMSLT_LEDGER,,직접참조,컬럼확정,WAIT,`FACT_BUDGET` 0행 — 원천 미입고
WIDE_BUDGET,CAL_MONTH,FACT_BUDGET.MONTH_KEY,ERP_BUDGET.MONTH_KEY,BDGT_ACMSLT_LEDGER,,직접참조,컬럼확정,WAIT,`FACT_BUDGET` 0행 — 원천 미입고
WIDE_BUDGET,PLAN_BUDGET_MONTH,FACT_BUDGET.PLAN_BUDGET_MONTH,ERP_BUDGET.YEAR_BUDGET_AMT,BDGT_ACMSLT_LEDGER,,직접참조,컬럼확정,WAIT,`FACT_BUDGET` 0행 — 원천 미입고
WIDE_BUDGET,EXEC_BUDGET_ERP,FACT_BUDGET.EXEC_BUDGET_ERP,ERP_BUDGET.EXEC_AMT,BDGT_ACMSLT_LEDGER,,직접참조,컬럼확정,WAIT,`FACT_BUDGET` 0행 — 원천 미입고
WIDE_BUDGET,EXEC_BUDGET_EST,FACT_BUDGET.EXEC_BUDGET_EST,ERP_BUDGET.EXEC_AMT,BDGT_ACMSLT_LEDGER,,직접참조,컬럼확정,WAIT,`FACT_BUDGET` 0행 — 원천 미입고
WIDE_BUDGET,FUNDRAISING_COST,FACT_BUDGET.FUNDRAISING_COST,ERP_BUDGET.EXEC_AMT,BDGT_ACMSLT_LEDGER,,직접참조,컬럼확정,WAIT,`FACT_BUDGET` 0행 — 원천 미입고
WIDE_BUDGET,AD_COST,FACT_BUDGET.AD_COST,ERP_BUDGET,BDGT_ACMSLT_LEDGER,,직접참조,테이블수준,WAIT,`FACT_BUDGET` 0행 — 원천 미입고
WIDE_BUDGET,ORG_CORP,DIM_ORG.CORP,CRM_ORG.DEPT_ID,TM_CM_DEPT_INFO,,직접참조,컬럼확정,WAIT,`DIM_ORG` 0행 — 원천 미입고
WIDE_BUDGET,ORG_DIVISION,DIM_ORG.DIVISION,CRM_ORG.DEPT_ID,TM_CM_DEPT_INFO,,직접참조,컬럼확정,WAIT,`DIM_ORG` 0행 — 원천 미입고
WIDE_BUDGET,ORG_DEPARTMENT,DIM_ORG.DEPARTMENT,CRM_ORG.DEPT_NM,TM_CM_DEPT_INFO,,직접참조,컬럼확정,WAIT,`DIM_ORG` 0행 — 원천 미입고
WIDE_BUDGET,ORG_TEAM,DIM_ORG.TEAM,CRM_ORG.DEPT_NM,TM_CM_DEPT_INFO,,직접참조,컬럼확정,WAIT,`DIM_ORG` 0행 — 원천 미입고
WIDE_BUDGET,BUDGET_ITEM_NAME,DIM_BUDGET_ITEM.BUDGET_ITEM_NAME,ERP_BUDGET_ITEM.MOK_NM,BDGT_ACMSLT_LEDGER,,직접참조,컬럼확정,WAIT,`DIM_BUDGET_ITEM` 0행 — 원천 미입고
WIDE_BUDGET,BUDGET_CATEGORY,DIM_BUDGET_ITEM.BUDGET_CATEGORY,ERP_BUDGET_ITEM.INCOME_EXPS_DIV_NM,BDGT_ACMSLT_LEDGER,,직접참조,컬럼확정,WAIT,`DIM_BUDGET_ITEM` 0행 — 원천 미입고
WIDE_BUDGET,CAMPAIGN_BK,DIM_CAMPAIGN.CAMPAIGN_BK,CRM_CAMPAIGN.CMPGN_CD,TC_CMMN_DTL_CD;TC_MKTNG_DTL_CD;TM_CM_BRND_MNG;TM_CM_CMPGN_MNG,,직접참조,컬럼확정,WAIT,`DIM_CAMPAIGN` 0행 — 원천 미입고
WIDE_BUDGET,CAMPAIGN_BRAND,DIM_CAMPAIGN.BRAND,CRM_CAMPAIGN.BRND_NM,TC_CMMN_DTL_CD;TC_MKTNG_DTL_CD;TM_CM_BRND_MNG;TM_CM_CMPGN_MNG,,직접참조,컬럼확정,WAIT,`DIM_CAMPAIGN` 0행 — 원천 미입고
WIDE_BUDGET,CAMPAIGN_NAME,DIM_CAMPAIGN.CAMPAIGN_NAME,CRM_CAMPAIGN.CMPGN_NM,TC_CMMN_DTL_CD;TC_MKTNG_DTL_CD;TM_CM_BRND_MNG;TM_CM_CMPGN_MNG,,직접참조,컬럼확정,WAIT,`DIM_CAMPAIGN` 0행 — 원천 미입고
WIDE_BUDGET,SPONSORSHIP_BK,DIM_SPONSORSHIP.SPONSORSHIP_BK,CRM_SPONSORSHIP.SPNSR_BSNS_ID,TM_CM_SPNSR_BSNS_INFO,,직접참조,컬럼확정,WAIT,`DIM_SPONSORSHIP` 0행 — 원천 미입고
WIDE_BUDGET,SPONSORSHIP_NAME,DIM_SPONSORSHIP.SPONSORSHIP_NAME,CRM_SPONSORSHIP.SPNSR_BSNS_NM,TM_CM_SPNSR_BSNS_INFO,,직접참조,컬럼확정,WAIT,`DIM_SPONSORSHIP` 0행 — 원천 미입고
WIDE_TARGET_BIZ,MONTH_KEY,FACT_TARGET_PROJECT.MONTH_KEY,CRM_BIZ_TARGET.MONTH_KEY,,,직접참조,컬럼확정,WAIT,`FACT_TARGET_PROJECT` 0행 — 원천 미입고
WIDE_TARGET_BIZ,CAL_YEAR,FACT_TARGET_PROJECT.MONTH_KEY,CRM_BIZ_TARGET.MONTH_KEY,,,직접참조,컬럼확정,WAIT,`FACT_TARGET_PROJECT` 0행 — 원천 미입고
WIDE_TARGET_BIZ,CAL_MONTH,FACT_TARGET_PROJECT.MONTH_KEY,CRM_BIZ_TARGET.MONTH_KEY,,,직접참조,컬럼확정,WAIT,`FACT_TARGET_PROJECT` 0행 — 원천 미입고
WIDE_TARGET_BIZ,ANNUAL_GOAL_CNT,FACT_TARGET_PROJECT.ANNUAL_GOAL_CNT,CRM_BIZ_TARGET.TARGET_CNT,,,직접참조,컬럼확정,WAIT,`FACT_TARGET_PROJECT` 0행 — 원천 미입고
WIDE_TARGET_BIZ,SUPP_GOAL_CNT,FACT_TARGET_PROJECT.SUPP_GOAL_CNT,CRM_BIZ_TARGET.TARGET_CNT,,,직접참조,컬럼확정,WAIT,`FACT_TARGET_PROJECT` 0행 — 원천 미입고
WIDE_TARGET_BIZ,ANNUAL_CUM_GOAL_CNT,FACT_TARGET_PROJECT.ANNUAL_CUM_GOAL_CNT,CRM_BIZ_TARGET.TARGET_CNT,,,직접참조,컬럼확정,WAIT,`FACT_TARGET_PROJECT` 0행 — 원천 미입고
WIDE_TARGET_BIZ,SUPP_CUM_GOAL_CNT,FACT_TARGET_PROJECT.SUPP_CUM_GOAL_CNT,CRM_BIZ_TARGET.TARGET_CNT,,,직접참조,컬럼확정,WAIT,`FACT_TARGET_PROJECT` 0행 — 원천 미입고
WIDE_TARGET_BIZ,ORG_CORP,DIM_ORG.CORP,CRM_ORG.DEPT_ID,TM_CM_DEPT_INFO,,직접참조,컬럼확정,WAIT,`DIM_ORG` 0행 — 원천 미입고
WIDE_TARGET_BIZ,ORG_DIVISION,DIM_ORG.DIVISION,CRM_ORG.DEPT_ID,TM_CM_DEPT_INFO,,직접참조,컬럼확정,WAIT,`DIM_ORG` 0행 — 원천 미입고
WIDE_TARGET_BIZ,ORG_DEPARTMENT,DIM_ORG.DEPARTMENT,CRM_ORG.DEPT_NM,TM_CM_DEPT_INFO,,직접참조,컬럼확정,WAIT,`DIM_ORG` 0행 — 원천 미입고
WIDE_TARGET_BIZ,ORG_TEAM,DIM_ORG.TEAM,CRM_ORG.DEPT_NM,TM_CM_DEPT_INFO,,직접참조,컬럼확정,WAIT,`DIM_ORG` 0행 — 원천 미입고
WIDE_TARGET_BIZ,SPONSORSHIP_BK,DIM_SPONSORSHIP.SPONSORSHIP_BK,CRM_SPONSORSHIP.SPNSR_BSNS_ID,TM_CM_SPNSR_BSNS_INFO,,직접참조,컬럼확정,WAIT,`DIM_SPONSORSHIP` 0행 — 원천 미입고
WIDE_TARGET_BIZ,SPONSORSHIP_NAME,DIM_SPONSORSHIP.SPONSORSHIP_NAME,CRM_SPONSORSHIP.SPNSR_BSNS_NM,TM_CM_SPNSR_BSNS_INFO,,직접참조,컬럼확정,WAIT,`DIM_SPONSORSHIP` 0행 — 원천 미입고
WIDE_TARGET_BIZ,CAMPAIGN_BK,DIM_CAMPAIGN.CAMPAIGN_BK,CRM_CAMPAIGN.CMPGN_CD,TC_CMMN_DTL_CD;TC_MKTNG_DTL_CD;TM_CM_BRND_MNG;TM_CM_CMPGN_MNG,,직접참조,컬럼확정,WAIT,`DIM_CAMPAIGN` 0행 — 원천 미입고
WIDE_TARGET_BIZ,CAMPAIGN_BRAND,DIM_CAMPAIGN.BRAND,CRM_CAMPAIGN.BRND_NM,TC_CMMN_DTL_CD;TC_MKTNG_DTL_CD;TM_CM_BRND_MNG;TM_CM_CMPGN_MNG,,직접참조,컬럼확정,WAIT,`DIM_CAMPAIGN` 0행 — 원천 미입고
WIDE_TARGET_BIZ,CAMPAIGN_NAME,DIM_CAMPAIGN.CAMPAIGN_NAME,CRM_CAMPAIGN.CMPGN_NM,TC_CMMN_DTL_CD;TC_MKTNG_DTL_CD;TM_CM_BRND_MNG;TM_CM_CMPGN_MNG,,직접참조,컬럼확정,WAIT,`DIM_CAMPAIGN` 0행 — 원천 미입고
WIDE_TARGET_DEV,MONTH_KEY,FACT_TARGET_MEMBER_DEV.MONTH_KEY,CRM_DEV_TARGET.STDR_MT,TM_CM_MBER_DVLP_GOAL,,직접참조,컬럼확정,WAIT,`FACT_TARGET_MEMBER_DEV` 0행 — 원천 미입고
WIDE_TARGET_DEV,CAL_YEAR,FACT_TARGET_MEMBER_DEV.MONTH_KEY,CRM_DEV_TARGET.STDR_MT,TM_CM_MBER_DVLP_GOAL,,직접참조,컬럼확정,WAIT,`FACT_TARGET_MEMBER_DEV` 0행 — 원천 미입고
WIDE_TARGET_DEV,CAL_MONTH,FACT_TARGET_MEMBER_DEV.MONTH_KEY,CRM_DEV_TARGET.STDR_MT,TM_CM_MBER_DVLP_GOAL,,직접참조,컬럼확정,WAIT,`FACT_TARGET_MEMBER_DEV` 0행 — 원천 미입고
WIDE_TARGET_DEV,DEV_TYPE,FACT_TARGET_MEMBER_DEV.DEV_TYPE,CRM_DEV_TARGET.MBER_DVLP_DIV_CD,TM_CM_MBER_DVLP_GOAL,,직접참조,컬럼확정,WAIT,`FACT_TARGET_MEMBER_DEV` 0행 — 원천 미입고
WIDE_TARGET_DEV,GOAL_CNT,FACT_TARGET_MEMBER_DEV.GOAL_CNT,CRM_DEV_TARGET.GOAL_CNT,TM_CM_MBER_DVLP_GOAL,,직접참조,컬럼확정,WAIT,`FACT_TARGET_MEMBER_DEV` 0행 — 원천 미입고
WIDE_TARGET_DEV,ORG_CORP,DIM_ORG.CORP,CRM_ORG.DEPT_ID,TM_CM_DEPT_INFO,,직접참조,컬럼확정,WAIT,`DIM_ORG` 0행 — 원천 미입고
WIDE_TARGET_DEV,ORG_DIVISION,DIM_ORG.DIVISION,CRM_ORG.DEPT_ID,TM_CM_DEPT_INFO,,직접참조,컬럼확정,WAIT,`DIM_ORG` 0행 — 원천 미입고
WIDE_TARGET_DEV,ORG_DEPARTMENT,DIM_ORG.DEPARTMENT,CRM_ORG.DEPT_NM,TM_CM_DEPT_INFO,,직접참조,컬럼확정,WAIT,`DIM_ORG` 0행 — 원천 미입고
WIDE_TARGET_DEV,ORG_TEAM,DIM_ORG.TEAM,CRM_ORG.DEPT_NM,TM_CM_DEPT_INFO,,직접참조,컬럼확정,WAIT,`DIM_ORG` 0행 — 원천 미입고
