SILVER_TABLE,COLUMN,STATUS,판정군,소비GOLD모델,SILVER내부소비,SILVER내부_컬럼참조,채움(non-null),비영(non-zero),고유값(근사),변동(2026-08-07)
AGENCY_AD_BROADCAST,AD_PERF_DK,REFERENCED,,FACT_AD_BROADCAST,,,38486,38486,38322,
AGENCY_AD_BROADCAST,TIME_BAND,REFERENCED,,FACT_AD_BROADCAST,,,37218,37218,23,
AGENCY_AD_BROADCAST,CM_POSITION,REFERENCED,,FACT_AD_BROADCAST,,,32840,32840,16,
AGENCY_AD_BROADCAST,RT_TYPE,REFERENCED,,FACT_AD_BROADCAST,,,2070,2070,2,
AGENCY_AD_BROADCAST,AD_START_TIME,REFERENCED,,FACT_AD_BROADCAST,,,33843,33843,23446,
AGENCY_AD_BROADCAST,AD_END_TIME,REFERENCED,,FACT_AD_BROADCAST,,,15203,15203,12036,
AGENCY_AD_BROADCAST,BROADCAST_DATE,REFERENCED,,FACT_AD_BROADCAST,,,38486,38486,1296,
AGENCY_AD_BROADCAST,PROGRAM_NM,REFERENCED,,FACT_AD_BROADCAST,,,36097,36097,1851,
AGENCY_AD_BROADCAST,CHANNEL_COMPANY,REFERENCED,,FACT_AD_BROADCAST,,,38486,38486,62,
AGENCY_AD_BROADCAST,CHANNEL_COMPANY_TYPE,REFERENCED,,FACT_AD_BROADCAST,,,36384,36384,9,
AGENCY_AD_BROADCAST,SPOT_TYPE,REFERENCED,,FACT_AD_BROADCAST,,,14199,14199,4,
AGENCY_AD_BROADCAST,DURATION_SEC,REFERENCED,,FACT_AD_BROADCAST,,,32739,32739,4,
AGENCY_AD_BROADCAST,DAY_DIV,REFERENCED,,FACT_AD_BROADCAST,,,35148,35148,3,
AGENCY_AD_BROADCAST,PRG_START_TIME,REFERENCED,,FACT_AD_BROADCAST,,,33024,33024,2169,
AGENCY_AD_BROADCAST,CTV_DIV,REFERENCED,,FACT_AD_BROADCAST,,,2170,2170,2,
AGENCY_AD_BROADCAST,BRDC_DIV,REFERENCED,,FACT_AD_BROADCAST,,,237,237,6,
AGENCY_AD_BROADCAST,AD_CNT,REFERENCED,,FACT_AD_BROADCAST,,,37295,37295,1,
AGENCY_AD_BROADCAST,CONV_CALL_CNT,REFERENCED,,FACT_AD_BROADCAST,,,0,0,0,
AGENCY_AD_BROADCAST,DVLP_MEMBER_CNT,REFERENCED,,FACT_AD_BROADCAST,,,2035,2025,140,
AGENCY_AD_BROADCAST,DVLP_CNT,REFERENCED,,FACT_AD_BROADCAST,,,2036,2026,340,
AGENCY_AD_BROADCAST,AD_VIEW_RT_SRC,REFERENCED,,FACT_AD_BROADCAST,,,32840,13988,127,
AGENCY_AD_BROADCAST,CPC_SRC,REFERENCED,,FACT_AD_BROADCAST,,,33615,17834,1376,
AGENCY_AD_BROADCAST_CASE,AD_PERF_DK,REFERENCED,,FACT_AD_BROADCAST_CASE,,,5340,5340,2060,
AGENCY_AD_BROADCAST_CASE,CASE_SEQ,REFERENCED,,FACT_AD_BROADCAST_CASE,,,5340,5340,3,
AGENCY_AD_BROADCAST_CASE,BIZ_DIV,REFERENCED,,FACT_AD_BROADCAST_CASE,,,5335,5335,13,
AGENCY_AD_BROADCAST_CASE,FAMILY_TYPE,REFERENCED,,FACT_AD_BROADCAST_CASE,,,5260,5260,13,
AGENCY_AD_BROADCAST_CASE,APPEAL_POINT,REFERENCED,,FACT_AD_BROADCAST_CASE,,,5314,5314,24,
AGENCY_AD_BROADCAST_CASE,CASE_DIV,REFERENCED,,FACT_AD_BROADCAST_CASE,,,5302,5302,2,
AGENCY_AD_CREATIVE,CREATIVE_DK,REFERENCED,,DIM_AD_CREATIVE,,,8715,8715,8791,
AGENCY_AD_CREATIVE,SOURCE_SYSTEM,REFERENCED,,DIM_AD_CREATIVE,,,8715,8715,3,
AGENCY_AD_CREATIVE,MEDIA_CHANNEL_NM,REFERENCED,,DIM_AD_CREATIVE,,,8715,8715,106,
AGENCY_AD_CREATIVE,CREATIVE_NM,REFERENCED,,DIM_AD_CREATIVE,,,8712,8712,6305,
AGENCY_AD_CREATIVE,CREATIVE_TYPE_NM,REFERENCED,,DIM_AD_CREATIVE,,,5112,5112,12,
AGENCY_AD_CREATIVE,CM_AREA_NM,REFERENCED,,DIM_AD_CREATIVE,,,1203,1203,16,
AGENCY_AD_CREATIVE,AD_SEC_NM,DROPPED,A_해소_중복축DROP,DIM_AD_CREATIVE,,,1217,1217,8,
AGENCY_AD_DIGITAL,AD_PERF_DK,REFERENCED,,FACT_AD_DIGITAL,,,205059,205059,203449,
AGENCY_AD_DIGITAL,PAGE_TYPE,REFERENCED,,FACT_AD_DIGITAL,,,541,541,1,
AGENCY_AD_DIGITAL,AD_GROUP_NM,REFERENCED,,FACT_AD_DIGITAL,,,893,893,13,
AGENCY_AD_DIGITAL,GROUP_DIV,REFERENCED,,FACT_AD_DIGITAL,,,782,782,11,
AGENCY_AD_DIGITAL,CREATIVE_TYPE,REFERENCED,,FACT_AD_DIGITAL,,,84326,84326,4,
AGENCY_AD_DIGITAL,AD_TYPE_NM,REFERENCED,,FACT_AD_DIGITAL,,,205059,205059,6,
AGENCY_AD_DIGITAL,READ_CNT,REFERENCED,,FACT_AD_DIGITAL,,,7052,5260,2758,
AGENCY_AD_DIGITAL,MEDIA_POTENTIAL_CUST_CNT,REFERENCED,,FACT_AD_DIGITAL,,,0,0,0,
AGENCY_AD_DIGITAL,CRM_DEV_CNT,REFERENCED,,FACT_AD_DIGITAL,,,189252,42034,177,
AGENCY_AD_DIGITAL,CTR_SRC,REFERENCED,,FACT_AD_DIGITAL,,,12292,10978,9051,
AGENCY_AD_DIGITAL,CVR_SRC,REFERENCED,,FACT_AD_DIGITAL,,,12292,2900,1491,
AGENCY_AD_DIGITAL,CPC_SRC,REFERENCED,,FACT_AD_DIGITAL,,,15774,11510,10536,
AGENCY_AD_DIGITAL,CPM_SRC,REFERENCED,,FACT_AD_DIGITAL,,,15774,12569,12358,
AGENCY_AD_DIGITAL,CPA_SRC,REFERENCED,,FACT_AD_DIGITAL,,,15774,3319,3125,
AGENCY_AD_DIGITAL,DEV_UNIT_PRICE_SRC,REFERENCED,,FACT_AD_DIGITAL,,,15774,3319,3149,
AGENCY_AD_DIGITAL,VTR_SRC,REFERENCED,,FACT_AD_DIGITAL,,,7052,5260,5192,
AGENCY_AD_PERFORMANCE,AD_PERF_DK,REFERENCED,,FACT_AD_PERFORMANCE,,,243545,243545,244783,
AGENCY_AD_PERFORMANCE,AD_SOURCE_TYPE,REFERENCED,,FACT_AD_PERFORMANCE,,,243545,243545,3,
AGENCY_AD_PERFORMANCE,SOURCE_SYSTEM,DROPPED,E→DROP_중복축,FACT_AD_PERFORMANCE,,,243545,243545,3,
AGENCY_AD_PERFORMANCE,AD_DATE,REFERENCED,,FACT_AD_PERFORMANCE,,,243545,243545,1306,
AGENCY_AD_PERFORMANCE,AD_YEAR,DROPPED,E→DROP_날짜파생,FACT_AD_PERFORMANCE,,,243545,243545,4,
AGENCY_AD_PERFORMANCE,AD_MONTH,DROPPED,E→DROP_날짜파생,FACT_AD_PERFORMANCE,,,243545,243545,12,
AGENCY_AD_PERFORMANCE,CAMPAIGN_NM,REFERENCED,E→판정정정_도달불가,FACT_AD_PERFORMANCE,,,240291,240291,108,
AGENCY_AD_PERFORMANCE,UPPER_CAMPAIGN_NM,DROPPED,E→판정정정_도달불가,FACT_AD_PERFORMANCE,,,48707,48707,23,
AGENCY_AD_PERFORMANCE,MEDIA_CHANNEL_NM,DROPPED,E→판정정정_도달불가,FACT_AD_PERFORMANCE,,,243545,243545,106,
AGENCY_AD_PERFORMANCE,DEVICE_NM,REFERENCED,,FACT_AD_PERFORMANCE,,,205059,205059,2,
AGENCY_AD_PERFORMANCE,CREATIVE_NM,DROPPED,E→판정정정_도달불가,FACT_AD_PERFORMANCE,,,243512,243512,6305,
AGENCY_AD_PERFORMANCE,PROGRAM_NM,DROPPED,E→DROP_중복축,FACT_AD_PERFORMANCE,,,36097,36097,1851,
AGENCY_AD_PERFORMANCE,IMPRESSION_CNT,REFERENCED,,FACT_AD_PERFORMANCE,,,205056,196572,61523,
AGENCY_AD_PERFORMANCE,CLICK_CNT,REFERENCED,,FACT_AD_PERFORMANCE,,,205051,173825,3757,
AGENCY_AD_PERFORMANCE,CONV_MEMBER_CNT,REFERENCED,,FACT_AD_PERFORMANCE,,,204945,45823,53,
AGENCY_AD_PERFORMANCE,CONV_UNIT_CNT,REFERENCED,,FACT_AD_PERFORMANCE,,,60009,12753,94,
AGENCY_AD_PERFORMANCE,INBOUND_CALL_CNT,REFERENCED,,FACT_AD_PERFORMANCE,,,21791,21455,228,
AGENCY_AD_PERFORMANCE,CONV_CALL_CNT,DROPPED,C_원천값없음,FACT_AD_PERFORMANCE,,,0,0,0,
AGENCY_AD_PERFORMANCE,AD_CNT,DROPPED,E→DROP_중복축,FACT_AD_PERFORMANCE,,,37295,37295,1,
AGENCY_AD_PERFORMANCE,AD_COST,REFERENCED,,FACT_AD_PERFORMANCE,,,242303,231012,102579,
AGENCY_AD_PERFORMANCE,COST_TYPE,DROPPED,E_잔여_코드축개별판정,FACT_AD_PERFORMANCE,,,243545,243545,3,
AGENCY_AD_ROW_DGT,AD_PERF_DK,SILVER_ONLY_CHAIN,,,AGENCY_AD_DIGITAL;AGENCY_AD_PERFORMANCE,Y,205059,205059,203449,
AGENCY_AD_ROW_DGT,AD_SOURCE_TYPE,SILVER_ONLY_CHAIN,,,AGENCY_AD_PERFORMANCE,Y,205059,205059,1,
AGENCY_AD_ROW_DGT,ROW_HASH,SILVER_ONLY_CHAIN,,,AGENCY_AD_DIGITAL;AGENCY_AD_PERFORMANCE,N,205059,205059,207445,
AGENCY_AD_ROW_DGT,DUP_SEQ,SILVER_ONLY_CHAIN,,,AGENCY_AD_DIGITAL;AGENCY_AD_PERFORMANCE,N,205059,205059,2,
AGENCY_AD_ROW_DGT,TIME,SILVER_ONLY_CHAIN,,,AGENCY_AD_DIGITAL;AGENCY_AD_PERFORMANCE,N,0,0,0,
AGENCY_AD_ROW_DGT,YEAR,SILVER_ONLY_CHAIN,,,AGENCY_AD_PERFORMANCE,Y,205059,205059,4,
AGENCY_AD_ROW_DGT,CPR_NM,SILVER_ONLY_CHAIN,,,AGENCY_AD_DIGITAL;AGENCY_AD_PERFORMANCE,N,205059,205059,2,
AGENCY_AD_ROW_DGT,DMST_OVSEA_DIV_NM,SILVER_ONLY_CHAIN,,,AGENCY_AD_DIGITAL;AGENCY_AD_PERFORMANCE,N,205059,205059,4,
AGENCY_AD_ROW_DGT,BSNS_CASE_DIV_NM,SILVER_ONLY_CHAIN,,,AGENCY_AD_DIGITAL;AGENCY_AD_PERFORMANCE,N,205059,205059,4,
AGENCY_AD_ROW_DGT,CMPGN_TY_NM,SILVER_ONLY_CHAIN,,,AGENCY_AD_DIGITAL;AGENCY_AD_PERFORMANCE,N,205059,205059,7,
AGENCY_AD_ROW_DGT,AD_TY_NM,SILVER_ONLY_CHAIN,,,AGENCY_AD_DIGITAL,Y,205059,205059,6,
AGENCY_AD_ROW_DGT,MONTH,SILVER_ONLY_CHAIN,,,AGENCY_AD_PERFORMANCE,Y,205059,205059,14,
AGENCY_AD_ROW_DGT,DEVICE,SILVER_ONLY_CHAIN,,,AGENCY_AD_PERFORMANCE,Y,205059,205059,2,
AGENCY_AD_ROW_DGT,MEDIA_NM,SILVER_ONLY_CHAIN,,,AGENCY_AD_PERFORMANCE,Y,205059,205059,43,
AGENCY_AD_ROW_DGT,WEEK,SILVER_ONLY_CHAIN,,,AGENCY_AD_DIGITAL;AGENCY_AD_PERFORMANCE,N,205059,205059,6,
AGENCY_AD_ROW_DGT,DAY,SILVER_ONLY_CHAIN,,,AGENCY_AD_DIGITAL;AGENCY_AD_PERFORMANCE,N,205059,205059,31,
AGENCY_AD_ROW_DGT,DOW,SILVER_ONLY_CHAIN,,,AGENCY_AD_DIGITAL;AGENCY_AD_PERFORMANCE,N,205058,205058,8,
AGENCY_AD_ROW_DGT,CMPGN_NM,SILVER_ONLY_CHAIN,,,AGENCY_AD_PERFORMANCE,Y,205059,205059,104,
AGENCY_AD_ROW_DGT,MATR,SILVER_ONLY_CHAIN,,,AGENCY_AD_PERFORMANCE,Y,205059,205059,6021,
AGENCY_AD_ROW_DGT,MATR_TY_NM,SILVER_ONLY_CHAIN,,,AGENCY_AD_DIGITAL,Y,84326,84326,4,
AGENCY_AD_ROW_DGT,EXPS_CNT,SILVER_ONLY_CHAIN,,,AGENCY_AD_PERFORMANCE,Y,205056,196572,61523,
AGENCY_AD_ROW_DGT,CLICK_CNT,SILVER_ONLY_CHAIN,,,AGENCY_AD_PERFORMANCE,Y,205051,173825,3757,
AGENCY_AD_ROW_DGT,GA_AD_COST,SILVER_ONLY_CHAIN,,,AGENCY_AD_PERFORMANCE,Y,205054,193959,101876,
AGENCY_AD_ROW_DGT,GA_CONV_MBER_CNT,SILVER_ONLY_CHAIN,,,AGENCY_AD_PERFORMANCE,Y,204945,45823,53,
AGENCY_AD_ROW_DGT,CONV_VU_CNT,SILVER_ONLY_CHAIN,,,AGENCY_AD_PERFORMANCE,Y,60009,12753,94,
AGENCY_AD_ROW_DGT,CPA,SILVER_ONLY_CHAIN,,,AGENCY_AD_DIGITAL,Y,15774,3319,3125,
AGENCY_AD_ROW_DGT,DEV_UNIT_PRICE,SILVER_ONLY_CHAIN,,,AGENCY_AD_DIGITAL,Y,15774,3319,3149,
AGENCY_AD_ROW_DGT,CTR,SILVER_ONLY_CHAIN,,,AGENCY_AD_DIGITAL,Y,12292,10978,9051,
AGENCY_AD_ROW_DGT,CVR,SILVER_ONLY_CHAIN,,,AGENCY_AD_DIGITAL,Y,12292,2900,1491,
AGENCY_AD_ROW_DGT,CPC,SILVER_ONLY_CHAIN,,,AGENCY_AD_DIGITAL,Y,15774,11510,10536,
AGENCY_AD_ROW_DGT,CPM,SILVER_ONLY_CHAIN,,,AGENCY_AD_DIGITAL,Y,15774,12569,12358,
AGENCY_AD_ROW_DGT,UPPER_CMPGN_NM,SILVER_ONLY_CHAIN,,,AGENCY_AD_PERFORMANCE,Y,12291,12291,19,
AGENCY_AD_ROW_DGT,READ_CNT,SILVER_ONLY_CHAIN,,,AGENCY_AD_DIGITAL,Y,7052,5260,2758,
AGENCY_AD_ROW_DGT,MEDIA_PTNT_CUST_CNT,SILVER_ONLY_CHAIN,,,AGENCY_AD_DIGITAL,Y,0,0,0,
AGENCY_AD_ROW_DGT,DATE,SILVER_ONLY_CHAIN,,,AGENCY_AD_PERFORMANCE,Y,205059,205059,960,
AGENCY_AD_ROW_DGT,VTR,SILVER_ONLY_CHAIN,,,AGENCY_AD_DIGITAL,Y,7052,5260,5192,
AGENCY_AD_ROW_DGT,PAGE_TYPE_NM,SILVER_ONLY_CHAIN,,,AGENCY_AD_DIGITAL,Y,541,541,1,
AGENCY_AD_ROW_DGT,CRM_DVLP_CNT,SILVER_ONLY_CHAIN,,,AGENCY_AD_DIGITAL,Y,189252,42034,177,
AGENCY_AD_ROW_DGT,AD_GRP_NM,SILVER_ONLY_CHAIN,,,AGENCY_AD_DIGITAL,Y,893,893,13,
AGENCY_AD_ROW_DGT,GRP_DIV_NM,SILVER_ONLY_CHAIN,,,AGENCY_AD_DIGITAL,Y,782,782,11,
AGENCY_AD_ROW_REBRDC,AD_PERF_DK,SILVER_ONLY_CHAIN,,,AGENCY_AD_BROADCAST;AGENCY_AD_BROADCAST_CASE;AGENCY_AD_PERFORMANCE,Y,2070,2070,2063,
AGENCY_AD_ROW_REBRDC,AD_SOURCE_TYPE,SILVER_ONLY_CHAIN,,,AGENCY_AD_PERFORMANCE,Y,2070,2070,1,
AGENCY_AD_ROW_REBRDC,ROW_HASH,SILVER_ONLY_CHAIN,,,AGENCY_AD_BROADCAST;AGENCY_AD_BROADCAST_CASE;AGENCY_AD_PERFORMANCE,N,2070,2070,2077,
AGENCY_AD_ROW_REBRDC,DUP_SEQ,SILVER_ONLY_CHAIN,,,AGENCY_AD_BROADCAST;AGENCY_AD_BROADCAST_CASE;AGENCY_AD_PERFORMANCE,N,2070,2070,1,
AGENCY_AD_ROW_REBRDC,RE_BRDC_TY_NM,SILVER_ONLY_CHAIN,,,AGENCY_AD_BROADCAST,Y,2070,2070,2,
AGENCY_AD_ROW_REBRDC,DIV_NM,SILVER_ONLY_CHAIN,,,AGENCY_AD_BROADCAST;AGENCY_AD_BROADCAST_CASE;AGENCY_AD_PERFORMANCE,N,2070,2070,4,
AGENCY_AD_ROW_REBRDC,YEAR,SILVER_ONLY_CHAIN,,,AGENCY_AD_PERFORMANCE,Y,2070,2070,8,
AGENCY_AD_ROW_REBRDC,BRDC_MT,SILVER_ONLY_CHAIN,,,AGENCY_AD_BROADCAST;AGENCY_AD_BROADCAST_CASE;AGENCY_AD_PERFORMANCE,N,2070,2070,12,
AGENCY_AD_ROW_REBRDC,CHNNL_CMPNY,SILVER_ONLY_CHAIN,,,AGENCY_AD_BROADCAST;AGENCY_AD_PERFORMANCE,Y,2070,2070,27,
AGENCY_AD_ROW_REBRDC,BRDC_NM,SILVER_ONLY_CHAIN,,,AGENCY_AD_BROADCAST;AGENCY_AD_PERFORMANCE,Y,2070,2070,177,
AGENCY_AD_ROW_REBRDC,BRDC_DIV_NM,SILVER_ONLY_CHAIN,,,AGENCY_AD_BROADCAST,Y,237,237,6,
AGENCY_AD_ROW_REBRDC,DATE,SILVER_ONLY_CHAIN,,,AGENCY_AD_BROADCAST;AGENCY_AD_PERFORMANCE,Y,2070,2070,1121,
AGENCY_AD_ROW_REBRDC,DOW,SILVER_ONLY_CHAIN,,,AGENCY_AD_BROADCAST;AGENCY_AD_BROADCAST_CASE;AGENCY_AD_PERFORMANCE,N,2070,2070,7,
AGENCY_AD_ROW_REBRDC,BRDC_TIME,SILVER_ONLY_CHAIN,,,AGENCY_AD_BROADCAST,Y,2070,2070,74,
AGENCY_AD_ROW_REBRDC,INBOUND_CALL_CNT,SILVER_ONLY_CHAIN,,,AGENCY_AD_PERFORMANCE,Y,2032,2032,315,
AGENCY_AD_ROW_REBRDC,DVLP_MBER_CNT,SILVER_ONLY_CHAIN,,,AGENCY_AD_BROADCAST,Y,2035,2025,140,
AGENCY_AD_ROW_REBRDC,DVLP_CNT,SILVER_ONLY_CHAIN,,,AGENCY_AD_BROADCAST,Y,2036,2026,340,
AGENCY_AD_ROW_REBRDC,BRDC_SCHDL_COST,SILVER_ONLY_CHAIN,,,AGENCY_AD_PERFORMANCE,Y,2042,2007,44,
AGENCY_AD_ROW_REBRDC,WEEK,SILVER_ONLY_CHAIN,,,AGENCY_AD_BROADCAST;AGENCY_AD_BROADCAST_CASE;AGENCY_AD_PERFORMANCE,N,2069,2069,12,
AGENCY_AD_ROW_REBRDC,AD_CNT,SILVER_ONLY_CHAIN,,,AGENCY_AD_BROADCAST;AGENCY_AD_PERFORMANCE,Y,2064,2064,1,
AGENCY_AD_ROW_REBRDC,TIME_RNG_DIV_NM,SILVER_ONLY_CHAIN,,,AGENCY_AD_BROADCAST,Y,2063,2063,14,
AGENCY_AD_ROW_REBRDC,CELEB_NM,SILVER_ONLY_CHAIN,,,AGENCY_AD_BROADCAST;AGENCY_AD_BROADCAST_CASE;AGENCY_AD_PERFORMANCE,N,1520,1520,43,
AGENCY_AD_ROW_REBRDC,DMST_OVSEA_DIV_NM,SILVER_ONLY_CHAIN,,,AGENCY_AD_BROADCAST;AGENCY_AD_BROADCAST_CASE;AGENCY_AD_PERFORMANCE,N,2065,2065,3,
AGENCY_AD_ROW_REBRDC,CASE1_BSNS_DIV_NM,SILVER_ONLY_CHAIN,,,AGENCY_AD_BROADCAST_CASE,Y,2067,2067,11,
AGENCY_AD_ROW_REBRDC,CASE1_FAM_TY_NM,SILVER_ONLY_CHAIN,,,AGENCY_AD_BROADCAST_CASE,Y,2053,2053,13,
AGENCY_AD_ROW_REBRDC,CASE1_APPEAL_POINT_NM,SILVER_ONLY_CHAIN,,,AGENCY_AD_BROADCAST_CASE,Y,2058,2058,19,
AGENCY_AD_ROW_REBRDC,CASE1_CHILD_NM,SILVER_ONLY_CHAIN,,,AGENCY_AD_BROADCAST;AGENCY_AD_BROADCAST_CASE;AGENCY_AD_PERFORMANCE,N,2053,2053,99,
AGENCY_AD_ROW_REBRDC,CASE1_CASE_DIV_NM,SILVER_ONLY_CHAIN,,,AGENCY_AD_BROADCAST_CASE,Y,2056,2056,2,
AGENCY_AD_ROW_REBRDC,CASE2_BSNS_DIV_NM,SILVER_ONLY_CHAIN,,,AGENCY_AD_BROADCAST_CASE,Y,1927,1927,9,
AGENCY_AD_ROW_REBRDC,CASE2_FAM_TY_NM,SILVER_ONLY_CHAIN,,,AGENCY_AD_BROADCAST_CASE,Y,1916,1916,10,
AGENCY_AD_ROW_REBRDC,CASE2_APPEAL_POINT_NM,SILVER_ONLY_CHAIN,,,AGENCY_AD_BROADCAST_CASE,Y,1915,1915,18,
AGENCY_AD_ROW_REBRDC,CASE2_CHILD_NM,SILVER_ONLY_CHAIN,,,AGENCY_AD_BROADCAST;AGENCY_AD_BROADCAST_CASE;AGENCY_AD_PERFORMANCE,N,1911,1911,69,
AGENCY_AD_ROW_REBRDC,CASE2_CASE_DIV_NM,SILVER_ONLY_CHAIN,,,AGENCY_AD_BROADCAST_CASE,Y,1907,1907,2,
AGENCY_AD_ROW_REBRDC,CASE3_BSNS_DIV_NM,SILVER_ONLY_CHAIN,,,AGENCY_AD_BROADCAST_CASE,Y,1341,1341,7,
AGENCY_AD_ROW_REBRDC,CASE3_FAM_TY_NM,SILVER_ONLY_CHAIN,,,AGENCY_AD_BROADCAST_CASE,Y,1341,1341,8,
AGENCY_AD_ROW_REBRDC,CASE3_APPEAL_POINT_NM,SILVER_ONLY_CHAIN,,,AGENCY_AD_BROADCAST_CASE,Y,1341,1341,11,
AGENCY_AD_ROW_REBRDC,CASE3_CHILD_NM,SILVER_ONLY_CHAIN,,,AGENCY_AD_BROADCAST;AGENCY_AD_BROADCAST_CASE;AGENCY_AD_PERFORMANCE,N,1337,1337,39,
AGENCY_AD_ROW_REBRDC,CASE3_CASE_DIV_NM,SILVER_ONLY_CHAIN,,,AGENCY_AD_BROADCAST_CASE,Y,1339,1339,2,
AGENCY_AD_ROW_VIDEO,AD_PERF_DK,SILVER_ONLY_CHAIN,,,AGENCY_AD_BROADCAST;AGENCY_AD_PERFORMANCE,Y,36416,36416,36400,
AGENCY_AD_ROW_VIDEO,AD_SOURCE_TYPE,SILVER_ONLY_CHAIN,,,AGENCY_AD_PERFORMANCE,Y,36416,36416,1,
AGENCY_AD_ROW_VIDEO,ROW_HASH,SILVER_ONLY_CHAIN,,,AGENCY_AD_BROADCAST;AGENCY_AD_PERFORMANCE,N,36416,36416,35910,
AGENCY_AD_ROW_VIDEO,DUP_SEQ,SILVER_ONLY_CHAIN,,,AGENCY_AD_BROADCAST;AGENCY_AD_PERFORMANCE,N,36416,36416,3,
AGENCY_AD_ROW_VIDEO,CHNNL_NM,SILVER_ONLY_CHAIN,,,AGENCY_AD_BROADCAST;AGENCY_AD_PERFORMANCE,Y,36416,36416,43,
AGENCY_AD_ROW_VIDEO,DOW,SILVER_ONLY_CHAIN,,,AGENCY_AD_BROADCAST;AGENCY_AD_PERFORMANCE,N,36416,36416,7,
AGENCY_AD_ROW_VIDEO,BRDC_DATE,SILVER_ONLY_CHAIN,,,AGENCY_AD_BROADCAST;AGENCY_AD_PERFORMANCE,Y,36416,36416,926,
AGENCY_AD_ROW_VIDEO,TIME_RNG,SILVER_ONLY_CHAIN,,,AGENCY_AD_BROADCAST,Y,35148,35148,16,
AGENCY_AD_ROW_VIDEO,DAY_DIV_NM,SILVER_ONLY_CHAIN,,,AGENCY_AD_BROADCAST,Y,35148,35148,3,
AGENCY_AD_ROW_VIDEO,PRG_STRT_TIME,SILVER_ONLY_CHAIN,,,AGENCY_AD_BROADCAST,Y,33024,33024,2169,
AGENCY_AD_ROW_VIDEO,SCHDL_NM,SILVER_ONLY_CHAIN,,,AGENCY_AD_BROADCAST;AGENCY_AD_PERFORMANCE,Y,34027,34027,1671,
AGENCY_AD_ROW_VIDEO,CM,SILVER_ONLY_CHAIN,,,AGENCY_AD_BROADCAST;AGENCY_AD_PERFORMANCE,N,34027,34027,3,
AGENCY_AD_ROW_VIDEO,CM_AREA,SILVER_ONLY_CHAIN,,,AGENCY_AD_BROADCAST,Y,32840,32840,16,
AGENCY_AD_ROW_VIDEO,AD_STRT_TIME,SILVER_ONLY_CHAIN,,,AGENCY_AD_BROADCAST,Y,33843,33843,23446,
AGENCY_AD_ROW_VIDEO,AD_END_TIME,SILVER_ONLY_CHAIN,,,AGENCY_AD_BROADCAST,Y,15203,15203,12036,
AGENCY_AD_ROW_VIDEO,SPOT_TY,SILVER_ONLY_CHAIN,,,AGENCY_AD_BROADCAST,Y,14199,14199,4,
AGENCY_AD_ROW_VIDEO,AD_VIEW_RT,SILVER_ONLY_CHAIN,,,AGENCY_AD_BROADCAST,Y,32840,13988,127,
AGENCY_AD_ROW_VIDEO,AD_CNT,SILVER_ONLY_CHAIN,,,AGENCY_AD_BROADCAST;AGENCY_AD_PERFORMANCE,Y,35231,35231,1,
AGENCY_AD_ROW_VIDEO,AD_SEC,SILVER_ONLY_CHAIN,,,AGENCY_AD_BROADCAST,Y,33890,33890,8,
AGENCY_AD_ROW_VIDEO,ACTL_PUR_AD_COST_KRW,SILVER_ONLY_CHAIN,,,AGENCY_AD_PERFORMANCE,Y,35207,35046,1464,
AGENCY_AD_ROW_VIDEO,INBOUND_CALL_CNT,SILVER_ONLY_CHAIN,,,AGENCY_AD_PERFORMANCE,Y,19761,19430,44,
AGENCY_AD_ROW_VIDEO,CPC,SILVER_ONLY_CHAIN,,,AGENCY_AD_BROADCAST,Y,34097,34097,1376,
AGENCY_AD_ROW_VIDEO,UPPER_CMPGN_NM,SILVER_ONLY_CHAIN,,,AGENCY_AD_PERFORMANCE,Y,36416,36416,12,
AGENCY_AD_ROW_VIDEO,MATR_NM,SILVER_ONLY_CHAIN,,,AGENCY_AD_PERFORMANCE,Y,36383,36383,81,
AGENCY_AD_ROW_VIDEO,CMPGN_TY_NM,SILVER_ONLY_CHAIN,,,AGENCY_AD_BROADCAST;AGENCY_AD_PERFORMANCE,N,36416,36416,8,
AGENCY_AD_ROW_VIDEO,DUR_PD_MATR_CHN,SILVER_ONLY_CHAIN,,,AGENCY_AD_BROADCAST;AGENCY_AD_PERFORMANCE,N,1217,1217,3,
AGENCY_AD_ROW_VIDEO,CHNNL_CMPNY_TY_NM,SILVER_ONLY_CHAIN,,,AGENCY_AD_BROADCAST,Y,36384,36384,9,
AGENCY_AD_ROW_VIDEO,WEEK,SILVER_ONLY_CHAIN,,,AGENCY_AD_BROADCAST;AGENCY_AD_PERFORMANCE,N,36416,36416,11,
AGENCY_AD_ROW_VIDEO,CONV_CALL_CNT,SILVER_ONLY_CHAIN,,,AGENCY_AD_BROADCAST;AGENCY_AD_PERFORMANCE,Y,0,0,0,
AGENCY_AD_ROW_VIDEO,BRDC_MT,SILVER_ONLY_CHAIN,,,AGENCY_AD_BROADCAST;AGENCY_AD_PERFORMANCE,N,35232,35232,23,
AGENCY_AD_ROW_VIDEO,YEAR,SILVER_ONLY_CHAIN,,,AGENCY_AD_PERFORMANCE,Y,35232,35232,3,
AGENCY_AD_ROW_VIDEO,CTV_DIV_NM,SILVER_ONLY_CHAIN,,,AGENCY_AD_BROADCAST,Y,2170,2170,2,
AGENCY_AD_ROW_VIDEO,MKT_CMPGN_NM,SILVER_ONLY_CHAIN,,,AGENCY_AD_PERFORMANCE,Y,35232,35232,38,
AGENCY_AD_ROW_VIDEO,SPNSR_BSNS_NM,SILVER_ONLY_CHAIN,,,AGENCY_AD_BROADCAST;AGENCY_AD_PERFORMANCE,N,35232,35232,9,
AGENCY_AD_ROW_VIDEO,DMST_OVSEA_DIV_NM,SILVER_ONLY_CHAIN,,,AGENCY_AD_BROADCAST;AGENCY_AD_PERFORMANCE,N,35232,35232,3,
AGENCY_AD_ROW_VIDEO,BSNS_CASE_DIV_NM,SILVER_ONLY_CHAIN,,,AGENCY_AD_BROADCAST;AGENCY_AD_PERFORMANCE,N,35232,35232,4,
CRM_BIZ_TARGET,BIZ_TARGET_DK,DROPPED,E→DROP_기술키,FACT_TARGET_BIZ,,,0,0,0,
CRM_BIZ_TARGET,TARGET_YEAR,DROPPED,E→DROP_날짜파생,FACT_TARGET_BIZ,,,0,0,0,
CRM_BIZ_TARGET,MONTH_NO,DROPPED,E→DROP_날짜파생,FACT_TARGET_BIZ,,,0,0,0,
CRM_BIZ_TARGET,MONTH_KEY,REFERENCED,,FACT_TARGET_BIZ,,,0,0,0,
CRM_BIZ_TARGET,ORG_CD,DROPPED,E_잔여_코드축개별판정,FACT_TARGET_BIZ,,,0,0,0,
CRM_BIZ_TARGET,ORG_NM,REFERENCED,,FACT_TARGET_BIZ,,,0,0,0,
CRM_BIZ_TARGET,SPONSOR_BIZ_NM,REFERENCED,,FACT_TARGET_BIZ,,,0,0,0,
CRM_BIZ_TARGET,CAMPAIGN_NM,REFERENCED,,FACT_TARGET_BIZ,,,0,0,0,
CRM_BIZ_TARGET,TARGET_TYPE,REFERENCED,,FACT_TARGET_BIZ,,,0,0,0,
CRM_BIZ_TARGET,TARGET_CNT,REFERENCED,,FACT_TARGET_BIZ,,,0,0,0,
CRM_CAMPAIGN,CMPGN_CD,REFERENCED,,DIM_CAMPAIGN;FACT_MEMBER_EVENT,,,36143,36143,36369,
CRM_CAMPAIGN,CMPGN_NM,REFERENCED,,DIM_CAMPAIGN,,,36143,36143,28327,
CRM_CAMPAIGN,UPPER_CMPGN_CD,REFERENCED,,DIM_CAMPAIGN,,,34686,34686,1330,
CRM_CAMPAIGN,UPPER_CMPGN_YN,DROPPED,E_잔여_코드축개별판정,DIM_CAMPAIGN;DIM_MARKETING_CAMPAIGN;FACT_MEMBER_EVENT,,,36143,36143,2,
CRM_CAMPAIGN,BRND_ID,DROPPED,E_잔여_코드축개별판정,DIM_CAMPAIGN;DIM_MARKETING_CAMPAIGN;FACT_MEMBER_EVENT,,,34686,34686,84,
CRM_CAMPAIGN,BRND_NM,REFERENCED,,DIM_CAMPAIGN,,,34686,34686,84,
CRM_CAMPAIGN,PR_MTH_CD,REFERENCED,,DIM_CAMPAIGN,,,34686,34686,95,
CRM_CAMPAIGN,SPNSR_BSNS_ID,REFERENCED,E_잔여_코드축개별판정,FACT_MEMBER_EVENT,,,34686,34686,461,
CRM_CAMPAIGN,CMPGN_CTGR_CD,DROPPED,E_잔여_코드축개별판정,DIM_CAMPAIGN;DIM_MARKETING_CAMPAIGN;FACT_MEMBER_EVENT,,,33915,33915,57,
CRM_CAMPAIGN,CMPGN_CTGR_NM,REFERENCED,,DIM_CAMPAIGN,,,33892,33892,55,
CRM_CAMPAIGN,MBER_INFLOW_PATH_CD,DROPPED,E_잔여_코드축개별판정,DIM_CAMPAIGN;DIM_MARKETING_CAMPAIGN;FACT_MEMBER_EVENT,,,33915,33915,16,
CRM_CAMPAIGN,MBER_INFLOW_PATH_NM,REFERENCED,,DIM_CAMPAIGN,,,33915,33915,16,
CRM_CAMPAIGN,CMPGN_TYPE1_BSN,DROPPED,E_잔여_코드축개별판정,DIM_CAMPAIGN;DIM_MARKETING_CAMPAIGN;FACT_MEMBER_EVENT,,,33915,33915,4,
CRM_CAMPAIGN,CMPGN_TYPE1_NM,REFERENCED,,DIM_CAMPAIGN,,,33175,33175,3,
CRM_CAMPAIGN,CMPGN_TYPE2_BSN,DROPPED,E_잔여_코드축개별판정,DIM_CAMPAIGN;DIM_MARKETING_CAMPAIGN;FACT_MEMBER_EVENT,,,33915,33915,4,
CRM_CAMPAIGN,CMPGN_TYPE2_NM,REFERENCED,,DIM_CAMPAIGN,,,33915,33915,4,
CRM_CAMPAIGN,MKTG_CMPGN_NM,REFERENCED,E_잔여_코드축개별판정,DIM_CAMPAIGN;DIM_MARKETING_CAMPAIGN,,,33915,33915,323,
CRM_CAMPAIGN,MK_CMPGN_NM,REFERENCED,,DIM_CAMPAIGN;DIM_MARKETING_CAMPAIGN,,,33915,33915,317,
CRM_CAMPAIGN,CMPGN_STRT_DE,REFERENCED,,DIM_CAMPAIGN,,,34686,34686,3257,
CRM_CAMPAIGN,CMPGN_TRGET_CD,DROPPED,E_잔여_코드축개별판정,DIM_CAMPAIGN;DIM_MARKETING_CAMPAIGN;FACT_MEMBER_EVENT,,,34686,34686,10,
CRM_CAMPAIGN,CPR_DIV_CD,DROPPED,E_잔여_코드축개별판정,DIM_CAMPAIGN;DIM_MARKETING_CAMPAIGN;FACT_MEMBER_EVENT,,,34686,34686,3,
CRM_CAMPAIGN,SPNSR_DIV_CD,DROPPED,E_잔여_코드축개별판정,DIM_CAMPAIGN;DIM_MARKETING_CAMPAIGN;FACT_MEMBER_EVENT,,,34686,34686,2,
CRM_CODE,CD_ID,REFERENCED,,DIM_CAMPAIGN;DIM_MEMBER;DIM_REASON;FACT_MEMBER_EVENT;FACT_MEMBER_FEE;WIDE_DEV_ACHIEVEMENT,CRM_CAMPAIGN;CRM_MEMBER;CRM_MEMBER_AMT_CHANGE;CRM_MEMBER_DEV;CRM_MEMBER_DISCONTINUE;CRM_MEMBER_STATUS_HIST;CRM_PAYMENT_METHOD,Y,5838,5838,330,
CRM_CODE,DTL_CD_ID,REFERENCED,,DIM_CAMPAIGN;DIM_MEMBER;DIM_REASON;FACT_MEMBER_EVENT;FACT_MEMBER_FEE;WIDE_DEV_ACHIEVEMENT,CRM_CAMPAIGN;CRM_MEMBER;CRM_MEMBER_AMT_CHANGE;CRM_MEMBER_DEV;CRM_MEMBER_DISCONTINUE;CRM_MEMBER_STATUS_HIST;CRM_PAYMENT_METHOD,Y,5838,5838,2671,
CRM_CODE,DTL_CD_NM,REFERENCED,,DIM_CAMPAIGN;DIM_MEMBER;DIM_REASON;FACT_MEMBER_EVENT;FACT_MEMBER_FEE;WIDE_DEV_ACHIEVEMENT,CRM_CAMPAIGN;CRM_MEMBER;CRM_MEMBER_AMT_CHANGE;CRM_MEMBER_DEV;CRM_MEMBER_DISCONTINUE;CRM_MEMBER_STATUS_HIST;CRM_PAYMENT_METHOD,Y,5838,5838,4319,
CRM_CODE,UPPER_CD_ID,DROPPED,E→선결배선,DIM_CAMPAIGN;DIM_MEMBER;DIM_REASON;FACT_MEMBER_EVENT;FACT_MEMBER_FEE;WIDE_DEV_ACHIEVEMENT,CRM_CAMPAIGN;CRM_MEMBER;CRM_MEMBER_AMT_CHANGE;CRM_MEMBER_DEV;CRM_MEMBER_DISCONTINUE;CRM_MEMBER_STATUS_HIST;CRM_PAYMENT_METHOD,N,661,661,59,
CRM_CODE,SORT_ORDR,DROPPED,E→DROP_기각,DIM_CAMPAIGN;DIM_MEMBER;DIM_REASON;FACT_MEMBER_EVENT;FACT_MEMBER_FEE;WIDE_DEV_ACHIEVEMENT,CRM_CAMPAIGN;CRM_MEMBER;CRM_MEMBER_AMT_CHANGE;CRM_MEMBER_DEV;CRM_MEMBER_DISCONTINUE;CRM_MEMBER_STATUS_HIST;CRM_PAYMENT_METHOD,N,5272,5253,278,
CRM_CODE,USE_YN,DROPPED,E→DROP_기각,DIM_CAMPAIGN;DIM_MEMBER;DIM_REASON;FACT_MEMBER_EVENT;FACT_MEMBER_FEE;WIDE_DEV_ACHIEVEMENT,CRM_CAMPAIGN;CRM_MEMBER;CRM_MEMBER_AMT_CHANGE;CRM_MEMBER_DEV;CRM_MEMBER_DISCONTINUE;CRM_MEMBER_STATUS_HIST;CRM_PAYMENT_METHOD,N,5837,5837,2,
CRM_DEV_TARGET,STDYY,REFERENCED,E→DROP_날짜파생,FACT_TARGET_DEV,,,25344,25344,15,
CRM_DEV_TARGET,STDR_MT,REFERENCED,,FACT_TARGET_DEV,,,25344,25344,12,
CRM_DEV_TARGET,MBER_DVLP_DIV_CD,REFERENCED,,FACT_TARGET_DEV,,,25344,25344,3,
CRM_DEV_TARGET,DEPT_ID,REFERENCED,,FACT_TARGET_DEV,,,25344,25344,236,
CRM_DEV_TARGET,GOAL_CNT,REFERENCED,,FACT_TARGET_DEV,,,25337,10677,1318,
CRM_EVENT,EVENT_KEY,REFERENCED,,DIM_EVENT,,,3786,3786,3741,
CRM_EVENT,EVENT_SOURCE,REFERENCED,,DIM_EVENT,,,3786,3786,2,
CRM_EVENT,EVENT_DIV_CD,REFERENCED,,DIM_EVENT,,,3786,3786,19,
CRM_EVENT,EVENT_NM,REFERENCED,,DIM_EVENT,,,3785,3785,3795,
CRM_EVENT,STRT_DE,REFERENCED,,DIM_EVENT,,,3785,3785,1568,
CRM_EVENT,END_DE,REFERENCED,,DIM_EVENT,,,3785,3785,1602,
CRM_EVENT,RCRIT_PSNNL_CO,REFERENCED,A_해소_차원이관,DIM_EVENT,,,3361,3348,74,
CRM_EVENT,BRNCH_DEPT_ID,DROPPED,E_잔여_코드축개별판정,DIM_EVENT,,,19,19,19,
CRM_EVENT_PARTICIPATION,EVENT_KEY,REFERENCED,,FACT_EVENT_PARTICIPATION,,,1134126,1134126,3687,
CRM_EVENT_PARTICIPATION,MBER_NO,REFERENCED,,FACT_EVENT_PARTICIPATION,,,1134126,1134126,406045,
CRM_EVENT_PARTICIPATION,PARTCPT_SEQ,REFERENCED,A_해소_degen키신설,FACT_EVENT_PARTICIPATION,,,1134126,1134126,148648,
CRM_EVENT_PARTICIPATION,PARTCPT_STAT_CD,REFERENCED,,FACT_EVENT_PARTICIPATION,,,1122886,1122886,19,
CRM_EVENT_PARTICIPATION,PARTCPT_CHNNL_CD,REFERENCED,,FACT_EVENT_PARTICIPATION,,,981922,981922,9,
CRM_EVENT_PARTICIPATION,PARTCPT_PATH_CD,REFERENCED,,FACT_EVENT_PARTICIPATION,,,1124441,1124441,13,
CRM_EVENT_PARTICIPATION,PRZWIN_CD,REFERENCED,,FACT_EVENT_PARTICIPATION,,,12960,12960,3,
CRM_EVENT_PARTICIPATION,RCPMNY_AMT,REFERENCED,,FACT_EVENT_PARTICIPATION,,,138602,4847,42,
CRM_EVENT_PARTICIPATION,PARTCPT_DT,REFERENCED,,FACT_EVENT_PARTICIPATION,,,981999,981999,2302,
CRM_MARKETING_CAMPAIGN,MK_CMPGN_CD,REFERENCED,,DIM_MARKETING_CAMPAIGN,,,323,323,323,
CRM_MARKETING_CAMPAIGN,MK_CMPGN_NM,REFERENCED,,DIM_MARKETING_CAMPAIGN,,,323,323,317,
CRM_MARKETING_CAMPAIGN,USE_YN,REFERENCED,,DIM_MARKETING_CAMPAIGN,,,323,323,1,
CRM_MARKETING_CAMPAIGN,RM,DROPPED,,DIM_MARKETING_CAMPAIGN,,,0,0,0,
CRM_MEMBER,MEMBER_DK,REFERENCED,,DIM_MEMBER;DIM_MEMBER_IDENTITY;FACT_MEMBER_MONTHLY,IDENTITY_MEMBER_XREF,Y,1763065,1763065,1744496,
CRM_MEMBER,MEMBER_TYPE,REFERENCED,,DIM_MEMBER;FACT_MEMBER_MONTHLY,IDENTITY_MEMBER_XREF,Y,1763065,1763065,2,
CRM_MEMBER,MBER_DIV_CD,REFERENCED,,DIM_MEMBER,IDENTITY_MEMBER_XREF,N,1763065,1763065,3,
CRM_MEMBER,MBER_DIV_NM,DROPPED,E→DROP_중복축,DIM_MEMBER;DIM_MEMBER_IDENTITY;FACT_MEMBER_MONTHLY,IDENTITY_MEMBER_XREF,N,1763065,1763065,3,
CRM_MEMBER,CPR_DIV_CD,DROPPED,E_잔여_코드축개별판정,DIM_MEMBER;DIM_MEMBER_IDENTITY;FACT_MEMBER_MONTHLY,IDENTITY_MEMBER_XREF,N,1763064,1763064,3,
CRM_MEMBER,SEX,REFERENCED,,DIM_MEMBER,IDENTITY_MEMBER_XREF,N,1762644,1762644,8,
CRM_MEMBER,SEX_NM,REFERENCED,,DIM_MEMBER,IDENTITY_MEMBER_XREF,N,1762644,1762644,8,
CRM_MEMBER,MBER_STAT_CD,REFERENCED,,DIM_MEMBER,IDENTITY_MEMBER_XREF,N,1587342,1587342,12,
CRM_MEMBER,MBER_STAT_NM,DROPPED,E→DROP_중복축,DIM_MEMBER;DIM_MEMBER_IDENTITY;FACT_MEMBER_MONTHLY,IDENTITY_MEMBER_XREF,N,1587342,1587342,12,
CRM_MEMBER,CMPGN_CD,REFERENCED,,DIM_MEMBER,IDENTITY_MEMBER_XREF,N,1585949,1585949,13237,
CRM_MEMBER,ACT_DEPT_CD,DROPPED,E_잔여_코드축개별판정,DIM_MEMBER;DIM_MEMBER_IDENTITY;FACT_MEMBER_MONTHLY,IDENTITY_MEMBER_XREF,N,1583316,1583316,281,
CRM_MEMBER,REGIST_DEPT_CD,DROPPED,E_잔여_코드축개별판정,DIM_MEMBER;DIM_MEMBER_IDENTITY;FACT_MEMBER_MONTHLY,IDENTITY_MEMBER_XREF,N,1758140,1758140,370,
CRM_MEMBER,JOIN_PATH_CD,REFERENCED,,DIM_MEMBER,IDENTITY_MEMBER_XREF,N,1587339,1587339,6,
CRM_MEMBER,HMPG_ID,REFERENCED,,DIM_MEMBER_IDENTITY,IDENTITY_MEMBER_XREF,Y,780060,780060,769136,
CRM_MEMBER,ENTRPS_NM,DROPPED,E_잔여_코드축개별판정,DIM_MEMBER;DIM_MEMBER_IDENTITY;FACT_MEMBER_MONTHLY,IDENTITY_MEMBER_XREF,N,34,34,30,
CRM_MEMBER,EMAIL_RECPTN,DROPPED,E_잔여_코드축개별판정,DIM_MEMBER;DIM_MEMBER_IDENTITY;FACT_MEMBER_MONTHLY,IDENTITY_MEMBER_XREF,N,1701633,1701633,20,
CRM_MEMBER,PSTMTR_RECPTN,DROPPED,E_잔여_코드축개별판정,DIM_MEMBER;DIM_MEMBER_IDENTITY;FACT_MEMBER_MONTHLY,IDENTITY_MEMBER_XREF,N,1701877,1701877,16,
CRM_MEMBER,JOIN_DT,REFERENCED,,DIM_MEMBER,IDENTITY_MEMBER_XREF,N,1763064,1763064,1639596,
CRM_MEMBER,EMAIL_STAT_CD,DROPPED,E_잔여_코드축개별판정,DIM_MEMBER;DIM_MEMBER_IDENTITY;FACT_MEMBER_MONTHLY,IDENTITY_MEMBER_XREF,N,733452,733452,4,
CRM_MEMBER,ETC_CTTPC_REL_CD,DROPPED,E_잔여_코드축개별판정,DIM_MEMBER;DIM_MEMBER_IDENTITY;FACT_MEMBER_MONTHLY,IDENTITY_MEMBER_XREF,N,127432,127432,14,
CRM_MEMBER,ETC_CTTPC_STAT_CD,DROPPED,E_잔여_코드축개별판정,DIM_MEMBER;DIM_MEMBER_IDENTITY;FACT_MEMBER_MONTHLY,IDENTITY_MEMBER_XREF,N,332398,332398,3,
CRM_MEMBER,ETC_TSTM_DIV_CD,DROPPED,E_잔여_코드축개별판정,DIM_MEMBER;DIM_MEMBER_IDENTITY;FACT_MEMBER_MONTHLY,IDENTITY_MEMBER_XREF,N,1081533,1081533,4,
CRM_MEMBER,MOBLPHON_STAT_CD,DROPPED,E_잔여_코드축개별판정,DIM_MEMBER;DIM_MEMBER_IDENTITY;FACT_MEMBER_MONTHLY,IDENTITY_MEMBER_XREF,N,1578320,1578320,3,
CRM_MEMBER,REL_CD,DROPPED,E_잔여_코드축개별판정,DIM_MEMBER;DIM_MEMBER_IDENTITY;FACT_MEMBER_MONTHLY,IDENTITY_MEMBER_XREF,N,9769,9769,12,
CRM_MEMBER,RELATNSP_DIV_CD,DROPPED,E_잔여_코드축개별판정,DIM_MEMBER;DIM_MEMBER_IDENTITY;FACT_MEMBER_MONTHLY,IDENTITY_MEMBER_XREF,N,1587293,1587293,4,
CRM_MEMBER,SLRCLD_LRR_CD,DROPPED,E_잔여_코드축개별판정,DIM_MEMBER;DIM_MEMBER_IDENTITY;FACT_MEMBER_MONTHLY,IDENTITY_MEMBER_XREF,N,1284714,1284714,4,
CRM_MEMBER,TSTM_DIV_CD,DROPPED,E_잔여_코드축개별판정,DIM_MEMBER;DIM_MEMBER_IDENTITY;FACT_MEMBER_MONTHLY,IDENTITY_MEMBER_XREF,N,1154557,1154557,4,
CRM_MEMBER_AMT_CHANGE,OCCRRNC_DE,REFERENCED,,FACT_MEMBER_MONTHLY,,,324947,324947,7666,
CRM_MEMBER_AMT_CHANGE,SER_NO,DROPPED,E→DROP_기술키,FACT_MEMBER_MONTHLY,,,324947,324947,322929,
CRM_MEMBER_AMT_CHANGE,MBER_NO,REFERENCED,,FACT_MEMBER_MONTHLY,,,324947,324947,200358,
CRM_MEMBER_AMT_CHANGE,SPNSR_AMT,DROPPED,E→DROP_중복축,FACT_MEMBER_MONTHLY,,,324947,324686,694,
CRM_MEMBER_AMT_CHANGE,RDCAMT_YN,REFERENCED,,FACT_MEMBER_MONTHLY,,,324947,324947,2,
CRM_MEMBER_AMT_CHANGE,ACMSLT_DEPT_CD,DROPPED,E_잔여_코드축개별판정,FACT_MEMBER_MONTHLY,,,318793,318793,305,
CRM_MEMBER_AMT_CHANGE,CMPGN_CD,DROPPED,E_잔여_코드축개별판정,FACT_MEMBER_MONTHLY,,,318916,318916,10776,
CRM_MEMBER_AMT_CHANGE,AREA_CD,DROPPED,E→DROP_중복축,FACT_MEMBER_MONTHLY,,,318814,318814,19,
CRM_MEMBER_AMT_CHANGE,AREA_NM,DROPPED,E→DROP_중복축,FACT_MEMBER_MONTHLY,,,317473,317473,18,
CRM_MEMBER_AMT_CHANGE,AGE,DROPPED,E→DROP_중복축,FACT_MEMBER_MONTHLY,,,318814,318814,12,
CRM_MEMBER_AMT_CHANGE,MBER_DIV_CD,DROPPED,E→DROP_중복축,FACT_MEMBER_MONTHLY,,,318815,318815,3,
CRM_MEMBER_AMT_CHANGE,SETLE_CD,REFERENCED,,FACT_MEMBER_MONTHLY,,,318814,318814,7,
CRM_MEMBER_AMT_CHANGE,SEX,DROPPED,E→DROP_중복축,FACT_MEMBER_MONTHLY,,,318814,318814,9,
CRM_MEMBER_AMT_CHANGE,SPNSR_AMT_CD,DROPPED,E_잔여_코드축개별판정,FACT_MEMBER_MONTHLY,,,318814,318814,5,
CRM_MEMBER_DEV,SPNSR_NO,DROPPED,E→DROP_기술키,DIM_MEMBER;FACT_MEMBER_EVENT,,,3594843,3594843,2094758,
CRM_MEMBER_DEV,SPNSR_BSNS_NO,DROPPED,E→DROP_기술키,DIM_MEMBER;FACT_MEMBER_EVENT,,,3594843,3594843,2213866,
CRM_MEMBER_DEV,OCCRRNC_DE,REFERENCED,,DIM_MEMBER;FACT_MEMBER_EVENT,,,3594843,3594843,9837,
CRM_MEMBER_DEV,SER_NO,REFERENCED,E→DROP_기술키,DIM_MEMBER,,,3594843,3594843,3498554,
CRM_MEMBER_DEV,MBER_NO,REFERENCED,,DIM_MEMBER;FACT_MEMBER_EVENT,,,3594843,3594843,1571482,
CRM_MEMBER_DEV,SPNSR_BSNS_ID,REFERENCED,A_해소_배선완료,DIM_MEMBER;FACT_MEMBER_EVENT,,,3594843,3594843,29,
CRM_MEMBER_DEV,SPNSR_AMT,REFERENCED,,FACT_MEMBER_EVENT,,,3594843,3594792,1273,
CRM_MEMBER_DEV,DVLP_DIV_CD,REFERENCED,,FACT_MEMBER_EVENT,,,3594843,3594843,5,
CRM_MEMBER_DEV,DVLP_DIV_NM,REFERENCED,,FACT_MEMBER_EVENT,,,3594843,3594843,5,
CRM_MEMBER_DEV,ACT_DEPT_CD,DROPPED,E_잔여_코드축개별판정,DIM_MEMBER;FACT_MEMBER_EVENT,,,3594829,3594829,372,
CRM_MEMBER_DEV,ACMSLT_DEPT_CD,REFERENCED,E_잔여_코드축개별판정,FACT_MEMBER_EVENT,,,3594835,3594835,355,
CRM_MEMBER_DEV,CMPGN_CD,REFERENCED,,DIM_MEMBER;FACT_MEMBER_EVENT,,,3594843,3594843,16561,
CRM_MEMBER_DEV,SETLE_CD,DROPPED,E→판정정정_도달불가,DIM_MEMBER;FACT_MEMBER_EVENT,,,3594843,3594843,7,
CRM_MEMBER_DEV,AREA_CD,REFERENCED,A_해소_배선완료,DIM_MEMBER;FACT_MEMBER_EVENT,,,3594837,3594837,19,
CRM_MEMBER_DEV,AREA_NM,REFERENCED,A_해소_배선완료,FACT_MEMBER_EVENT,,,3574213,3574213,18,
CRM_MEMBER_DEV,AGE,REFERENCED,A_해소_배선완료,DIM_MEMBER;FACT_MEMBER_EVENT,,,3594843,3594843,12,
CRM_MEMBER_DEV,CANCL_RDCAMT_RSN_CD,DROPPED,E_잔여_코드축개별판정,DIM_MEMBER;FACT_MEMBER_EVENT,,,1306901,1306901,31,
CRM_MEMBER_DEV,MBER_DIV_CD,REFERENCED,E→DROP_중복축,DIM_MEMBER,,,3594843,3594843,3,
CRM_MEMBER_DEV,SEX,REFERENCED,E→DROP_중복축,DIM_MEMBER;FACT_MEMBER_EVENT,,,3594843,3594843,9,
CRM_MEMBER_DEV,SPNSR_AMT_CD,DROPPED,E_잔여_코드축개별판정,DIM_MEMBER;FACT_MEMBER_EVENT,,,3594843,3594843,5,
CRM_MEMBER_DISCONTINUE,MBER_NO,REFERENCED,,DIM_MEMBER;FACT_MEMBER_EVENT,,,1038262,1038262,875554,
CRM_MEMBER_DISCONTINUE,SPNSR_DSCNTC_DE,REFERENCED,,DIM_MEMBER;FACT_MEMBER_EVENT,,,1038262,1038262,6591,
CRM_MEMBER_DISCONTINUE,SER_NO,REFERENCED,E→DROP_기술키,DIM_MEMBER,,,1038262,1038262,1050438,
CRM_MEMBER_DISCONTINUE,DSCNTC_RSN_CD,REFERENCED,,FACT_MEMBER_EVENT,,,1038262,1038262,20,
CRM_MEMBER_DISCONTINUE,DSCNTC_RSN_NM,REFERENCED,,FACT_MEMBER_EVENT,,,1038262,1038262,20,
CRM_MEMBER_DISCONTINUE,DSCNTC_PATH,REFERENCED,,FACT_MEMBER_EVENT,,,1038262,1038262,3,
CRM_MEMBER_DISCONTINUE,REGIST_DEPT_CD,DROPPED,E_잔여_코드축개별판정,DIM_MEMBER;FACT_MEMBER_EVENT,,,925948,925948,54,
CRM_MEMBER_DISCONTINUE,DSCNTC_PATH_NM,REFERENCED,,FACT_MEMBER_EVENT,,,1038262,1038262,3,
CRM_MEMBER_RESPONSOR,MBER_NO,NO_CONSUMER,,,,,115254,115254,97823,
CRM_MEMBER_RESPONSOR,SER_NO,NO_CONSUMER,,,,,115254,115254,114190,
CRM_MEMBER_RESPONSOR,RE_SPNSR_DE,NO_CONSUMER,,,,,115254,115254,6560,
CRM_MEMBER_RESPONSOR,REGIST_DEPT_CD,NO_CONSUMER,,,,,86738,86738,313,
CRM_MEMBER_SPONSOR_BIZ,SPNSR_NO,SILVER_ONLY_CHAIN,,,CRM_SPONSOR_RELATION,Y,2170572,2170572,2094758,
CRM_MEMBER_SPONSOR_BIZ,SPNSR_BSNS_NO,SILVER_ONLY_CHAIN,,,CRM_SPONSOR_RELATION,Y,2170572,2170572,2213866,
CRM_MEMBER_SPONSOR_BIZ,SPNSR_BSNS_ID,SILVER_ONLY_CHAIN,,,CRM_SPONSOR_RELATION,Y,2170572,2170572,29,
CRM_MEMBER_SPONSOR_BIZ,SPNSR_AMT,SILVER_ONLY_CHAIN,,,CRM_SPONSOR_RELATION,N,2170572,2170522,600,
CRM_MEMBER_SPONSOR_BIZ,SPNSR_DSCNTC_YN,SILVER_ONLY_CHAIN,,,CRM_SPONSOR_RELATION,N,2170572,2170572,2,
CRM_MEMBER_SPONSOR_BIZ,SPNSR_DSCNTC_DE,SILVER_ONLY_CHAIN,,,CRM_SPONSOR_RELATION,N,1337780,1337780,7306,
CRM_MEMBER_SPONSOR_BIZ,SPNSR_DSCNTC_RSN_CD,SILVER_ONLY_CHAIN,,,CRM_SPONSOR_RELATION,N,1337773,1337773,28,
CRM_MEMBER_STATUS_HIST,MBER_NO,REFERENCED,,DIM_MEMBER,,,7501761,7501761,1234968,
CRM_MEMBER_STATUS_HIST,SER_NO,REFERENCED,,DIM_MEMBER,,,7501761,7480258,2834262,
CRM_MEMBER_STATUS_HIST,BF_STAT_CD,REFERENCED,A_해소_배선완료,DIM_MEMBER,,,7501761,7501761,12,
CRM_MEMBER_STATUS_HIST,BF_STAT_NM,DROPPED,A_해소_사전조인대체,DIM_MEMBER,,,7501761,7501761,12,
CRM_MEMBER_STATUS_HIST,CHN_STAT_CD,REFERENCED,,DIM_MEMBER,,,7501761,7501761,12,
CRM_MEMBER_STATUS_HIST,CHN_STAT_NM,DROPPED,A_해소_사전조인대체,DIM_MEMBER,,,7501761,7501761,12,
CRM_MEMBER_STATUS_HIST,EFFECTIVE_FROM,REFERENCED,,DIM_MEMBER,,,7501761,7501761,1145030,
CRM_MEMBER_STATUS_HIST,EFFECTIVE_TO,REFERENCED,,DIM_MEMBER,,,6236971,6236971,855157,
CRM_MEMBER_STATUS_HIST,IS_CURRENT,REFERENCED,,DIM_MEMBER,,,7501761,1264790,2,
CRM_ORG,DEPT_ID,REFERENCED,,DIM_ORG,,,1314,1314,1318,
CRM_ORG,DEPT_NM,REFERENCED,,DIM_ORG,,,1314,1314,697,
CRM_ORG,UPPER_DEPT_ID,DROPPED,A_잔여_현업차단,DIM_ORG,,,1314,1314,321,
CRM_ORG,ACMSLT_UPPER_DEPT_ID,REFERENCED,,DIM_ORG,,,1014,1014,477,
CRM_ORG,ACMSLT_DEPT_YN,REFERENCED,,DIM_ORG,,,1170,1170,2,
CRM_ORG,STATS_DEPT_LVL,DROPPED,E→DROP_기각,DIM_ORG,,,8,5,2,
CRM_ORG,USE_YN,REFERENCED,,DIM_ORG,,,1314,1314,2,
CRM_ORG,SORT_ORDR,DROPPED,E→DROP_기각,DIM_ORG,,,3,0,1,
CRM_PAYMENT_BILLING,PAY_KEY,DROPPED,E→DROP_기술키,FACT_MEMBER_FEE;FACT_MEMBER_MONTHLY,,,47521872,47521872,48036177,
CRM_PAYMENT_BILLING,PAYMENT_TYPE,REFERENCED,,FACT_MEMBER_FEE;FACT_MEMBER_MONTHLY,,,47521872,47521872,2,
CRM_PAYMENT_BILLING,MBER_NO,REFERENCED,,FACT_MEMBER_FEE;FACT_MEMBER_MONTHLY,,,47521867,47521867,1302140,
CRM_PAYMENT_BILLING,SPNSR_BSNS_ID,REFERENCED,,FACT_MEMBER_FEE;FACT_MEMBER_MONTHLY,,,47439264,47439264,36,
CRM_PAYMENT_BILLING,RELATNSP_KEY,DROPPED,E→DROP_기술키,FACT_MEMBER_FEE;FACT_MEMBER_MONTHLY,,,12661580,12608391,412240,
CRM_PAYMENT_BILLING,MBRFEE_MT,REFERENCED,,FACT_MEMBER_FEE;FACT_MEMBER_MONTHLY,,,46391620,46391620,262,
CRM_PAYMENT_BILLING,MBRFEE_SQNC,REFERENCED,,FACT_MEMBER_MONTHLY,,,46074267,46074267,52,
CRM_PAYMENT_BILLING,RQEST_AMT,REFERENCED,,FACT_MEMBER_FEE;FACT_MEMBER_MONTHLY,,,46391620,46391438,3502,
CRM_PAYMENT_BILLING,RQEST_DE,REFERENCED,,FACT_MEMBER_FEE;FACT_MEMBER_MONTHLY,,,46391620,46391620,4053,
CRM_PAYMENT_BILLING,PAY_AMT,REFERENCED,,FACT_MEMBER_FEE;FACT_MEMBER_MONTHLY,,,47376748,41112011,30835,
CRM_PAYMENT_BILLING,PAY_DE,REFERENCED,,FACT_MEMBER_FEE;FACT_MEMBER_MONTHLY,,,41115150,41115150,5989,
CRM_PAYMENT_BILLING,PAY_STAT_CD,REFERENCED,,FACT_MEMBER_FEE;FACT_MEMBER_MONTHLY,,,47377395,47377395,2,
CRM_PAYMENT_BILLING,SETLE_CD,REFERENCED,,FACT_MEMBER_FEE;FACT_MEMBER_MONTHLY,,,47415584,47415584,11,
CRM_PAYMENT_BILLING,GFT_DIV_CD,DROPPED,E_잔여_코드축개별판정,FACT_MEMBER_FEE;FACT_MEMBER_MONTHLY,,,83104,83104,7,
CRM_PAYMENT_BILLING,RQEST_RST_CD,REFERENCED,,FACT_MEMBER_MONTHLY,,,46239125,46239125,100,
CRM_PAYMENT_BILLING,PRCS_RST_CD,DROPPED,E_잔여_코드축개별판정,FACT_MEMBER_FEE;FACT_MEMBER_MONTHLY,,,46068766,46068766,7,
CRM_PAYMENT_BILLING,CPR_DIV_CD,DROPPED,E_잔여_코드축개별판정,FACT_MEMBER_FEE;FACT_MEMBER_MONTHLY,,,47521717,47521717,3,
CRM_PAYMENT_BILLING,MBER_DIV_CD,DROPPED,E→DROP_중복축,FACT_MEMBER_FEE;FACT_MEMBER_MONTHLY,,,46391620,46391620,3,
CRM_PAYMENT_BILLING,MBRFEE_DIV_CD,REFERENCED,A_해소_배선완료,FACT_MEMBER_FEE;FACT_MEMBER_MONTHLY,,,46391620,46391620,4,
CRM_PAYMENT_BILLING,OPERT_DIV_CD,DROPPED,E_잔여_코드축개별판정,FACT_MEMBER_FEE;FACT_MEMBER_MONTHLY,,,46388209,46388209,6,
CRM_PAYMENT_BILLING,MBRFEE_PRCS_STAT_CD,DROPPED,E_잔여_코드축개별판정,FACT_MEMBER_FEE;FACT_MEMBER_MONTHLY,,,46391620,46391620,3,
CRM_PAYMENT_BILLING,RETUN_RSN_CD,DROPPED,E_잔여_코드축개별판정,FACT_MEMBER_FEE;FACT_MEMBER_MONTHLY,,,15217,15217,11,
CRM_PAYMENT_BILLING,RQEST_DIV_CD,DROPPED,E_잔여_코드축개별판정,FACT_MEMBER_FEE;FACT_MEMBER_MONTHLY,,,46384703,46384703,4,
CRM_PAYMENT_METHOD,SETLE_KEY,DROPPED,E→DROP_기술키,DIM_PAYMENT,,,2545696,2545696,2571607,
CRM_PAYMENT_METHOD,MBER_NO,DROPPED,E→DROP_기술키,DIM_PAYMENT,,,2545696,2545696,1572654,
CRM_PAYMENT_METHOD,SETLE_CD,REFERENCED,,DIM_PAYMENT,,,2545696,2545696,6,
CRM_PAYMENT_METHOD,SETLE_NM,REFERENCED,,DIM_PAYMENT,,,2545696,2545696,6,
CRM_PAYMENT_METHOD,CARD_DIV_CD,DROPPED,E_잔여_코드축개별판정,DIM_PAYMENT,,,690943,690943,3,
CRM_PAYMENT_METHOD,FNLT_CD,DROPPED,E_잔여_코드축개별판정,DIM_PAYMENT,,,716068,716068,107,
CRM_PAYMENT_METHOD,WTDRW_STRT_DE,DROPPED,E_잔여_코드축개별판정,DIM_PAYMENT,,,2545696,2545696,9779,
CRM_PAYMENT_METHOD,SETLE_STAT_CD,DROPPED,E_잔여_코드축개별판정,DIM_PAYMENT,,,2545696,2545696,9,
CRM_PAYMENT_METHOD,APPLCNT_MBER_REL_CD,DROPPED,E_잔여_코드축개별판정,DIM_PAYMENT,,,2501411,2501411,14,
CRM_PAYMENT_METHOD,CPR_DIV_CD,DROPPED,E_잔여_코드축개별판정,DIM_PAYMENT,,,2545696,2545696,2,
CRM_PAYMENT_METHOD,CRTFC_MTH_CD,DROPPED,E_잔여_코드축개별판정,DIM_PAYMENT,,,1935325,1935325,5,
CRM_PAYMENT_METHOD,FNLT_DIV_CD,DROPPED,E_잔여_코드축개별판정,DIM_PAYMENT,,,2456268,2456268,3,
CRM_PAYMENT_METHOD,RCEPT_DIV_CD,DROPPED,E_잔여_코드축개별판정,DIM_PAYMENT,,,1729609,1729609,6,
CRM_PAYMENT_METHOD,RQST_DIV_CD,DROPPED,E_잔여_코드축개별판정,DIM_PAYMENT,,,1729610,1729610,6,
CRM_RELATION_ACTIVITY,ACTIVITY_KEY,NO_CONSUMER,,,,,388153,388153,388539,
CRM_RELATION_ACTIVITY,ACTIVITY_TYPE,NO_CONSUMER,,,,,388153,388153,2,
CRM_RELATION_ACTIVITY,RELATNSP_KEY,NO_CONSUMER,,,,,388153,388153,138667,
CRM_RELATION_ACTIVITY,MNG_NO,NO_CONSUMER,,,,,388153,388153,429,
CRM_RELATION_ACTIVITY,GFTMNEY,NO_CONSUMER,,,,,180544,180544,54,
CRM_RELATION_ACTIVITY,LETTER_DIV_CD,NO_CONSUMER,,,,,207609,207609,3,
CRM_RELATION_ACTIVITY,RCEPT_DE,NO_CONSUMER,,,,,207609,207609,4457,
CRM_RELATION_ACTIVITY,SNDNG_DE,NO_CONSUMER,,,,,385549,385549,608,
CRM_SEND_MEMBER,SNDNG_KEY,REFERENCED,,FACT_SERVICE_EVENT,,,38471525,38471525,1538594,
CRM_SEND_MEMBER,SNDNG_DTL_KEY,DROPPED,E→DROP_기술키,FACT_SERVICE_EVENT,,,38471525,38471525,31021146,
CRM_SEND_MEMBER,MBER_NO,REFERENCED,,FACT_SERVICE_EVENT,,,38470780,38470780,1015233,
CRM_SEND_MEMBER,SNDNG_DE,REFERENCED,,FACT_SERVICE_EVENT,,,38471525,38471525,1541821,
CRM_SEND_MEMBER,SNDNG_RST_CD,REFERENCED,,FACT_SERVICE_EVENT,,,35751752,35751752,7,
CRM_SEND_MEMBER,SEND_CHANNEL,REFERENCED,,FACT_SERVICE_EVENT,,,38471525,38471525,4,
CRM_SEND_REQUEST,SNDNG_KEY,REFERENCED,,FACT_SERVICE_EVENT,,,1614397,1614397,1531936,
CRM_SEND_REQUEST,SEND_CHANNEL,REFERENCED,,DIM_SERVICE;FACT_SERVICE_EVENT,,,1614397,1614397,4,
CRM_SEND_REQUEST,SNDNG_TY_CD,REFERENCED,,DIM_SERVICE;FACT_SERVICE_EVENT,,,1612686,1612686,4,
CRM_SEND_REQUEST,SEND_GBN_TOP,REFERENCED,B_해소_DIM_SEND_TYPE배선,DIM_SEND_TYPE;FACT_SERVICE_EVENT,,,1707,1707,12,
CRM_SEND_REQUEST,SEND_GBN_TOP_NM,REFERENCED,B_해소_DIM_SEND_TYPE배선,DIM_SEND_TYPE,,,1707,1707,9,
CRM_SEND_REQUEST,SEND_GBN_MID,REFERENCED,B_해소_DIM_SEND_TYPE배선,DIM_SEND_TYPE;FACT_SERVICE_EVENT,,,1707,1707,16,
CRM_SEND_REQUEST,SEND_GBN_MID_NM,REFERENCED,B_해소_DIM_SEND_TYPE배선,DIM_SEND_TYPE,,,1707,1707,26,
CRM_SEND_REQUEST,SEND_GBN_BOT,REFERENCED,B_해소_DIM_SEND_TYPE배선,DIM_SEND_TYPE;FACT_SERVICE_EVENT,,,1707,1707,41,
CRM_SEND_REQUEST,SEND_GBN_BOT_NM,REFERENCED,B_해소_DIM_SEND_TYPE배선,DIM_SEND_TYPE,,,1707,1707,56,
CRM_SEND_REQUEST,TIT,REFERENCED,,FACT_SERVICE_EVENT,,,1576765,1576765,33734,
CRM_SEND_REQUEST,SNDNG_STDR_DE,DROPPED,E→DROP_날짜파생,DIM_SEND_TYPE;DIM_SERVICE;FACT_SERVICE_EVENT,,,1614397,1614397,1643858,
CRM_SEND_REQUEST,REQ_SEQ_NO,DROPPED,E→DROP_기술키,DIM_SEND_TYPE;DIM_SERVICE;FACT_SERVICE_EVENT,,,1707,1707,1665,
CRM_SEND_REQUEST,MSG_DIV_CD,DROPPED,E_잔여_코드축개별판정,DIM_SEND_TYPE;DIM_SERVICE;FACT_SERVICE_EVENT,,,1110248,1110248,4,
CRM_SEND_REQUEST,PSTMTR_PRCS_STAT_CD,DROPPED,E_잔여_코드축개별판정,DIM_SEND_TYPE;DIM_SERVICE;FACT_SERVICE_EVENT,,,3801,3801,2,
CRM_SEND_REQUEST,SNDNG_TIME_DIV_CD,DROPPED,E_잔여_코드축개별판정,DIM_SEND_TYPE;DIM_SERVICE;FACT_SERVICE_EVENT,,,1076975,1076975,3,
CRM_SEND_RESULT,SNDNG_KEY,NO_CONSUMER,,,,,1611758,1611758,1529288,
CRM_SEND_RESULT,SEND_CHANNEL,NO_CONSUMER,,,,,1611758,1611758,4,
CRM_SEND_RESULT,SNDNG_CNT,NO_CONSUMER,,,,,1611758,1611748,2885,
CRM_SEND_RESULT,SUCCES_CNT,NO_CONSUMER,,,,,1608535,1553223,2561,
CRM_SEND_RESULT,FAILR_CNT,NO_CONSUMER,,,,,1503783,33033,685,
CRM_SEND_RESULT,TOT_CLICK_CNT,NO_CONSUMER,,,,,0,0,0,
CRM_SPONSORSHIP,SPNSR_BSNS_ID,REFERENCED,,DIM_SPONSORSHIP,,,50,50,50,
CRM_SPONSORSHIP,SPNSR_BSNS_NM,REFERENCED,,DIM_SPONSORSHIP,,,50,50,50,
CRM_SPONSORSHIP,SPNSR_BSNS_ABRV_CD,REFERENCED,,DIM_SPONSORSHIP,,,50,50,6,
CRM_SPONSORSHIP,SPNSR_DIV_CD,DROPPED,E_잔여_코드축개별판정,DIM_SPONSORSHIP,,,50,50,2,
CRM_SPONSORSHIP,DNTN_TY_CD,DROPPED,E_잔여_코드축개별판정,DIM_SPONSORSHIP,,,50,50,2,
CRM_SPONSORSHIP,CPR_DIV_CD,DROPPED,E_잔여_코드축개별판정,DIM_SPONSORSHIP,,,50,50,2,
CRM_SPONSOR_RELATION,RELATNSP_KEY,NO_CONSUMER,,,,,862610,862610,856719,
CRM_SPONSOR_RELATION,SPNSR_NO,NO_CONSUMER,,,,,862610,862610,636122,
CRM_SPONSOR_RELATION,SPNSR_BSNS_NO,NO_CONSUMER,,,,,862610,862610,667819,
CRM_SPONSOR_RELATION,SPNSR_BSNS_ID,NO_CONSUMER,,,,,862610,862610,3,
CRM_SPONSOR_RELATION,CHILD_CD,NO_CONSUMER,,,,,862610,862608,471770,
CRM_SPONSOR_RELATION,MBER_NO,NO_CONSUMER,,,,,862610,862610,544313,
CRM_SPONSOR_RELATION,RELATNSP_STRT_DE,NO_CONSUMER,,,,,862610,862610,8411,
CRM_SPONSOR_RELATION,RELATNSP_DSCNTC_DE,NO_CONSUMER,,,,,667278,667278,6602,
CRM_SPONSOR_RELATION,RELATNSP_DSCNTC_YN,NO_CONSUMER,,,,,862610,862610,2,
CRM_SPONSOR_RELATION,RELATNSP_DSCNTC_RSN_CD,NO_CONSUMER,,,,,667214,667214,30,
ERP_BUDGET,BUDGET_ITEM_DK,REFERENCED,,FACT_BUDGET,,,75996,75996,6434,
ERP_BUDGET,BUDGET_YEAR,DROPPED,E→DROP_날짜파생,FACT_BUDGET,,,75996,75996,3,
ERP_BUDGET,MONTH_NO,DROPPED,E→DROP_날짜파생,FACT_BUDGET,,,75996,75996,12,
ERP_BUDGET,MONTH_KEY,REFERENCED,,FACT_BUDGET,,,75996,75996,36,
ERP_BUDGET,YEAR_BUDGET_AMT,REFERENCED,,FACT_BUDGET,,,75480,8066,2835,
ERP_BUDGET,CHN_BUDGET_AMT,DROPPED,D_문서화된미전파,FACT_BUDGET,,,75455,2818,1589,
ERP_BUDGET,ADJ_BUDGET_AMT,DROPPED,D_문서화된미전파,FACT_BUDGET,,,75469,8670,3548,
ERP_BUDGET,EXEC_AMT,REFERENCED,,FACT_BUDGET,,,75509,4899,4162,
ERP_BUDGET_ITEM,BUDGET_ITEM_DK,REFERENCED,,DIM_BUDGET_ITEM,,,6317,6317,6434,
ERP_BUDGET_ITEM,BUDGET_YEAR,DROPPED,D_문서화된미전파,DIM_BUDGET_ITEM,,,6317,6317,3,
ERP_BUDGET_ITEM,INCOME_EXPENSE_DIV,REFERENCED,,DIM_BUDGET_ITEM,,,6317,6317,2,
ERP_BUDGET_ITEM,BUDGET_UNIT_NM,DROPPED,D_문서화된미전파,DIM_BUDGET_ITEM,,,6317,6317,148,
ERP_BUDGET_ITEM,JANG_NM,DROPPED,D_문서화된미전파,DIM_BUDGET_ITEM,,,6317,6317,10,
ERP_BUDGET_ITEM,KWAN_NM,DROPPED,D_문서화된미전파,DIM_BUDGET_ITEM,,,6317,6317,16,
ERP_BUDGET_ITEM,HANG_NM,DROPPED,D_문서화된미전파,DIM_BUDGET_ITEM,,,6317,6317,34,
ERP_BUDGET_ITEM,MOK_NM,REFERENCED,,DIM_BUDGET_ITEM,,,6317,6317,63,
ERP_BUDGET_ITEM,DTL_ITEM_NM,REFERENCED,,DIM_BUDGET_ITEM,,,6317,6317,47,
ERP_BUDGET_ITEM,SUBDTL_ITEM_NM,REFERENCED,,DIM_BUDGET_ITEM,,,6317,6317,372,
ERP_BUDGET_ITEM,FUND_SOURCE_NM,DROPPED,D_문서화된미전파,DIM_BUDGET_ITEM,,,6317,6317,34,
GA4_DEVICE,DEVICE_TYPE,REFERENCED,,DIM_DEVICE,,,101,101,2,
GA4_DEVICE,PLATFORM,DROPPED,,DIM_DEVICE,,,101,101,1,
GA4_DEVICE,DEVICE_CATEGORY,DROPPED,D_문서화된미전파,DIM_DEVICE,,,101,101,3,
GA4_DEVICE,OS,DROPPED,D_문서화된미전파,DIM_DEVICE,,,100,100,7,
GA4_DEVICE,BROWSER,DROPPED,D_문서화된미전파,DIM_DEVICE,,,0,0,0,
GA4_DEVICE,LANGUAGE,DROPPED,D_문서화된미전파,DIM_DEVICE,,,101,101,42,
GA4_EVENT,USER_PSEUDO_ID,REFERENCED,,FACT_GA_BEHAVIOR,,,538565,538565,67174,
GA4_EVENT,EVENT_TIMESTAMP,DROPPED,E→DROP_날짜파생,FACT_GA_BEHAVIOR,,,538565,538565,361556,
GA4_EVENT,EVENT_NAME,REFERENCED,,FACT_GA_BEHAVIOR,,,538565,538565,49,
GA4_EVENT,BATCH_ORDERING_ID,DROPPED,E→DROP_기술키,FACT_GA_BEHAVIOR,,,538565,538565,92,
GA4_EVENT,EVENT_DATE,DROPPED,E→DROP_날짜파생,FACT_GA_BEHAVIOR,,,538565,538565,2,
GA4_EVENT,EVENT_DT,REFERENCED,,FACT_GA_BEHAVIOR,,,538565,538565,2,
GA4_EVENT,EVENT_TS,DROPPED,E→DROP_날짜파생,FACT_GA_BEHAVIOR,,,538565,538565,350212,
GA4_EVENT,USER_ID,DROPPED,E→DROP_중복축,FACT_GA_BEHAVIOR,,,17793,17793,1874,
GA4_EVENT,GA_SESSION_ID,REFERENCED,,FACT_GA_BEHAVIOR,,,538565,538565,60358,
GA4_EVENT,GA_SESSION_NUMBER,DROPPED,E→잔여_원자grain팩트필요,FACT_GA_BEHAVIOR,,,538565,538565,245,
GA4_EVENT,GA_SESSION_KEY,DROPPED,E→DROP_기술키,FACT_GA_BEHAVIOR,,,538565,538565,77444,
GA4_EVENT,USER_ID_FILLED,DROPPED,E→DROP_중복축,FACT_GA_BEHAVIOR,,,122241,122241,1874,
GA4_EVENT,ID_RESOLUTION,DROPPED,E→DROP_중복축,FACT_GA_BEHAVIOR,,,538565,538565,4,
GA4_EVENT,SESSION_ENGAGED,REFERENCED,,FACT_GA_BEHAVIOR,,,538565,538565,2,
GA4_EVENT,ENGAGEMENT_TIME_MSEC,REFERENCED,,FACT_GA_BEHAVIOR,,,250492,250492,38665,
GA4_EVENT,PAGE_LOCATION,REFERENCED,,FACT_GA_BEHAVIOR,,,538565,538565,74163,
GA4_EVENT,PAGE_TITLE,DROPPED,E→귀속확정_DIM_GA_PAGE신설,FACT_GA_BEHAVIOR,,,537087,537087,443,
GA4_EVENT,PAGE_REFERRER,DROPPED,E→귀속확정_DIM_GA_REFERRER신설,FACT_GA_BEHAVIOR,,,427957,427957,10878,
GA4_EVENT,EVENT_CATEGORY,REFERENCED,,FACT_GA_BEHAVIOR,,,188785,188785,137,
GA4_EVENT,EVENT_ACTION,REFERENCED,,FACT_GA_BEHAVIOR,,,188783,188783,397,
GA4_EVENT,EVENT_LABEL,REFERENCED,,FACT_GA_BEHAVIOR,,,187989,187989,3004,
GA4_EVENT,PERCENT_SCROLLED,REFERENCED,,FACT_GA_BEHAVIOR,,,99656,99656,6,
GA4_EVENT,LINK_URL,DROPPED,E→잔여_원자grain팩트필요,FACT_GA_BEHAVIOR,,,51118,51118,3069,
GA4_EVENT,LINK_TEXT,DROPPED,E→잔여_원자grain팩트필요,FACT_GA_BEHAVIOR,,,57653,57653,1898,
GA4_EVENT,DEVICE_TYPE,REFERENCED,,FACT_GA_BEHAVIOR,,,538565,538565,2,
GA4_EVENT,DEVICE_CATEGORY,DROPPED,E→DROP_중복축,FACT_GA_BEHAVIOR,,,538565,538565,3,
GA4_EVENT,OS,DROPPED,E→DROP_중복축,FACT_GA_BEHAVIOR,,,538544,538544,7,
GA4_EVENT,GEO_COUNTRY,DROPPED,E→귀속확정_DIM_GEO신설,FACT_GA_BEHAVIOR,,,538565,538545,85,
GA4_EVENT,GEO_CITY,DROPPED,E→귀속확정_DIM_GEO신설,FACT_GA_BEHAVIOR,,,538565,537430,435,
GA4_EVENT,UTM_SOURCE,REFERENCED,,FACT_GA_BEHAVIOR,,,470754,470754,110,
GA4_EVENT,UTM_MEDIUM,REFERENCED,,FACT_GA_BEHAVIOR,,,474460,474460,25,
GA4_EVENT,UTM_CAMPAIGN,DROPPED,E→귀속확정_FACT_degen,FACT_GA_BEHAVIOR,,,473886,473886,243,
GA4_EVENT,DEFAULT_CHANNEL_GROUP,DROPPED,E→배선후보,FACT_GA_BEHAVIOR,,,538565,538565,14,
GA4_EVENT,PLATFORM,DROPPED,E→DROP_중복축,FACT_GA_BEHAVIOR,,,538565,538565,1,
GA4_EVENT,IS_ACTIVE_USER,REFERENCED,,FACT_GA_BEHAVIOR,,,538565,514204,2,
GA4_EVENT_DIM,EVENT_NAME,DROPPED,E→DROP_중복축,DIM_GA_EVENT,,,5155,5155,49,
GA4_EVENT_DIM,EVENT_CATEGORY,REFERENCED,,DIM_GA_EVENT,,,5140,5140,137,
GA4_EVENT_DIM,EVENT_LABEL,REFERENCED,,DIM_GA_EVENT,,,5139,5139,3004,
GA4_EVENT_DIM,EVENT_ACTION,REFERENCED,,DIM_GA_EVENT,,,5138,5138,397,
GA4_IDENTITY,USER_PSEUDO_ID,SILVER_ONLY_CHAIN,,,IDENTITY_MEMBER_XREF,Y,2009,2009,1982,
GA4_IDENTITY,GA_MEMBER_ID,SILVER_ONLY_CHAIN,,,IDENTITY_MEMBER_XREF,Y,2009,2009,1849,
GA4_IDENTITY,MEMBER_TYPE,SILVER_ONLY_CHAIN,,,IDENTITY_MEMBER_XREF,Y,2009,2009,2,
GA4_IDENTITY,MBER_NO,SILVER_ONLY_CHAIN,,,IDENTITY_MEMBER_XREF,N,1954,1954,1794,
GA4_IDENTITY,ONCE_MBER_NO,SILVER_ONLY_CHAIN,,,IDENTITY_MEMBER_XREF,N,55,55,52,
GA4_IDENTITY,ID_RESOLUTION,SILVER_ONLY_CHAIN,,,IDENTITY_MEMBER_XREF,Y,2009,2009,1,
GA4_TRAFFIC_SOURCE,UTM_SOURCE,REFERENCED,,DIM_GA_SOURCE,,,2136,2136,110,
GA4_TRAFFIC_SOURCE,UTM_MEDIUM,REFERENCED,,DIM_GA_SOURCE,,,2144,2144,25,
GA4_TRAFFIC_SOURCE,UTM_CAMPAIGN,DROPPED,E→DROP_중복축,DIM_GA_SOURCE,,,2150,2150,243,
GA4_TRAFFIC_SOURCE,UTM_CONTENT,REFERENCED,,DIM_GA_SOURCE,,,1989,1989,629,
GA4_TRAFFIC_SOURCE,UTM_TERM,REFERENCED,,DIM_GA_SOURCE,,,1882,1882,546,
GA4_TRAFFIC_SOURCE,SOURCE_MEDIUM,REFERENCED,,DIM_GA_SOURCE,,,2129,2129,136,
GA4_TRAFFIC_SOURCE,XCHAN_SOURCE,DROPPED,E→귀속확정_DIM_GA_SOURCE,DIM_GA_SOURCE,,,2167,2167,113,
GA4_TRAFFIC_SOURCE,XCHAN_MEDIUM,DROPPED,E→귀속확정_DIM_GA_SOURCE,DIM_GA_SOURCE,,,2167,2167,28,
GA4_TRAFFIC_SOURCE,XCHAN_CAMPAIGN,DROPPED,E→귀속확정_FACT_degen,DIM_GA_SOURCE,,,2167,2167,276,
GA4_TRAFFIC_SOURCE,DEFAULT_CHANNEL_GROUP,REFERENCED,E→배선후보,DIM_GA_SOURCE,,,2167,2167,14,
IDENTITY_MEMBER_XREF,USER_PSEUDO_ID,REFERENCED,,FACT_GA_BEHAVIOR,,,2009,2009,1982,
IDENTITY_MEMBER_XREF,GA_MEMBER_ID,REFERENCED,,DIM_MEMBER_IDENTITY,,,2009,2009,1849,
IDENTITY_MEMBER_XREF,MEMBER_TYPE,DROPPED,E→DROP_기각,DIM_MEMBER_IDENTITY;FACT_GA_BEHAVIOR,,,2009,2009,2,
IDENTITY_MEMBER_XREF,MEMBER_DK,REFERENCED,,DIM_MEMBER_IDENTITY;FACT_GA_BEHAVIOR,,,1823,1823,1690,
IDENTITY_MEMBER_XREF,HOMEPAGE_ID,REFERENCED,,DIM_MEMBER_IDENTITY,,,1685,1685,1580,
IDENTITY_MEMBER_XREF,ID_RESOLUTION,DROPPED,E→보류_G5게이트,DIM_MEMBER_IDENTITY;FACT_GA_BEHAVIOR,,,2009,2009,1,
IDENTITY_MEMBER_XREF,MATCH_METHOD,DROPPED,E→DROP_파생,DIM_MEMBER_IDENTITY;FACT_GA_BEHAVIOR,,,2009,2009,2,
IDENTITY_MEMBER_XREF,MATCH_CONFIDENCE,DROPPED,E→DROP_파생,DIM_MEMBER_IDENTITY;FACT_GA_BEHAVIOR,,,2009,2009,2,
