문항ID,Agent,정답Agent여부,사용도구,정답도구사용,무도구정답,라우팅판정,MSTR기준,GN_DW기준,계산전확인,영문사고문
Q01,AGENT_MEMBER,True,analyst_member_cohort analyst_ml_sponsor_risk,True,False,True,False,False,False,False
Q02,AGENT_MEMBER,True,analyst_ml_feature_importance analyst_ml_member_risk,True,False,True,False,False,True,False
Q03,AGENT_MEMBER,True,analyst_ml_fee_forecast,False,False,False,False,False,False,False
Q04,AGENT_MEMBER,True,analyst_mbrfee_prdt_actl analyst_ml_fee_forecast,True,False,True,False,False,True,False
Q05,AGENT_MEMBER,True,,False,True,True,False,False,True,False
Q06,AGENT_MEMBER,True,,False,True,True,False,False,True,False
Q07,AGENT_MEMBER,True,analyst_ml_fee_forecast,True,False,True,False,True,False,False
Q08,AGENT_MEMBER,True,analyst_member_event analyst_ml_feature_importance analyst_ml_member_risk,True,False,True,False,True,False,False
Q09,AGENT_MEMBER,True,analyst_member_monthly analyst_ml_feature_importance analyst_ml_member_risk,True,False,True,False,True,False,True
Q10,AGENT_EXECUTIVE,True,analyst_mstr_spnsr_dvlp,True,False,True,True,False,False,False
Q10,AGENT_MEMBER,False,analyst_mstr_spnsr_dvlp,True,False,True,True,False,True,False
Q11,AGENT_EXECUTIVE,True,analyst_mstr_spnsr_dvlp,True,False,True,True,False,False,False
Q11,AGENT_MEMBER,False,analyst_mstr_spnsr_dvlp,True,False,True,True,False,False,False
Q12,AGENT_EXECUTIVE,True,analyst_mstr_spnsr_dvlp,True,False,True,True,False,False,False
Q12,AGENT_MEMBER,False,analyst_mstr_spnsr_dvlp,True,False,True,True,False,False,False
Q13,AGENT_EXECUTIVE,True,analyst_mstr_spnsr_dvlp,True,False,True,True,False,False,False
Q13,AGENT_MARKETING,False,analyst_ml_dvlp_forecast,True,False,True,False,False,False,False
Q14,AGENT_EXECUTIVE,True,analyst_mstr_spnsr_dvlp,True,False,True,True,False,False,False
Q14,AGENT_MARKETING,False,analyst_mstr_spnsr_dvlp,True,False,True,False,False,False,False
Q15,AGENT_EXECUTIVE,True,analyst_ml_dvlp_forecast,True,False,True,False,False,True,False
Q15,AGENT_MARKETING,False,analyst_ml_dvlp_forecast,True,False,True,False,False,True,False
Q16,AGENT_EXECUTIVE,True,analyst_ml_dvlp_forecast,True,False,True,False,False,False,False
Q16,AGENT_MARKETING,False,analyst_ml_dvlp_forecast,True,False,True,False,False,False,False
Q17,AGENT_MARKETING,True,,False,True,True,False,False,True,False
Q18,AGENT_EXECUTIVE,True,analyst_ml_feature_importance,True,False,True,False,False,False,False
Q18,AGENT_MARKETING,False,analyst_ml_feature_importance,True,False,True,False,False,True,False
Q19,AGENT_MARKETING,True,analyst_ad,True,False,True,False,False,False,False
Q20,AGENT_MARKETING,True,,False,True,True,False,False,True,False
Q21,AGENT_MARKETING,True,analyst_ad,True,False,True,False,False,True,False
Q22,AGENT_MARKETING,True,analyst_mstr_spnsr_dvlp,False,False,False,True,False,True,False
Q23,AGENT_MARKETING,True,,False,True,True,False,False,True,False
Q24,AGENT_MARKETING,True,,False,True,True,False,False,True,False
Q25,AGENT_MARKETING,True,,False,True,True,False,False,True,False
Q26,AGENT_MARKETING,True,,False,True,True,False,False,True,False
Q27,AGENT_MARKETING,True,,False,True,True,False,False,True,False
Q28,AGENT_MEMBER,True,analyst_ml_once_conversion,True,False,True,False,False,False,False
Q28,AGENT_MARKETING,False,analyst_ml_once_conversion,True,False,True,False,True,False,False
Q29,AGENT_MARKETING,True,analyst_ml_ltv_forecast,True,False,True,False,False,False,False
Q30,AGENT_MARKETING,True,,False,True,True,False,False,True,False
Q31,AGENT_MARKETING,True,analyst_ml_ltv_forecast,True,False,True,False,False,False,False
Q32,AGENT_MEMBER,True,analyst_ml_feature_importance analyst_ml_member_risk,True,False,True,False,False,True,False
Q32,AGENT_MARKETING,False,analyst_ml_member_risk,True,False,True,False,False,True,False
Q33,AGENT_MARKETING,True,analyst_ga_behavior,True,False,True,False,False,False,False
R10,AGENT_MEMBER,True,analyst_service_cohort,True,False,True,False,False,False,False
R11,AGENT_MEMBER,True,analyst_service analyst_service_cohort,True,False,True,False,True,False,False
R12,AGENT_MEMBER,True,analyst_service_cohort,True,False,True,False,False,False,False
R13,AGENT_MEMBER,True,analyst_service analyst_service_cohort,True,False,True,False,False,True,False
R14,AGENT_MEMBER,True,analyst_service,True,False,True,False,False,True,True
R15,AGENT_MEMBER,True,analyst_member_cohort analyst_member_event,True,False,True,False,True,False,True
D1,AGENT_EXECUTIVE,True,analyst_mstr_spnsr_dvlp,True,False,True,True,False,True,False
D1,AGENT_MEMBER,False,analyst_mstr_spnsr_dvlp,True,False,True,True,False,False,False
D2,AGENT_EXECUTIVE,True,analyst_mstr_spnsr_dvlp,True,False,True,True,False,True,False
D2,AGENT_MEMBER,False,analyst_mstr_spnsr_dvlp,True,False,True,True,False,True,False
D3,AGENT_MEMBER,True,analyst_member_event analyst_mstr_spnsr_dvlp,True,False,True,False,False,False,False
D4,AGENT_EXECUTIVE,True,analyst_mstr_spnsr_dvlp,True,False,True,True,False,True,False
D4,AGENT_MARKETING,False,analyst_mstr_spnsr_dvlp,True,False,True,True,False,True,False
D5,AGENT_EXECUTIVE,True,analyst_mstr_spnsr_dvlp,True,False,True,True,False,False,False
X1,AGENT_MEMBER,True,analyst_member_event,True,False,True,False,True,True,False
X2,AGENT_MARKETING,True,analyst_member_event,True,False,True,False,True,False,False
M1,AGENT_EXECUTIVE,True,analyst_mstr_spnsr_dvlp,True,False,True,True,False,False,False
M1,AGENT_MEMBER,False,analyst_member_event analyst_mstr_spnsr_dvlp,True,False,True,True,False,False,False
M3,AGENT_EXECUTIVE,True,analyst_mstr_spnsr_dvlp,True,False,True,True,False,False,False
M3,AGENT_MARKETING,False,analyst_mstr_spnsr_dvlp,True,False,True,True,False,False,False
