문항ID,정답Agent(수정안),추천,추천전체,일치,교차분리,형식준수,지연초,현업예상Agent
Q01,AGENT_MEMBER,MISSING
Q02,AGENT_MEMBER,MISSING
Q03,AGENT_EXECUTIVE,MISSING
Q04,AGENT_EXECUTIVE,MISSING
Q05,AGENT_EXECUTIVE,MISSING
Q06,AGENT_EXECUTIVE,MISSING
Q07,AGENT_EXECUTIVE,AGENT_EXECUTIVE,AGENT_EXECUTIVE,True,False,True,13.6,AGENT_MEMBER
Q08,AGENT_MEMBER,MISSING
Q09,AGENT_MEMBER,MISSING
Q10,AGENT_EXECUTIVE,MISSING
Q11,AGENT_EXECUTIVE,MISSING
Q12,AGENT_EXECUTIVE,MISSING
Q13,AGENT_EXECUTIVE,MISSING
Q14,AGENT_EXECUTIVE,MISSING
Q15,AGENT_EXECUTIVE,MISSING
Q16,AGENT_EXECUTIVE,MISSING
Q17,AGENT_MARKETING,MISSING
Q18,AGENT_EXECUTIVE,MISSING
Q19,AGENT_MARKETING,MISSING
Q20,AGENT_MARKETING,MISSING
Q21,AGENT_MARKETING,MISSING
Q22,AGENT_MARKETING,MISSING
Q23,AGENT_MARKETING,MISSING
Q24,AGENT_MARKETING,MISSING
Q25,AGENT_MARKETING,AGENT_MARKETING,AGENT_MARKETING,True,False,True,9.9,AGENT_MARKETING
Q26,AGENT_MARKETING,MISSING
Q27,AGENT_MARKETING,MISSING
Q28,AGENT_MEMBER,AGENT_MEMBER,AGENT_MEMBER,True,False,True,9.8,AGENT_MARKETING
Q29,AGENT_MARKETING,MISSING
Q30,AGENT_MARKETING,MISSING
Q31,AGENT_MARKETING,MISSING
Q32,AGENT_MEMBER,MISSING
Q33,AGENT_MARKETING,MISSING
R10,AGENT_MEMBER,MISSING
R11,AGENT_MEMBER,MISSING
R12,AGENT_MEMBER,MISSING
R13,AGENT_MEMBER,MISSING
R14,AGENT_MEMBER,MISSING
R15,AGENT_MEMBER,MISSING
D1,AGENT_EXECUTIVE,MISSING
D2,AGENT_EXECUTIVE,MISSING
D3,AGENT_MEMBER,MISSING
D4,AGENT_EXECUTIVE,MISSING
D5,AGENT_EXECUTIVE,MISSING
X1,AGENT_EXECUTIVE,MISSING
X2,AGENT_EXECUTIVE,MISSING
M1,AGENT_EXECUTIVE,MISSING
M3,AGENT_EXECUTIVE,MISSING
