SRC_SCHEMA,SRC_TABLE,SRC_COLUMN,NDV,ROW_CNT,COMMENT,SILVER_REF,JUDGE,DOMAIN
SILVER,BIGQUERY_DEVICE,DEVICE_CATEGORY,4,834,디바이스 카테고리 (원본),,D_중복(GA파생),F.GA4/검색
SILVER,BIGQUERY_DEVICE,OS,9,834,운영체제,,D_중복(GA파생),F.GA4/검색
SILVER,BIGQUERY_DEVICE,BROWSER,23,834,브라우저,,D_중복(GA파생),F.GA4/검색
SILVER,BIGQUERY_DEVICE,LANGUAGE,175,834,언어,,D_중복(GA파생),F.GA4/검색
SILVER,CRM_CAMPAIGN,UPPER_CMPGN_YN,2,37204,상위캠페인 여부 (Y/N),,W_배선,A.캠페인
SILVER,CRM_CAMPAIGN,BRND_ID,84,37204,브랜드ID,,X_불필요,A.캠페인
SILVER,CRM_CAMPAIGN,SPNSR_BSNS_ID,481,37204,후원사업ID (Q16 조인키),,X_불필요,A.캠페인
SILVER,CRM_CAMPAIGN,CMPGN_TRGET_CD,10,37204,캠페인대상 코드 raw. 코드id:CM002.,,W_배선,A.캠페인
SILVER,AGENCY_AD_ROW_VIDEO,DOW,7,48115,[원천보존] 요일 텍스트,,X_불필요,G.광고
SILVER,AGENCY_AD_ROW_VIDEO,CM,5,48115,[원천보존] CM 구분,,W_배선,G.광고
SILVER,AGENCY_AD_ROW_VIDEO,UPPER_CMPGN_NM,15,48115,[원천보존] 상위 캠페인명,,W_배선,G.광고
SILVER,AGENCY_AD_ROW_VIDEO,MATR_NM,222,48115,[원천보존] 소재명,,W_배선,G.광고
SILVER,AGENCY_AD_ROW_VIDEO,DMST_OVSEA_DIV_NM,3,48115,[원천보존] 캠페인유형(국내/해외),,W_배선,G.광고
SILVER,AGENCY_AD_ROW_VIDEO,BSNS_CASE_DIV_NM,4,48115,[원천보존] 캠페인유형(사업/사례),,W_배선,G.광고
SILVER,AGENCY_AD_ROW_VIDEO,CMPGN_TY_NM,7,48115,[원천보존] 캠페인유형명,,W_배선,G.광고
SILVER,AGENCY_AD_ROW_VIDEO,WEEK,16,48115,[원천보존] 주차 텍스트,,X_불필요,G.광고
SILVER,AGENCY_AD_ROW_VIDEO,DEVICE_NM,4,48115,[원천보존] 기기 (O182 신규),,W_배선,G.광고
SILVER,AGENCY_AD_ROW_VIDEO,CMPGN_NM,24,48115,[원천보존] 캠페인명 (O182 신규 · 구 MKT_CMPGN_NM 자리 · CTV 시트만 채움),,W_배선,G.광고
SILVER,AGENCY_AD_ROW_VIDEO,MATR_TY_NM,2,48115,[원천보존] 소재유형 (O182 신규),,W_배선,G.광고
SILVER,ERP_BUDGET,BDGT_UNIT_NM,6,3096,예산단위명 (원천 BDGT_UNIT_NM 승계),,W_배선,K.조직/예산/목표
SILVER,CRM_SEND_REQUEST,MSG_DIV_CD,4,1904889,MSG_DIV_CD. 코드id:MS010.,,W_배선,E.발송
SILVER,CRM_SEND_REQUEST,PSTMTR_PRCS_STAT_CD,2,1904889,PSTMTR_PRCS_STAT_CD. 코드id:MS061.,,W_배선,E.발송
SILVER,CRM_SEND_REQUEST,SNDNG_TIME_DIV_CD,3,1904889,SNDNG_TIME_DIV_CD. 코드id:MS267.,,W_배선,E.발송
SILVER,CRM_CODE,UPPER_CD_ID,60,5884,상위코드 ID (코드 계층),,X_불필요,Z.코드마스터
SILVER,CRM_CODE,CD_ATRB1,106,5884,코드속성1 [원천: BRONZE_CRM.TC_CMMN_DTL_CD],,X_불필요,Z.코드마스터
SILVER,CRM_CODE,CD_ATRB2,35,5884,코드속성2 [원천: BRONZE_CRM.TC_CMMN_DTL_CD],,X_불필요,Z.코드마스터
SILVER,CRM_CODE,CD_ATRB3,30,5884,코드속성3 [원천: BRONZE_CRM.TC_CMMN_DTL_CD],,X_불필요,Z.코드마스터
SILVER,CRM_MEMBER_SPONSOR_BIZ,SPNSR_BSNS_ID,29,2219670,후원사업ID (→CRM_SPONSORSHIP),,X_불필요,C.회원
SILVER,CRM_MEMBER_SPONSOR_BIZ,SPNSR_DSCNTC_YN,2,2219670,후원중단여부 (Y/N),,W_배선,C.회원
SILVER,CRM_MEMBER_SPONSOR_BIZ,SPNSR_DSCNTC_RSN_CD,28,2219670,후원중단사유코드,,W_배선,C.회원
SILVER,CRM_MKTNG_CODE,CD_ID,3,967,코드그룹 ID (PK · C001 마케팅캠페인 / C002 채널 / U001 UTM),,X_불필요,A.캠페인
SILVER,CRM_MKTNG_CODE,CD_NM,3,967,코드그룹명,,X_불필요,A.캠페인
SILVER,CRM_MEMBER,CPR_DIV_CD,3,1798516,법인구분코드,,W_배선,C.회원
SILVER,CRM_MEMBER,MBER_STAT_NM,12,1798516,회원상태명 (코드 라벨),,W_배선,C.회원
SILVER,CRM_MEMBER,ACT_DEPT_CD,281,1798516,활동부서코드 (→CRM_ORG),,W_배선,C.회원
SILVER,CRM_MEMBER,REGIST_DEPT_CD,371,1798516,등록부서코드 (→CRM_ORG),,W_배선,C.회원
SILVER,CRM_MEMBER,ENTRPS_NM,32,1798516,기업/단체명 (법인회원),,X_불필요,C.회원
SILVER,CRM_MEMBER,EMAIL_RECPTN,20,1798516,이메일 수신동의 여부,,W_배선,C.회원
SILVER,CRM_MEMBER,PSTMTR_RECPTN,16,1798516,우편물 수신동의 여부,,W_배선,C.회원
SILVER,CRM_MEMBER,EMAIL_STAT_CD,4,1798516,EMAIL_STAT_CD. 코드id:MM009. [사유:원천 부재],,W_배선,C.회원
SILVER,CRM_MEMBER,ETC_CTTPC_REL_CD,14,1798516,기타연락처 관계 코드 raw (정본 MM008). 코드id:MM008.,,W_배선,C.회원
SILVER,CRM_MEMBER,ETC_CTTPC_STAT_CD,3,1798516,ETC_CTTPC_STAT_CD. 코드id:MM008.,,W_배선,C.회원
SILVER,CRM_MEMBER,ETC_TSTM_DIV_CD,4,1798516,ETC_TSTM_DIV_CD. 코드id:MS026.,,W_배선,C.회원
SILVER,CRM_MEMBER,MOBLPHON_STAT_CD,3,1798516,MOBLPHON_STAT_CD. 코드id:MM008.,,W_배선,C.회원
SILVER,CRM_MEMBER,REL_CD,12,1798516,관계 코드 raw (정본 CM009). ONCE 전용. 코드id:CM009.,,W_배선,C.회원
SILVER,CRM_MEMBER,RELATNSP_DIV_CD,4,1798516,RELATNSP_DIV_CD. 코드id:MM019.,,W_배선,C.회원
SILVER,CRM_MEMBER,SLRCLD_LRR_CD,4,1798516,급여공제 코드 raw (정본 CM029). 코드id:CM029.,,W_배선,C.회원
SILVER,CRM_MEMBER,TSTM_DIV_CD,4,1798516,TSTM_DIV_CD. 코드id:MS026.,,W_배선,C.회원
SILVER,BIGQUERY_TRAFFIC_SOURCE,XCHAN_SOURCE,397,11431,cross_channel source,,D_중복(GA파생),F.GA4/검색
SILVER,BIGQUERY_TRAFFIC_SOURCE,XCHAN_MEDIUM,52,11431,cross_channel medium,,D_중복(GA파생),F.GA4/검색
SILVER,CRM_SEND_RESULT,SEND_CHANNEL,4,1780890,발송채널 (PK),,W_배선,E.발송
SILVER,CRM_ORG,UPPER_DEPT_ID,321,1314,상위부서ID (조직 계층),,X_불필요,K.조직/예산/목표
SILVER,CRM_MEMBER_STATUS_HIST,BF_STAT_NM,12,7717882,변경 전 상태명 (코드 라벨),,W_배선,C.회원
SILVER,CRM_MEMBER_STATUS_HIST,CHN_STAT_NM,12,7717882,변경 후 상태명 (코드 라벨),,W_배선,C.회원
SILVER,CRM_CAMPAIGN_SPONSOR_BIZ_BRIDGE,SPNSR_BSNS_ID,27,95569,"후원사업ID (PK, →CRM_SPONSORSHIP)",,X_불필요,A.캠페인
SILVER,CRM_MEMBER_DEV,ACT_DEPT_CD,372,3688281,활동부서코드 (→CRM_ORG),,W_배선,C.회원
SILVER,CRM_MEMBER_DEV,ACMSLT_DEPT_CD,355,3688281,실적부서코드 (→CRM_ORG),,W_배선,C.회원
SILVER,CRM_MEMBER_DEV,SETLE_CD,7,3688281,결제수단코드,,W_배선,C.회원
SILVER,CRM_MEMBER_DEV,CANCL_RDCAMT_RSN_CD,31,3688281,취소·감액사유 코드 raw (정본 MM002). 코드id:MM002.,,W_배선,C.회원
SILVER,CRM_MEMBER_DEV,MBER_DIV_CD,3,3688281,회원구분 원천코드 raw. 코드id:MM018,,W_배선,C.회원
SILVER,CRM_MEMBER_DEV,SPNSR_AMT_CD,5,3688281,SPNSR_AMT_CD. 코드id:CM012.,,W_배선,C.회원
SILVER,AGENCY_AD_ROW_REBRDC,YEAR,4,2111,[원천보존] 연도 텍스트,,X_불필요,G.광고
SILVER,AGENCY_AD_ROW_REBRDC,MONTH,12,2111,[원천보존] 월 텍스트 (O182 신규),,X_불필요,G.광고
SILVER,AGENCY_AD_ROW_REBRDC,DAY,31,2111,[원천보존] 일 텍스트 (O182 신규),,X_불필요,G.광고
SILVER,AGENCY_AD_ROW_REBRDC,DOW,7,2111,[원천보존] 요일 텍스트,,X_불필요,G.광고
SILVER,AGENCY_AD_ROW_REBRDC,WEEK,6,2111,[원천보존] 주차 텍스트,,X_불필요,G.광고
SILVER,CRM_MEMBER_AMT_CHANGE,RDCAMT_YN,2,335678,감액여부 (Y=감액/N=증액),,W_배선,C.회원
SILVER,CRM_MEMBER_AMT_CHANGE,ACMSLT_DEPT_CD,306,335678,실적부서코드 (→CRM_ORG),,W_배선,C.회원
SILVER,CRM_MEMBER_AMT_CHANGE,AREA_CD,19,335678,지역코드 (CM018),,W_배선,C.회원
SILVER,CRM_MEMBER_AMT_CHANGE,AREA_NM,18,335678,지역명 (코드 라벨),,W_배선,C.회원
SILVER,CRM_MEMBER_AMT_CHANGE,MBER_DIV_CD,3,335678,회원구분 원천코드 raw. 코드id:MM018,,W_배선,C.회원
SILVER,CRM_MEMBER_AMT_CHANGE,SETLE_CD,7,335678,결제수단 코드 raw (정본 PM040). 라벨 미배선. 코드id:PM040.,,W_배선,C.회원
SILVER,CRM_MEMBER_AMT_CHANGE,SEX,9,335678,성별 원천코드 raw. 코드id:CM013,,W_배선,C.회원
SILVER,CRM_MEMBER_AMT_CHANGE,SPNSR_AMT_CD,5,335678,SPNSR_AMT_CD. 코드id:CM012.,,W_배선,C.회원
SILVER,CRM_SEND_MEMBER_LINK_LOG,MBER_NO,372,551,회원번호,,X_불필요,E.발송
SILVER,CRM_SEND_MEMBER_LINK_LOG,LINK_ID,45,551,링크ID,,X_불필요,E.발송
SILVER,CRM_SEND_MEMBER_LINK_LOG,LINK_PAGE,25,551,링크페이지,,X_불필요,E.발송
SILVER,CRM_SEND_MEMBER_LINK_LOG,LINK_IMG_URL,34,551,링크이미지URL,,X_불필요,E.발송
SILVER,CRM_SEND_MEMBER_LINK_LOG,AGENT,5,551,접속에이전트,,X_불필요,E.발송
SILVER,BIGQUERY_IDENTITY,ID_SCHEME,4,46814,ID 체계 (PK) — MBER_NO/ONCE_MBER_NO/APP/EMAIL/INVALID/UNCLASSIFIED,,X_불필요,F.GA4/검색
SILVER,BIGQUERY_IDENTITY,MEMBER_TYPE,2,46814,회원구분 ONCE(S+8자리) / FDRM(7자리).,,D_중복(GA파생),F.GA4/검색
SILVER,BIGQUERY_EVENT,EVENT_NAME,52,10603794,이벤트명 (PK),,D_중복(GA파생),F.GA4/검색
SILVER,BIGQUERY_EVENT,EVENT_DATE,34,10603794,원본 YYYYMMDD,,X_불필요,F.GA4/검색
SILVER,BIGQUERY_EVENT,ID_SCHEME,4,10603794,ID_SCHEME.,,X_불필요,F.GA4/검색
SILVER,BIGQUERY_EVENT,ID_RESOLUTION,4,10603794,ID_RESOLUTION.,,X_불필요,F.GA4/검색
SILVER,BIGQUERY_EVENT,SESSION_ENGAGED,2,10603794,세션 engaged 여부,,D_중복(GA파생),F.GA4/검색
SILVER,BIGQUERY_EVENT,EVENT_CATEGORY,340,10603794,이벤트 카테고리,,D_중복(GA파생),F.GA4/검색
SILVER,BIGQUERY_EVENT,DEVICE_TYPE,3,10603794,디바이스 유형 파생. 값 = M / PC / (unknown).,,D_중복(GA파생),F.GA4/검색
SILVER,BIGQUERY_EVENT,DEVICE_CATEGORY,4,10603794,DEVICE_CATEGORY.,,D_중복(GA파생),F.GA4/검색
SILVER,BIGQUERY_EVENT,OS,9,10603794,운영체제,,D_중복(GA파생),F.GA4/검색
SILVER,BIGQUERY_EVENT,GEO_COUNTRY,164,10603794,국가,,D_중복(GA파생),F.GA4/검색
SILVER,BIGQUERY_EVENT,UTM_SOURCE,397,10603794,UTM source,,D_중복(GA파생),F.GA4/검색
SILVER,BIGQUERY_EVENT,UTM_MEDIUM,50,10603794,UTM medium,,D_중복(GA파생),F.GA4/검색
SILVER,BIGQUERY_EVENT,DEFAULT_CHANNEL_GROUP,15,10603794,기본 채널그룹,,D_중복(GA파생),F.GA4/검색
SILVER,CRM_PAYMENT_METHOD,CARD_DIV_CD,3,2616838,카드구분코드,,W_배선,D.회비/결제
SILVER,CRM_PAYMENT_METHOD,FNLT_CD,109,2616838,금융기관코드,,W_배선,D.회비/결제
SILVER,CRM_PAYMENT_METHOD,SETLE_STAT_CD,9,2616838,결제상태코드,,W_배선,D.회비/결제
SILVER,CRM_PAYMENT_METHOD,APPLCNT_MBER_REL_CD,14,2616838,신청자. 코드id:CM009.,,W_배선,D.회비/결제
SILVER,CRM_PAYMENT_METHOD,CPR_DIV_CD,2,2616838,법인구분 코드 raw (정본 CM019). 코드id:CM019.,,W_배선,D.회비/결제
SILVER,CRM_PAYMENT_METHOD,CRTFC_MTH_CD,5,2616838,인증방법 코드 raw (정본 MM014). 코드id:MM014.,,W_배선,D.회비/결제
SILVER,CRM_PAYMENT_METHOD,FNLT_DIV_CD,3,2616838,FNLT_DIV_CD. 코드id:PM050.,,W_배선,D.회비/결제
SILVER,CRM_PAYMENT_METHOD,RCEPT_DIV_CD,6,2616838,접수구분 코드 raw (정본 PM003). 코드id:PM003.,,W_배선,D.회비/결제
SILVER,CRM_PAYMENT_METHOD,RQST_DIV_CD,6,2616838,요청구분 코드 raw (정본 PM004). 코드id:PM004.,,W_배선,D.회비/결제
SILVER,CRM_PAYMENT_METHOD,SETLE_ENTRPS_CD,54,2616838,결제업체코드 [원천: BRONZE_CRM.TM_PM_SETLE_INFO],,W_배선,D.회비/결제
SILVER,CRM_PAYMENT_METHOD,PAYER_MBER_REL_CD,14,2616838,결제자회원관계코드 [원천: BRONZE_CRM.TM_PM_SETLE_INFO],,W_배선,D.회비/결제
SILVER,CRM_PAYMENT_METHOD,APRV_YN,2,2616838,승인여부 [원천: BRONZE_CRM.TM_PM_SETLE_INFO],,W_배선,D.회비/결제
SILVER,CRM_PAYMENT_METHOD,RQEST_EXCL_YN,2,2616838,청구제외여부 [원천: BRONZE_CRM.TM_PM_SETLE_INFO],,W_배선,D.회비/결제
SILVER,CRM_PAYMENT_METHOD,OPERT_DIV_CD,5,2616838,작업구분코드 [원천: BRONZE_CRM.TM_PM_SETLE_INFO],,W_배선,D.회비/결제
SILVER,CRM_PAYMENT_METHOD,CRTFC_TY_CD,6,2616838,인증유형코드 [원천: BRONZE_CRM.TM_PM_SETLE_INFO],,W_배선,D.회비/결제
SILVER,ERP_BUDGET_ITEM,JANG_NM,4,179,예산과목 1단계 장,,W_배선,K.조직/예산/목표
SILVER,ERP_BUDGET_ITEM,KWAN_NM,6,179,예산과목 2단계 관,,W_배선,K.조직/예산/목표
SILVER,ERP_BUDGET_ITEM,HANG_NM,9,179,예산과목 3단계 항,,W_배선,K.조직/예산/목표
SILVER,ERP_BUDGET_ITEM,FUND_SOURCE_NM,8,179,재원,,W_배선,K.조직/예산/목표
SILVER,BIGQUERY_BASIC,EVENT_NAME,52,10603794,이벤트명 (PK),,D_중복(GA파생),F.GA4/검색
SILVER,BIGQUERY_BASIC,EVENT_DATE,34,10603794,원본 YYYYMMDD,,X_불필요,F.GA4/검색
SILVER,BIGQUERY_BASIC,ID_SCHEME,4,10603794,ID_SCHEME.,,X_불필요,F.GA4/검색
SILVER,BIGQUERY_BASIC,SESSION_ENGAGED,2,10603794,세션 engaged 여부(EP_SESSION_ENGAGED).,,D_중복(GA파생),F.GA4/검색
SILVER,BIGQUERY_BASIC,DEVICE_CATEGORY,4,10603794,디바이스 카테고리(원본),,D_중복(GA파생),F.GA4/검색
SILVER,BIGQUERY_BASIC,OS,9,10603794,운영체제(DEVICE_OPERATING_SYSTEM),,D_중복(GA파생),F.GA4/검색
SILVER,BIGQUERY_BASIC,BROWSER,23,10603794,브라우저(DEVICE_WEB_INFO_BROWSER),,D_중복(GA파생),F.GA4/검색
SILVER,BIGQUERY_BASIC,LANGUAGE,175,10603794,언어(DEVICE_LANGUAGE),,D_중복(GA파생),F.GA4/검색
SILVER,BIGQUERY_BASIC,GEO_COUNTRY,164,10603794,국가(원본),,D_중복(GA파생),F.GA4/검색
SILVER,BIGQUERY_BASIC,XCHAN_SOURCE,397,10603794,XCHAN_SOURCE.,,D_중복(GA파생),F.GA4/검색
SILVER,BIGQUERY_BASIC,XCHAN_MEDIUM,52,10603794,XCHAN_MEDIUM.,,D_중복(GA파생),F.GA4/검색
SILVER,BIGQUERY_BASIC,GAC_AD_GROUP_ID,112,10603794,GAC_AD_GROUP_ID.,,X_불필요,F.GA4/검색
SILVER,BIGQUERY_BASIC,GAC_AD_GROUP_NAME,44,10603794,GAC_AD_GROUP_NAME.,,D_중복(GA파생),F.GA4/검색
SILVER,BIGQUERY_BASIC,GAC_CAMPAIGN_NAME,106,10603794,GAC_CAMPAIGN_NAME.,,D_중복(GA파생),F.GA4/검색
SILVER,BIGQUERY_REFINED_DATA,EVENT_NAME,52,10603794,이벤트명,,W_배선,F.GA4/검색
SILVER,BIGQUERY_REFINED_DATA,EVENT_VALUE_IN_USD,499,10603794,이벤트 금액(USD),,X_불필요,F.GA4/검색
SILVER,BIGQUERY_REFINED_DATA,EP_CHANGE_DONATION_UP_AMOUNT,62,10603794,후원 증액 금액,,X_불필요,F.GA4/검색
SILVER,BIGQUERY_REFINED_DATA,EP_DONATION_ONCE_AMOUNT,99,10603794,일시후원 금액,,X_불필요,F.GA4/검색
SILVER,BIGQUERY_REFINED_DATA,EP_DONATION_REGULAR_AMOUNT,38,10603794,정기후원 금액,,X_불필요,F.GA4/검색
SILVER,BIGQUERY_REFINED_DATA,EP_GAD_CAMPAIGNID,135,10603794,구글애즈 캠페인 ID,,X_불필요,F.GA4/검색
SILVER,BIGQUERY_REFINED_DATA,EP_GAD_SOURCE,5,10603794,구글애즈 유입 소스,,W_배선,F.GA4/검색
SILVER,BIGQUERY_REFINED_DATA,EP_LINK_DOMAIN,259,10603794,클릭 링크 도메인,,X_불필요,F.GA4/검색
SILVER,BIGQUERY_REFINED_DATA,EP_LINK_ID,251,10603794,클릭 링크 ID,,X_불필요,F.GA4/검색
SILVER,BIGQUERY_REFINED_DATA,EP_LINK_TITLE,19,10603794,클릭 링크 제목,,X_불필요,F.GA4/검색
SILVER,BIGQUERY_REFINED_DATA,EP_MEDIUM,61,10603794,유입 매체,,W_배선,F.GA4/검색
SILVER,BIGQUERY_REFINED_DATA,EP_PAYMENT_TYPE,3,10603794,결제수단,,W_배선,F.GA4/검색
SILVER,BIGQUERY_REFINED_DATA,EP_SESSION_ENGAGED,2,10603794,세션 참여 여부,,W_배선,F.GA4/검색
SILVER,BIGQUERY_REFINED_DATA,EP_VALUE,159,10603794,값,,X_불필요,F.GA4/검색
SILVER,BIGQUERY_REFINED_DATA,EP_VIDEO_CURRENT_TIME,449,10603794,동영상 현재 재생 시간,,X_불필요,F.GA4/검색
SILVER,BIGQUERY_REFINED_DATA,EP_VIDEO_DURATION,184,10603794,동영상 전체 재생 시간,,X_불필요,F.GA4/검색
SILVER,BIGQUERY_REFINED_DATA,EP_VIDEO_PERCENT,99,10603794,동영상 비율,,X_불필요,F.GA4/검색
SILVER,BIGQUERY_REFINED_DATA,EP_VIDEO_TITLE,240,10603794,동영상 제목,,X_불필요,F.GA4/검색
SILVER,BIGQUERY_REFINED_DATA,UP_BIZ_TYPE,457,10603794,후원 사업 유형,,W_배선,F.GA4/검색
SILVER,BIGQUERY_REFINED_DATA,UP_DONATION_TYPE,5,10603794,후원 유형,,W_배선,F.GA4/검색
SILVER,BIGQUERY_REFINED_DATA,UP_DONOR_TYPE,3,10603794,후원자 유형,,W_배선,F.GA4/검색
SILVER,BIGQUERY_REFINED_DATA,UP_LOGIN_STATUS,3,10603794,로그인 상태,,W_배선,F.GA4/검색
SILVER,BIGQUERY_REFINED_DATA,UP_MEMBER_TYPE,10,10603794,회원 유형,,W_배선,F.GA4/검색
SILVER,BIGQUERY_REFINED_DATA,DEVICE_LANGUAGE,175,10603794,기기 언어,,W_배선,F.GA4/검색
SILVER,BIGQUERY_REFINED_DATA,DEVICE_MOBILE_BRAND_NAME,61,10603794,모바일 기기 브랜드명,,W_배선,F.GA4/검색
SILVER,BIGQUERY_REFINED_DATA,DEVICE_OPERATING_SYSTEM,9,10603794,기기 운영체제,,W_배선,F.GA4/검색
SILVER,BIGQUERY_REFINED_DATA,DEVICE_WEB_INFO_BROWSER,23,10603794,웹 브라우저,,W_배선,F.GA4/검색
SILVER,BIGQUERY_REFINED_DATA,DEVICE_WEB_INFO_HOSTNAME,65,10603794,웹 호스트명,,W_배선,F.GA4/검색
SILVER,BIGQUERY_REFINED_DATA,GEO_CONTINENT,6,10603794,대륙,,W_배선,F.GA4/검색
SILVER,BIGQUERY_REFINED_DATA,GEO_COUNTRY,164,10603794,국가,,W_배선,F.GA4/검색
SILVER,BIGQUERY_REFINED_DATA,GEO_METRO,178,10603794,광역권,,W_배선,F.GA4/검색
SILVER,BIGQUERY_REFINED_DATA,GEO_SUB_CONTINENT,23,10603794,하위 대륙,,W_배선,F.GA4/검색
SILVER,BIGQUERY_REFINED_DATA,CTS_MANUAL_MEDIUM,61,10603794,수동 유입 매체,,W_배선,F.GA4/검색
SILVER,BIGQUERY_REFINED_DATA,STSLC_CRC_PRIMARY_CHANNEL_GROUP,15,10603794,세션 최종 클릭 크로스 캠페인 주요 채널,,W_배선,F.GA4/검색
SILVER,BIGQUERY_REFINED_DATA,STSLC_CRC_SOURCE_PLATFORM,5,10603794,세션 최종 클릭 크로스 캠페인 소스 플랫폼,,W_배선,F.GA4/검색
SILVER,BIGQUERY_REFINED_DATA,STSLC_GAC_AD_GROUP_ID,112,10603794,세션 최종 클릭 구글애즈 광고그룹 ID,,X_불필요,F.GA4/검색
SILVER,BIGQUERY_REFINED_DATA,STSLC_GAC_AD_GROUP_NAME,44,10603794,세션 최종 클릭 구글애즈 광고그룹명,,W_배선,F.GA4/검색
SILVER,BIGQUERY_REFINED_DATA,STSLC_GAC_CAMPAIGN_NAME,106,10603794,세션 최종 클릭 구글애즈 캠페인명,,W_배선,F.GA4/검색
SILVER,BIGQUERY_REFINED_DATA,TS_MEDIUM,63,10603794,TS유입 매체,,W_배선,F.GA4/검색
SILVER,BIGQUERY_REFINED_DATA,TS_SOURCE,485,10603794,TS유입 소스,,W_배선,F.GA4/검색
SILVER,BIGQUERY_REFINED_DATA,STREAM_ID,4,10603794,스트림 ID,,X_불필요,F.GA4/검색
SILVER,BIGQUERY_REFINED_DATA,ECOMMERCE_PURCHASE_REVENUE,113,10603794,이커머스 후원 금액,,X_불필요,F.GA4/검색
SILVER,BIGQUERY_REFINED_DATA,ECOMMERCE_TOTAL_ITEM_QUANTITY,11,10603794,이커머스 전체 상품 수량,,X_불필요,F.GA4/검색
SILVER,BIGQUERY_REFINED_DATA,ECOMMERCE_UNIQUE_ITEMS,11,10603794,이커머스 고유 상품,,X_불필요,F.GA4/검색
SILVER,CRM_MEMBER_RESPONSOR,REGIST_DEPT_CD,314,119814,등록부서코드 (→CRM_ORG),,W_배선,C.회원
SILVER,BIGQUERY_EVENT_DIM,EVENT_NAME,52,48312,이벤트명 (그레인 핵심키),,D_중복(GA파생),F.GA4/검색
SILVER,AGENCY_AD_CREATIVE,AD_SEC_NM,7,9616,초수 (VIDEO),,W_배선,G.광고
SILVER,CRM_SPONSOR_RELATION,SPNSR_BSNS_ID,3,871953,후원사업ID (Q15 크로스워크 파생),,X_불필요,J.결연
SILVER,CRM_SPONSOR_RELATION,RELATNSP_DSCNTC_YN,2,871953,결연 중단여부.,,W_배선,J.결연
SILVER,CRM_SPONSOR_RELATION,RELATNSP_DSCNTC_RSN_CD,30,871953,RELATNSP_DSCNTC_RSN_CD. 코드id:MM002.,,W_배선,J.결연
SILVER,IDENTITY_MEMBER_XREF,ID_SCHEME,4,46814,BigQuery측 ID 체계. 매칭 분모 판정의 정본.,,X_불필요,F.GA4/검색
SILVER,IDENTITY_MEMBER_XREF,MEMBER_TYPE,2,46814,회원구분 ONCE/FDRM. 비회원 ID 체계는 NULL.,,D_중복(GA파생),F.GA4/검색
SILVER,IDENTITY_MEMBER_XREF,MATCH_METHOD,3,46814,MATCH_METHOD.,,X_불필요,F.GA4/검색
SILVER,IDENTITY_MEMBER_XREF,MATCH_CONFIDENCE,2,46814,매칭신뢰도 HIGH/MEDIUM/NONE,,X_불필요,F.GA4/검색
BRONZE_CRM,TM_PM_DNTN_DTLS,CPR_DIV_CD,3,1134053,법인구분코드,CRM_PAYMENT_BILLING.CPR_DIV_CD,D_중복(SILVER경유),D.회비/결제
BRONZE_CRM,TM_PM_DNTN_DTLS,SETLE_ENTRPS_CD,155,1134053,결제업체코드,CRM_PAYMENT_BILLING.SETLE_ENTRPS_CD,D_중복(SILVER경유),D.회비/결제
BRONZE_CRM,TM_PM_DNTN_DTLS,FNLT_CD,101,1134053,금융기관코드,,P_정제선행,D.회비/결제
BRONZE_CRM,TM_PM_DNTN_DTLS,RETUN_RSN_CD,7,1134053,환급사유코드,CRM_PAYMENT_BILLING.RETUN_RSN_CD,D_중복(SILVER경유),D.회비/결제
BRONZE_CRM,TM_PM_DNTN_DTLS,ACMSLT_DEPT_CD,32,1134053,실적부서코드,CRM_PAYMENT_BILLING.ACMSLT_DEPT_CD,D_중복(SILVER경유),D.회비/결제
BRONZE_CRM,TM_MS_CRMN,BRNCH_DEPT_ID,19,3643,지부부서ID,CRM_EVENT.BRNCH_DEPT_ID,X_불필요,I.행사
BRONZE_CRM,TM_MS_CRMN,ATCHFL_ID,2,3643,첨부파일ID,,X_불필요,I.행사
BRONZE_CRM,TM_MS_CRMN,SITE_URL,30,3643,사이트URL,,X_불필요,I.행사
BRONZE_CRM,TM_MS_CRMN,RM,90,3643,비고,,X_불필요,I.행사
BRONZE_CRM,TM_MS_CRMN,CRMN_CTNT,121,3643,행사내용,,X_불필요,I.행사
BRONZE_CRM,TM_MS_CRMN,PART_USE_YN,2,3643,참여사용여부,,P_정제선행,I.행사
BRONZE_CRM,TM_MS_CRMN,TMPLAT_ID,3,3643,템플릿ID,,X_불필요,I.행사
BRONZE_CRM,TM_MS_CRMN,TMPLAT_TIT,3,3643,템플릿제목,,X_불필요,I.행사
BRONZE_CRM,TM_MS_CRMN,TMPLAT_PART_ID,4,3643,템플릿파트ID,,X_불필요,I.행사
BRONZE_CRM,TM_MS_CRMN,TMPLAT_PART_TIT,4,3643,템플릿파트제목,,X_불필요,I.행사
BRONZE_CRM,TM_MS_CRMN,SRVY,323,3643,설문조사 링크,,X_불필요,I.행사
BRONZE_CRM,TM_MS_CRMN,RM2,8,3643,비고2,,X_불필요,I.행사
BRONZE_CRM,TM_MS_CRMN,PROMO_CODE,9,3643,프로모션코드,,X_불필요,I.행사
BRONZE_CRM,TM_MS_CRMN,TMPLAT_WIN_ID,7,3643,템플릿윈도우ID,,X_불필요,I.행사
BRONZE_CRM,TM_MS_CRMN,TMPLAT_WIN_TIT,7,3643,템플릿윈도우제목,,X_불필요,I.행사
BRONZE_CRM,TM_MM_ONCE_MBER_INFO,CPR_DIV_CD,3,177774,법인구분코드,CRM_MEMBER.CPR_DIV_CD,D_중복(SILVER경유),C.회원
BRONZE_CRM,TM_MM_ONCE_MBER_INFO,REL_CD,12,177774,관계코드,CRM_MEMBER.REL_CD,D_중복(SILVER경유),C.회원
BRONZE_CRM,TM_MM_ONCE_MBER_INFO,ENTRPS_NM,32,177774,업체명,CRM_MEMBER.ENTRPS_NM,X_불필요,C.회원
BRONZE_CRM,TM_MM_ONCE_MBER_INFO,PSTMTR_RECPTN_YN,2,177774,우편물수신여부,CRM_MEMBER.PSTMTR_RECPTN,D_중복(SILVER경유),C.회원
BRONZE_CRM,TM_MM_ONCE_MBER_INFO,EMAIL_RECPTN_YN,2,177774,이메일수신여부,CRM_MEMBER.EMAIL_RECPTN,D_중복(SILVER경유),C.회원
BRONZE_CRM,TM_MM_ONCE_MBER_INFO,SPECL_MNG_CD2,5,177774,특별관리코드2,,P_정제선행,C.회원
BRONZE_CRM,TM_MM_ONCE_MBER_INFO,CTI_SYNCHRN_DIV_CD,2,177774,CTI동기화구분코드,,P_정제선행,C.회원
BRONZE_CRM,TM_MM_ONCE_MBER_INFO,REGIST_DEPT_CD,77,177774,등록부서코드,CRM_MEMBER.REGIST_DEPT_CD,D_중복(SILVER경유),C.회원
BRONZE_CRM,TC_MKTNG_DTL_CD,CD_ID,3,967,코드ID (C001 마케팅캠페인명 · C002 채널 · U001 UTM),CRM_MKTNG_CODE.CD_ID,X_불필요,A.캠페인
BRONZE_CRM,TC_MKTNG_DTL_CD,CD_NM,3,967,코드명,CRM_MKTNG_CODE.CD_NM,X_불필요,A.캠페인
BRONZE_CRM,TM_MM_FDRM_MBER_IRSD,ACMSLT_DEPT_CD,306,335678,실적부서코드,CRM_MEMBER_AMT_CHANGE.ACMSLT_DEPT_CD,D_중복(SILVER경유),C.회원
BRONZE_CRM,TM_MM_FDRM_MBER_IRSD,SETLE_CD,7,335678,결제코드,CRM_MEMBER_AMT_CHANGE.SETLE_CD,D_중복(SILVER경유),C.회원
BRONZE_CRM,TM_MM_FDRM_MBER_IRSD,MBER_DIV_CD,3,335678,회원구분코드,CRM_MEMBER_AMT_CHANGE.MBER_DIV_CD,D_중복(SILVER경유),C.회원
BRONZE_CRM,TM_MM_FDRM_MBER_IRSD,SEX,9,335678,성별,CRM_MEMBER_AMT_CHANGE.SEX,D_중복(SILVER경유),C.회원
BRONZE_CRM,TM_MM_FDRM_MBER_IRSD,AREA_CD,19,335678,지역코드,CRM_MEMBER_AMT_CHANGE.AREA_CD,D_중복(SILVER경유),C.회원
BRONZE_CRM,TM_MM_FDRM_MBER_IRSD,SPNSR_AMT_CD,5,335678,후원금액코드,CRM_MEMBER_AMT_CHANGE.SPNSR_AMT_CD,D_중복(SILVER경유),C.회원
BRONZE_CRM,TM_MM_FDRM_MBER_IRSD,RDCAMT_YN,2,335678,감액여부,CRM_MEMBER_AMT_CHANGE.RDCAMT_YN,D_중복(SILVER경유),C.회원
BRONZE_CRM,TM_PM_SETLE_INFO,CPR_DIV_CD,2,2616881,법인구분코드,CRM_PAYMENT_METHOD.CPR_DIV_CD,D_중복(SILVER경유),D.회비/결제
BRONZE_CRM,TM_PM_SETLE_INFO,FNLT_DIV_CD,3,2616881,금융기관구분코드,CRM_PAYMENT_METHOD.FNLT_DIV_CD,D_중복(SILVER경유),D.회비/결제
BRONZE_CRM,TM_PM_SETLE_INFO,FNLT_CD,109,2616881,금융기관코드,CRM_PAYMENT_METHOD.FNLT_CD,D_중복(SILVER경유),D.회비/결제
BRONZE_CRM,TM_PM_SETLE_INFO,SETLE_ENTRPS_CD,54,2616881,결제업체코드,CRM_PAYMENT_METHOD.SETLE_ENTRPS_CD,D_중복(SILVER경유),D.회비/결제
BRONZE_CRM,TM_PM_SETLE_INFO,CARD_DIV_CD,3,2616881,카드구분코드,CRM_PAYMENT_METHOD.CARD_DIV_CD,D_중복(SILVER경유),D.회비/결제
BRONZE_CRM,TM_PM_SETLE_INFO,ETC_CTTPC_REL_CD,14,2616881,기타연락처관계코드,,P_정제선행,D.회비/결제
BRONZE_CRM,TM_PM_SETLE_INFO,PAYER_MBER_REL_CD,14,2616881,결제자회원관계코드,CRM_PAYMENT_METHOD.PAYER_MBER_REL_CD,D_중복(SILVER경유),D.회비/결제
BRONZE_CRM,TM_PM_SETLE_INFO,CRTFC_MTH_CD,5,2616881,인증방법코드,CRM_PAYMENT_METHOD.CRTFC_MTH_CD,D_중복(SILVER경유),D.회비/결제
BRONZE_CRM,TM_PM_SETLE_INFO,SETLE_STAT_CD,9,2616881,결제상태코드,CRM_PAYMENT_METHOD.SETLE_STAT_CD,D_중복(SILVER경유),D.회비/결제
BRONZE_CRM,TM_PM_SETLE_INFO,RQST_DIV_CD,6,2616881,신청구분코드,CRM_PAYMENT_METHOD.RQST_DIV_CD,D_중복(SILVER경유),D.회비/결제
BRONZE_CRM,TM_PM_SETLE_INFO,RCEPT_DIV_CD,6,2616881,접수구분코드,CRM_PAYMENT_METHOD.RCEPT_DIV_CD,D_중복(SILVER경유),D.회비/결제
BRONZE_CRM,TM_PM_SETLE_INFO,APRV_YN,2,2616881,승인여부,CRM_PAYMENT_METHOD.APRV_YN,D_중복(SILVER경유),D.회비/결제
BRONZE_CRM,TM_PM_SETLE_INFO,RQEST_EXCL_YN,2,2616881,청구제외여부,CRM_PAYMENT_METHOD.RQEST_EXCL_YN,D_중복(SILVER경유),D.회비/결제
BRONZE_CRM,TM_PM_SETLE_INFO,APPLCNT_ETC_CTTPC_REL_CD,14,2616881,신청자기타연락처관계코드,,P_정제선행,D.회비/결제
BRONZE_CRM,TM_PM_SETLE_INFO,APPLCNT_MBER_REL_CD,14,2616881,신청자회원관계코드,CRM_PAYMENT_METHOD.APPLCNT_MBER_REL_CD,D_중복(SILVER경유),D.회비/결제
BRONZE_CRM,TM_PM_SETLE_INFO,OPERT_DIV_CD,5,2616881,작업구분코드,CRM_PAYMENT_METHOD.OPERT_DIV_CD,D_중복(SILVER경유),D.회비/결제
BRONZE_CRM,TM_PM_SETLE_INFO,CRTFC_TY_CD,6,2616881,인증유형코드,CRM_PAYMENT_METHOD.CRTFC_TY_CD,D_중복(SILVER경유),D.회비/결제
BRONZE_CRM,SND_REQ_MST,PERIODIC,2,2210,발송 주기,,P_정제선행,E.발송
BRONZE_CRM,SND_REQ_MST,SEND_MIN,60,2210,발신분,,X_불필요,E.발송
BRONZE_CRM,SND_REQ_MST,SEND_SPLIT_TYPE,2,2210,발송 분할 방식,,P_정제선행,E.발송
BRONZE_CRM,SND_REQ_MST,CORP_TYPE,2,2210,법인 구분,,P_정제선행,E.발송
BRONZE_CRM,SND_REQ_MST,REG_ID,36,2210,등록자,,X_불필요,E.발송
BRONZE_CRM,SND_REQ_MST,SENDER_EMAIL,4,2210,발신 메일주소,,X_불필요,E.발송
BRONZE_CRM,SND_REQ_MST,PAPER_YEAR,4,2210,ACPI 년도,,X_불필요,E.발송
BRONZE_CRM,SND_REQ_MST,JOB_ID,234,2210,배치잡ID,,X_불필요,E.발송
BRONZE_CRM,SND_REQ_MST,REG_NM,33,2210,등록자명,,X_불필요,E.발송
BRONZE_CRM,TM_PM_INSTT_ACNUT,ACCTNO,239,238,계좌번호,,X_불필요,D.회비/결제
BRONZE_CRM,TM_MS_MSG_AT_SNDNG,SNDNG_TIME_DIV_CD,3,1237166,발신시간구분코드,CRM_SEND_REQUEST.SNDNG_TIME_DIV_CD,D_중복(SILVER경유),E.발송
BRONZE_CRM,TM_MS_MSG_AT_SNDNG,MSG_DIV_CD,4,1237166,메시지구분코드,CRM_SEND_REQUEST.MSG_DIV_CD,D_중복(SILVER경유),E.발송
BRONZE_CRM,TM_MS_MSG_AT_SNDNG,MSG_AT_RM,19,1237166,메시지알림톡비고,,P_정제선행,E.발송
BRONZE_CRM,TM_MS_MSG_AT_SNDNG,ATCHFL_ID,131,1237166,첨부파일ID,,X_불필요,E.발송
BRONZE_CRM,TM_CM_SCHDUL_MNG,SCHDUL_DIV_CD,2,4193,일정구분코드,,P_정제선행,K.조직/예산/목표
BRONZE_CRM,TM_CM_SCHDUL_MNG,SCHDUL_CD,34,4193,일정코드,,X_불필요,K.조직/예산/목표
BRONZE_CRM,TM_CM_SCHDUL_MNG,SCHDUL_TIT,104,4193,일정제목,,X_불필요,K.조직/예산/목표
BRONZE_CRM,TM_MM_FDRM_MBER_INFO,CPR_DIV_CD,3,1620742,법인구분코드,CRM_MEMBER.CPR_DIV_CD,D_중복(SILVER경유),C.회원
BRONZE_CRM,TM_MM_FDRM_MBER_INFO,SLRCLD_LRR_CD,4,1620742,양력음력코드,CRM_MEMBER.SLRCLD_LRR_CD,D_중복(SILVER경유),C.회원
BRONZE_CRM,TM_MM_FDRM_MBER_INFO,MOBLPHON_STAT_CD,3,1620742,휴대폰상태코드,CRM_MEMBER.MOBLPHON_STAT_CD,D_중복(SILVER경유),C.회원
BRONZE_CRM,TM_MM_FDRM_MBER_INFO,ETC_CTTPC_REL_CD,14,1620742,기타연락처관계코드,CRM_MEMBER.ETC_CTTPC_REL_CD,D_중복(SILVER경유),C.회원
BRONZE_CRM,TM_MM_FDRM_MBER_INFO,ETC_CTTPC_STAT_CD,3,1620742,기타연락처상태코드,CRM_MEMBER.ETC_CTTPC_STAT_CD,D_중복(SILVER경유),C.회원
BRONZE_CRM,TM_MM_FDRM_MBER_INFO,EMAIL_STAT_CD,4,1620742,이메일상태코드,CRM_MEMBER.EMAIL_STAT_CD,D_중복(SILVER경유),C.회원
BRONZE_CRM,TM_MM_FDRM_MBER_INFO,PSTMTR_RECPTN_CD,23,1620742,우편물수신코드,CRM_MEMBER.PSTMTR_RECPTN,D_중복(SILVER경유),C.회원
BRONZE_CRM,TM_MM_FDRM_MBER_INFO,EMAIL_RECPTN_CD,24,1620742,이메일수신코드,CRM_MEMBER.EMAIL_RECPTN,D_중복(SILVER경유),C.회원
BRONZE_CRM,TM_MM_FDRM_MBER_INFO,SPECL_MNG_CD2,9,1620742,특별관리코드2,,P_정제선행,C.회원
BRONZE_CRM,TM_MM_FDRM_MBER_INFO,RELATNSP_DIV_CD,4,1620742,결연구분코드,CRM_MEMBER.RELATNSP_DIV_CD,D_중복(SILVER경유),C.회원
BRONZE_CRM,TM_MM_FDRM_MBER_INFO,ACT_DEPT_CD,281,1620742,활동부서코드,CRM_MEMBER.ACT_DEPT_CD,D_중복(SILVER경유),C.회원
BRONZE_CRM,TM_MM_FDRM_MBER_INFO,CTI_SYNCHRN_DIV_CD,2,1620742,CTI동기화구분코드,,P_정제선행,C.회원
BRONZE_CRM,TM_MM_FDRM_MBER_INFO,REGIST_DEPT_CD,356,1620742,등록부서코드,CRM_MEMBER.REGIST_DEPT_CD,D_중복(SILVER경유),C.회원
BRONZE_CRM,TM_PM_MBRFEE_ACMSLT,MBER_DIV_CD,3,49701037,회원구분코드,CRM_PAYMENT_BILLING.MBER_DIV_CD,D_중복(SILVER경유),D.회비/결제
BRONZE_CRM,TM_PM_MBRFEE_ACMSLT,CPR_DIV_CD,2,49701037,법인구분코드,CRM_PAYMENT_BILLING.CPR_DIV_CD,D_중복(SILVER경유),D.회비/결제
BRONZE_CRM,TM_PM_MBRFEE_ACMSLT,RQEST_MT,218,49701037,청구월,CRM_PAYMENT_BILLING.RQEST_MT,X_불필요,D.회비/결제
BRONZE_CRM,TM_PM_MBRFEE_ACMSLT,GFT_DIV_CD,7,49701037,선물구분코드,CRM_PAYMENT_BILLING.GFT_DIV_CD,D_중복(SILVER경유),D.회비/결제
BRONZE_CRM,TM_PM_MBRFEE_ACMSLT,TOGETH_WTDRW_YN,2,49701037,함께출금여부,CRM_PAYMENT_BILLING.TOGETH_WTDRW_YN,D_중복(SILVER경유),D.회비/결제
BRONZE_CRM,TM_PM_MBRFEE_ACMSLT,SETLE_ENTRPS_CD,102,49701037,결제업체코드,CRM_PAYMENT_BILLING.SETLE_ENTRPS_CD,D_중복(SILVER경유),D.회비/결제
BRONZE_CRM,TM_PM_MBRFEE_ACMSLT,RQEST_DIV_CD,4,49701037,청구구분코드,CRM_PAYMENT_BILLING.RQEST_DIV_CD,D_중복(SILVER경유),D.회비/결제
BRONZE_CRM,TM_PM_MBRFEE_ACMSLT,PRCS_STAT_CD,3,49701037,처리상태코드,CRM_PAYMENT_BILLING.MBRFEE_PRCS_STAT_CD,D_중복(SILVER경유),D.회비/결제
BRONZE_CRM,TM_PM_MBRFEE_ACMSLT,FNLT_CD,114,49701037,금융기관코드,,P_정제선행,D.회비/결제
BRONZE_CRM,TM_PM_MBRFEE_ACMSLT,RQEST_RST_CD,100,49701037,청구결과코드,CRM_PAYMENT_BILLING.RQEST_RST_CD,D_중복(SILVER경유),D.회비/결제
BRONZE_CRM,TM_PM_MBRFEE_ACMSLT,PRCS_RST_CD,7,49701037,처리결과코드,CRM_PAYMENT_BILLING.PRCS_RST_CD,D_중복(SILVER경유),D.회비/결제
BRONZE_CRM,TM_PM_MBRFEE_ACMSLT,RETUN_RSN_CD,11,49701037,환급사유코드,CRM_PAYMENT_BILLING.RETUN_RSN_CD,D_중복(SILVER경유),D.회비/결제
BRONZE_CRM,TM_PM_MBRFEE_ACMSLT,OPERT_DIV_CD,6,49701037,작업구분코드,CRM_PAYMENT_BILLING.OPERT_DIV_CD,D_중복(SILVER경유),D.회비/결제
BRONZE_CRM,SND_MEMBER_LIST,SPNSR_CD,19,11543843,후원사업(코드),,P_정제선행,E.발송
BRONZE_CRM,SND_MEMBER_LIST,SPNSR_NM,57,11543843,후원사업(이름),,P_정제선행,E.발송
BRONZE_CRM,SND_MEMBER_LIST,GENDER,18,11543843,성별(회원),,P_정제선행,E.발송
BRONZE_CRM,SND_MEMBER_LIST,AGE,13,11543843,연령대,,P_정제선행,E.발송
BRONZE_CRM,SND_MEMBER_LIST,SETLE_NM,6,11543843,납입방식(이름),,P_정제선행,E.발송
BRONZE_CRM,SND_MEMBER_LIST,DSCNTC_PATH,6,11543843,중단채널,,P_정제선행,E.발송
BRONZE_CRM,SND_MEMBER_LIST,DSCNTC_RSN_NM,17,11543843,중단사유(이름),,P_정제선행,E.발송
BRONZE_CRM,SND_MEMBER_LIST,MNG_NO,53,11543843,관리번호,,X_불필요,E.발송
BRONZE_CRM,SND_MEMBER_LIST,LETTER_DIV_CD,3,11543843,서비스구분,,P_정제선행,E.발송
BRONZE_CRM,SND_MEMBER_LIST,CHILD_DTL_NM,11,11543843,아동세부상태(이름),,P_정제선행,E.발송
BRONZE_CRM,SND_MEMBER_LIST,RELATNSP_DSCNTC_YN,4,11543843,결연중단유무,,P_정제선행,E.발송
BRONZE_CRM,SND_MEMBER_LIST,FRST_SPNSR,26,11543843,최초후원사업(회원),,P_정제선행,E.발송
BRONZE_CRM,SND_MEMBER_LIST,SND_MSG,10,11543843,발송 메시지,,X_불필요,E.발송
BRONZE_CRM,SND_MEMBER_LIST,SND_HOUR,18,11543843,발송시,,X_불필요,E.발송
BRONZE_CRM,SND_MEMBER_LIST,SND_MIN,60,11543843,발송분,,X_불필요,E.발송
BRONZE_CRM,SND_MEMBER_LIST,NATION_NM,27,11543843,국가명,,P_정제선행,E.발송
BRONZE_CRM,SND_MEMBER_LIST,BPLC_KOR_NM,187,11543843,사업장명,,P_정제선행,E.발송
BRONZE_CRM,SND_MEMBER_LIST,NEW_CHILD_PROJECT_COUNTRY,24,11543843,신규아동사업국,,P_정제선행,E.발송
BRONZE_CRM,SND_MEMBER_LIST,NEW_CHILD_WORKPLACE_NM,139,11543843,신규아동사업장명,,P_정제선행,E.발송
BRONZE_CRM,SND_MEMBER_LIST,SPNSR_TYPE,5,11543843,후원구분,,P_정제선행,E.발송
BRONZE_CRM,SND_MEMBER_LIST,CPR_DIV_CD,6,11543843,법인구분,,P_정제선행,E.발송
BRONZE_CRM,TM_RM_RELATNSP_GFTMNEY_INFO,SETLE_BANK_CD,44,184801,결제은행코드,,P_정제선행,J.결연
BRONZE_CRM,TM_RM_RELATNSP_GFTMNEY_INFO,EHGT,150,184801,환율,,X_불필요,J.결연
BRONZE_CRM,TD_MS_EMAIL_LQY_SNDNG,MSG_ID,393,539186,메시지ID,,X_불필요,E.발송
BRONZE_CRM,TD_MS_EMAIL_LQY_SNDNG,MKT_TRGET_CTNT,402,539186,마케팅대상내용,,X_불필요,E.발송
BRONZE_CRM,TM_MM_FDRM_MBER_SPNSR_DSCNTC,REGIST_DEPT_CD,54,1073968,등록부서코드,CRM_MEMBER_DISCONTINUE.REGIST_DEPT_CD,D_중복(SILVER경유),C.회원
BRONZE_CRM,TM_RM_RELATNSP_MSTR_INFO,RELATNSP_DSCNTC_YN,2,871953,결연중단여부,CRM_SPONSOR_RELATION.RELATNSP_DSCNTC_YN,D_중복(SILVER경유),J.결연
BRONZE_CRM,TM_MS_PSTMTR_SNDNG,PCPSN_ID,217,125465,처리자ID,,X_불필요,E.발송
BRONZE_CRM,TM_MS_PSTMTR_SNDNG,PRCS_STAT_CD,2,125465,처리상태코드,CRM_SEND_REQUEST.PSTMTR_PRCS_STAT_CD,D_중복(SILVER경유),E.발송
BRONZE_GSC,SEARCH_CONSOLE_DATA2,COUNTRY,216,941298,검색이 발생한 국가 코드,,P_정제선행,F.GA4/검색
BRONZE_GSC,SEARCH_CONSOLE_DATA2,DEVICE,3,941298,검색에 사용된 디바이스 유형,,P_정제선행,F.GA4/검색
BRONZE_GSC,SEARCH_CONSOLE_DATA,COUNTRY,216,983601,검색이 발생한 국가 코드,,P_정제선행,F.GA4/검색
BRONZE_GSC,SEARCH_CONSOLE_DATA,DEVICE,3,983601,검색에 사용된 디바이스 유형,,P_정제선행,F.GA4/검색
BRONZE_GA4,GA4_USER_DEMOGRAPHIC,DEVICE_CATEGORY,3,46143,기기 카테고리,,P_정제선행,F.GA4/검색
BRONZE_GA4,GA4_USER_DEMOGRAPHIC,USER_GENDER,3,46143,성별,,P_정제선행,F.GA4/검색
BRONZE_GA4,GA4_USER_DEMOGRAPHIC,USER_AGE_BRACKET,7,46143,연령,,P_정제선행,F.GA4/검색
BRONZE_ERP,BDGT_ACMSLT_LEDGER,BDGT_ITEM_NM,4,258,예산과목,,P_정제선행,K.조직/예산/목표
BRONZE_ERP,BDGT_ACMSLT_LEDGER,VENDOR,4,258,거래처,,X_불필요,K.조직/예산/목표
BRONZE_ERP,EXPENSE_RESOLUTION,YEAR,3,61785,연도,,X_불필요,K.조직/예산/목표
BRONZE_ERP,EXPENSE_RESOLUTION,RESOLUTION_DEPT_NM,55,61785,결의부서,,P_정제선행,K.조직/예산/목표
BRONZE_ERP,EXPENSE_RESOLUTION,SOURCE_DIV_NM,6,61785,원천구분,,P_정제선행,K.조직/예산/목표
BRONZE_ERP,EXPENSE_RESOLUTION,BDGT_UNIT_NM,121,61785,예산단위,,P_정제선행,K.조직/예산/목표
BRONZE_ERP,EXPENSE_RESOLUTION,MOK_NM,12,61785,목,,P_정제선행,K.조직/예산/목표
BRONZE_ERP,EXPENSE_RESOLUTION,DTL_ITEM_NM,4,61785,세목,,P_정제선행,K.조직/예산/목표
BRONZE_ERP,EXPENSE_RESOLUTION,SUBDTL_ITEM_NM,100,61785,세세목,,P_정제선행,K.조직/예산/목표
BRONZE_ERP,EXPENSE_RESOLUTION,FUND_SOURCE_NM,26,61785,재원,,P_정제선행,K.조직/예산/목표
BRONZE_ERP,EXPENSE_RESOLUTION,BDGT_ITEM_NM,20,61785,예산과목,,P_정제선행,K.조직/예산/목표
BRONZE_ERP,EXPENSE_RESOLUTION,CONTENTS_DELIMITER,154,61785,콘텐츠구분자,,X_불필요,K.조직/예산/목표
BRONZE_CRM,SND_MEMBER_MAIL_LINK_LOG,MBER_NO,372,551,회원번호,CRM_SEND_MEMBER_LINK_LOG.MBER_NO,X_불필요,E.발송
BRONZE_CRM,SND_MEMBER_MAIL_LINK_LOG,LINK_ID,45,551,링크ID,CRM_SEND_MEMBER_LINK_LOG.LINK_ID,X_불필요,E.발송
BRONZE_CRM,SND_MEMBER_MAIL_LINK_LOG,LINK_IMG_URL,34,551,링크이미지URL,CRM_SEND_MEMBER_LINK_LOG.LINK_IMG_URL,X_불필요,E.발송
BRONZE_CRM,SND_MEMBER_MAIL_LINK_LOG,LINK_PAGE,25,551,링크페이지,CRM_SEND_MEMBER_LINK_LOG.LINK_PAGE,X_불필요,E.발송
BRONZE_CRM,SND_MEMBER_MAIL_LINK_LOG,AGENT,5,551,접속에이전트,CRM_SEND_MEMBER_LINK_LOG.AGENT,X_불필요,E.발송
BRONZE_CRM,TM_CM_MBER_DVLP_GOAL_DIV,GOAL_TYPE_NM,9,437,목표구분,,P_정제선행,K.조직/예산/목표
BRONZE_CRM,TM_CM_MBER_DVLP_GOAL_DIV,CPR_DIV_NM,2,437,법인구분,,P_정제선행,K.조직/예산/목표
BRONZE_CRM,TM_CM_MBER_DVLP_GOAL_DIV,NEW_OLD_DIV_NM,4,437,신규기존구분,,P_정제선행,K.조직/예산/목표
BRONZE_CRM,TM_CM_MBER_DVLP_GOAL_DIV,ORG_DIV_NM,3,437,조직구분,,P_정제선행,K.조직/예산/목표
BRONZE_CRM,TM_CM_MBER_DVLP_GOAL_DIV,TEAM_NM,10,437,팀명,,P_정제선행,K.조직/예산/목표
BRONZE_CRM,TM_CM_MBER_DVLP_GOAL_DIV,SPNSR_BSNS_DIV_NM,15,437,후원사업구분,,P_정제선행,K.조직/예산/목표
BRONZE_CRM,TM_CM_MBER_DVLP_GOAL_DIV,DTL_DIV_NM,11,437,상세목표구분,,P_정제선행,K.조직/예산/목표
BRONZE_CRM,TM_MM_FDRM_MBER_RE_SPNSR,REGIST_DEPT_CD,314,119815,등록부서코드,CRM_MEMBER_RESPONSOR.REGIST_DEPT_CD,D_중복(SILVER경유),C.회원
SILVER,AGENCY_AD_ROW_DGT,BDGT_SOURCE_NM,3,221137,[원천보존] 예산출처,,W_배선,G.광고
SILVER,AGENCY_AD_ROW_DGT,CMPGN_TYPE1_BSN_NM,4,221137,[원천보존] 캠페인유형1,,W_배선,G.광고
SILVER,AGENCY_AD_ROW_DGT,CMPGN_TYPE2_BSN_NM,5,221137,[원천보존] 캠페인유형2,,W_배선,G.광고
SILVER,AGENCY_AD_ROW_DGT,CMPGN_TYPE_BSN_NM,8,221137,[원천보존] 캠페인유형,,W_배선,G.광고
SILVER,AGENCY_AD_ROW_DGT,DEVICE,2,221137,[원천보존] 기기 M/PC,,W_배선,G.광고
SILVER,AGENCY_AD_ROW_DGT,MEDIA_NM,32,221137,[원천보존] 매체명,,W_배선,G.광고
SILVER,AGENCY_AD_ROW_DGT,WEEK,13,221137,[원천보존] 주차 텍스트,,X_불필요,G.광고
SILVER,AGENCY_AD_ROW_DGT,DOW,7,221137,[원천보존] 요일 텍스트,,X_불필요,G.광고
SILVER,AGENCY_AD_ROW_DGT,CMPGN_NM,115,221137,[원천보존] 캠페인명,,W_배선,G.광고
SILVER,AGENCY_AD_ROW_DGT,UTM_CMPGN_NM,109,221137,[원천보존] utm_campaign (구 CMPGN_UTM_NM),,W_배선,G.광고
SILVER,CRM_DEV_TARGET,DEPT_ID,236,25344,"부서ID (PK, →CRM_ORG)",,X_불필요,K.조직/예산/목표
SILVER,CRM_MEMBER_DISCONTINUE,REGIST_DEPT_CD,54,1073967,등록부서코드 (→CRM_ORG),,W_배선,C.회원
SILVER,CRM_EVENT,BRNCH_DEPT_ID,19,4028,주관부서ID (→CRM_ORG),,X_불필요,I.행사
SILVER,AGENCY_AD_PERFORMANCE,SOURCE_SYSTEM,3,271357,소스 시스템.,,X_불필요,G.광고
SILVER,AGENCY_AD_PERFORMANCE,CAMPAIGN_NM,115,271357,캠페인명,,W_배선,G.광고
SILVER,AGENCY_AD_PERFORMANCE,UPPER_CAMPAIGN_NM,15,271357,상위 캠페인명 (VIDEO 전용),,W_배선,G.광고
SILVER,AGENCY_AD_PERFORMANCE,MEDIA_CHANNEL_NM,92,271357,매체/채널명,,W_배선,G.광고
SILVER,AGENCY_AD_PERFORMANCE,DEVICE_NM,4,271357,디바이스 (DGT만),,W_배선,G.광고
SILVER,AGENCY_AD_PERFORMANCE,COST_TYPE,3,271357,비용유형 (GA/편성/집행),,W_배선,G.광고
SILVER,CRM_MEMBER_SPONSOR_SPAN,SPNSR_BSNS_ID,29,2219549,후원사업 ID (→CRM_SPONSORSHIP),,X_불필요,C.회원
SILVER,CRM_MEMBER_SPONSOR_SPAN,SPNSR_DSCNTC_YN,2,2219549,중단여부 raw,,W_배선,C.회원
SILVER,CRM_PAYMENT_BILLING,GFT_DIV_CD,7,50835087,기부구분코드,,W_배선,D.회비/결제
SILVER,CRM_PAYMENT_BILLING,RQEST_RST_CD,100,50835087,RQEST_RST_CD. 코드id:PM002.,,W_배선,D.회비/결제
SILVER,CRM_PAYMENT_BILLING,PRCS_RST_CD,7,50835087,처리결과코드.,,W_배선,D.회비/결제
SILVER,CRM_PAYMENT_BILLING,CPR_DIV_CD,3,50835087,CPR_DIV_CD. 코드id:CM019.,,W_배선,D.회비/결제
SILVER,CRM_PAYMENT_BILLING,MBER_DIV_CD,3,50835087,회원구분 원천코드 raw. 코드id:MM018,,W_배선,D.회비/결제
SILVER,CRM_PAYMENT_BILLING,OPERT_DIV_CD,6,50835087,OPERT_DIV_CD. 코드id:MM014.,,W_배선,D.회비/결제
SILVER,CRM_PAYMENT_BILLING,MBRFEE_PRCS_STAT_CD,3,50835087,처리상태 코드 raw (정본 PM013). 코드id:PM013.,,W_배선,D.회비/결제
SILVER,CRM_PAYMENT_BILLING,RETUN_RSN_CD,11,50835087,RETUN_RSN_CD. 코드id:PM042.,,W_배선,D.회비/결제
SILVER,CRM_PAYMENT_BILLING,RQEST_DIV_CD,4,50835087,RQEST_DIV_CD. 코드id:PM024.,,W_배선,D.회비/결제
SILVER,CRM_PAYMENT_BILLING,RQEST_MT,218,50835087,청구월 [원천: BRONZE_CRM.TM_PM_MBRFEE_ACMSLT],,X_불필요,D.회비/결제
SILVER,CRM_PAYMENT_BILLING,TOGETH_WTDRW_YN,2,50835087,함께출금여부 [원천: BRONZE_CRM.TM_PM_MBRFEE_ACMSLT],,W_배선,D.회비/결제
SILVER,CRM_PAYMENT_BILLING,SETLE_ENTRPS_CD,168,50835087,결제업체코드 [원천: BRONZE_CRM.TM_PM_MBRFEE_ACMSLT · BRONZE_CRM.TM_PM_DNTN_DTLS],,W_배선,D.회비/결제
SILVER,CRM_PAYMENT_BILLING,ACMSLT_DEPT_CD,32,50835087,실적부서코드 [원천: BRONZE_CRM.TM_PM_DNTN_DTLS],,W_배선,D.회비/결제
