SRC_SCHEMA,SRC_TABLE,SRC_COLUMN,NDV,ROW_CNT,DOMAIN,JUDGE_RULE,HIT_COLS,FINAL_JUDGE
SILVER,BIGQUERY_DEVICE,DEVICE_CATEGORY,4,834,F.GA4/검색,D_중복(GA파생),,D_중복(정본 경로 있음)
SILVER,BIGQUERY_DEVICE,OS,9,834,F.GA4/검색,D_중복(GA파생),,D_중복(정본 경로 있음)
SILVER,BIGQUERY_DEVICE,BROWSER,23,834,F.GA4/검색,D_중복(GA파생),,D_중복(정본 경로 있음)
SILVER,BIGQUERY_DEVICE,LANGUAGE,175,834,F.GA4/검색,D_중복(GA파생),,D_중복(정본 경로 있음)
SILVER,CRM_CAMPAIGN,UPPER_CMPGN_YN,2,37204,A.캠페인,W_배선,"D_CMPGN_CD.UPPER_CMPGN_CD, D_CMPGN_CD.UPPER_CMPGN_YN, D_UP_CMPGN_CD.UPPER_CMPGN_CD, D_UP_CMPGN_CD.UPPER_CMPGN_NM, F_MM_SPNSR_DVLP.UPPER_CMPGN_CD, F_MM_SPNSR_DVLP_SUM.UPPER_CMPGN_CD, MSTR_SPNSR_DVLP_V.UPPER_CMPGN_CD, MSTR_SPNSR_DVLP_V.UPPER_CMPGN_NM",G_GOLD기존(lineage 미기록 · SV계층 판정)
SILVER,CRM_CAMPAIGN,BRND_ID,84,37204,A.캠페인,X_불필요,,X_불필요
SILVER,CRM_CAMPAIGN,SPNSR_BSNS_ID,481,37204,A.캠페인,X_불필요,,X_불필요
SILVER,CRM_CAMPAIGN,CMPGN_TRGET_CD,10,37204,A.캠페인,W_배선,D_CMPGN_CD.CMPGN_TRGET_CD,G_GOLD기존(lineage 미기록 · SV계층 판정)
SILVER,AGENCY_AD_ROW_VIDEO,DOW,7,48115,G.광고,X_불필요,,X_불필요
SILVER,AGENCY_AD_ROW_VIDEO,CM,5,48115,G.광고,W_배선,,L_GOLD적재필요(dbt)
SILVER,AGENCY_AD_ROW_VIDEO,UPPER_CMPGN_NM,15,48115,G.광고,W_배선,"D_CMPGN_CD.UPPER_CMPGN_CD, D_CMPGN_CD.UPPER_CMPGN_YN, D_UP_CMPGN_CD.UPPER_CMPGN_CD, D_UP_CMPGN_CD.UPPER_CMPGN_NM, F_MM_SPNSR_DVLP.UPPER_CMPGN_CD, F_MM_SPNSR_DVLP_SUM.UPPER_CMPGN_CD, MSTR_SPNSR_DVLP_V.UPPER_CMPGN_CD, MSTR_SPNSR_DVLP_V.UPPER_CMPGN_NM",G_GOLD기존(lineage 미기록 · SV계층 판정)
SILVER,AGENCY_AD_ROW_VIDEO,MATR_NM,222,48115,G.광고,W_배선,,L_GOLD적재필요(dbt)
SILVER,AGENCY_AD_ROW_VIDEO,DMST_OVSEA_DIV_NM,3,48115,G.광고,W_배선,,L_GOLD적재필요(dbt)
SILVER,AGENCY_AD_ROW_VIDEO,BSNS_CASE_DIV_NM,4,48115,G.광고,W_배선,,L_GOLD적재필요(dbt)
SILVER,AGENCY_AD_ROW_VIDEO,CMPGN_TY_NM,7,48115,G.광고,W_배선,"FACT_MEMBER_EVENT.CMPGN_TYPE1_BSN_AT_EVENT, FACT_MEMBER_EVENT.CMPGN_TYPE1_NM_AT_EVENT, FACT_MEMBER_EVENT.CMPGN_TYPE2_BSN_AT_EVENT, FACT_MEMBER_EVENT.CMPGN_TYPE2_NM_AT_EVENT, MSTR_SPNSR_DVLP_V.CMPGN_TYPE1_NM, MSTR_SPNSR_DVLP_V.CMPGN_TYPE2_NM",G_GOLD기존(lineage 미기록 · SV계층 판정)
SILVER,AGENCY_AD_ROW_VIDEO,WEEK,16,48115,G.광고,X_불필요,,X_불필요
SILVER,AGENCY_AD_ROW_VIDEO,DEVICE_NM,4,48115,G.광고,W_배선,"DIM_DEVICE.DEVICE_SCOPE_DESC, DIM_DEVICE.DEVICE_SK, DIM_DEVICE.DEVICE_TYPE, FACT_AD_PERFORMANCE.DEVICE_SK, FACT_BIGQUERY_BEHAVIOR.DEVICE_SK, WIDE_AD_COMBINED.DEVICE_SK, WIDE_AD_DIGITAL.DEVICE_TYPE, WIDE_AD_PERFORMANCE.DEVICE_SCOPE_DESC, WIDE_AD_PERFORMANCE.DEVICE_TYPE, WIDE_BIGQUERY_BEHAVIOR.DEVICE_TYPE",G_GOLD기존(lineage 미기록 · SV계층 판정)
SILVER,AGENCY_AD_ROW_VIDEO,CMPGN_NM,24,48115,G.광고,W_배선,"D_CMPGN_CD.CMPGN_NM, MSTR_SPNSR_DVLP_V.CMPGN_NM",G_GOLD기존(lineage 미기록 · SV계층 판정)
SILVER,AGENCY_AD_ROW_VIDEO,MATR_TY_NM,2,48115,G.광고,W_배선,,L_GOLD적재필요(dbt)
SILVER,ERP_BUDGET,BDGT_UNIT_NM,6,3096,K.조직/예산/목표,W_배선,DIM_BUDGET_ITEM.BDGT_UNIT_NM,G_GOLD기존(lineage 미기록 · SV계층 판정)
SILVER,CRM_SEND_REQUEST,MSG_DIV_CD,4,1904889,E.발송,W_배선,,L_GOLD적재필요(dbt)
SILVER,CRM_SEND_REQUEST,PSTMTR_PRCS_STAT_CD,2,1904889,E.발송,W_배선,,L_GOLD적재필요(dbt)
SILVER,CRM_SEND_REQUEST,SNDNG_TIME_DIV_CD,3,1904889,E.발송,W_배선,,L_GOLD적재필요(dbt)
SILVER,CRM_CODE,UPPER_CD_ID,60,5884,Z.코드마스터,X_불필요,,X_불필요
SILVER,CRM_CODE,CD_ATRB1,106,5884,Z.코드마스터,X_불필요,,X_불필요
SILVER,CRM_CODE,CD_ATRB2,35,5884,Z.코드마스터,X_불필요,,X_불필요
SILVER,CRM_CODE,CD_ATRB3,30,5884,Z.코드마스터,X_불필요,,X_불필요
SILVER,CRM_MEMBER_SPONSOR_BIZ,SPNSR_BSNS_ID,29,2219670,C.회원,X_불필요,,X_불필요
SILVER,CRM_MEMBER_SPONSOR_BIZ,SPNSR_DSCNTC_YN,2,2219670,C.회원,W_배선,"D_SPNSR_BSNS_V.SPNSR_DSCNTC_RSN_CD, D_SPNSR_BSNS_V.SPNSR_DSCNTC_YN",G_GOLD기존(lineage 미기록 · SV계층 판정)
SILVER,CRM_MEMBER_SPONSOR_BIZ,SPNSR_DSCNTC_RSN_CD,28,2219670,C.회원,W_배선,D_SPNSR_BSNS_V.SPNSR_DSCNTC_RSN_CD,G_GOLD기존(lineage 미기록 · SV계층 판정)
SILVER,CRM_MKTNG_CODE,CD_ID,3,967,A.캠페인,X_불필요,,X_불필요
SILVER,CRM_MKTNG_CODE,CD_NM,3,967,A.캠페인,X_불필요,,X_불필요
SILVER,CRM_MEMBER,CPR_DIV_CD,3,1798516,C.회원,W_배선,"DIM_CAMPAIGN.CPR_DIV_CD, DIM_CAMPAIGN.CPR_DIV_NM, DIM_EVENT.CPR_DIV_CD, DIM_MSG_TEMPLATE.CPR_DIV_CD, DIM_PAYMENT_ACCOUNT.CPR_DIV_CD, DIM_SPONSORSHIP.CPR_DIV_CD, DIM_SPONSORSHIP.CPR_DIV_NM, D_CMPGN_CD.CPR_DIV_CD, D_CPR_DIV_CD.CPR_DIV_CD, D_CPR_DIV_CD.CPR_DIV_NM, D_SPNSR_BSNS_INFO.CPR_DIV_CD, FACT_MEMBER_EVENT.CPR_DIV_CD_AT_EVENT, FACT_MEMBER_EVENT.CPR_DIV_NM_AT_EVENT, FACT_PAYMENT_METHOD_CHANGE.CPR_DIV_CD, FACT_TARGET_PROJECT.CPR_DIV_NM, F_MM_SPNSR_DVLP.CPR_DIV_CD, F_MM_SPNSR_DVLP_SUM.CPR_DIV_CD, MSTR_SPNSR_DVLP_V.CPR_DIV_CD, MSTR_SPNSR_DVLP_V.CPR_DIV_NM, WIDE_TARGET_BIZ.CPR_DIV_NM",G_GOLD기존(lineage 미기록 · SV계층 판정)
SILVER,CRM_MEMBER,MBER_STAT_NM,12,1798516,C.회원,W_배선,"DIM_MEMBER.MBER_STAT_CD, DIM_MEMBER_STATUS_HISTORY.MBER_STAT_CD, WIDE_EVENT_PARTICIPATION.MBER_STAT_CD, WIDE_MEMBER_EVENT.MBER_STAT_CD, WIDE_MEMBER_FEE.MBER_STAT_CD, WIDE_MEMBER_MONTHLY.MBER_STAT_CD, WIDE_SERVICE_EVENT.MBER_STAT_CD",G_GOLD기존(lineage 미기록 · SV계층 판정)
SILVER,CRM_MEMBER,ACT_DEPT_CD,281,1798516,C.회원,W_배선,"F_MM_SPNSR_DVLP.ACT_DEPT_CD, F_MM_SPNSR_DVLP_SUM.ACT_DEPT_CD",G_GOLD기존(lineage 미기록 · SV계층 판정)
SILVER,CRM_MEMBER,REGIST_DEPT_CD,371,1798516,C.회원,W_배선,ML_ONCE_CONVERSION_V.REGIST_DEPT_NAME,G_GOLD기존(lineage 미기록 · SV계층 판정)
SILVER,CRM_MEMBER,ENTRPS_NM,32,1798516,C.회원,X_불필요,,X_불필요
SILVER,CRM_MEMBER,EMAIL_RECPTN,20,1798516,C.회원,W_배선,,L_GOLD적재필요(dbt)
SILVER,CRM_MEMBER,PSTMTR_RECPTN,16,1798516,C.회원,W_배선,,L_GOLD적재필요(dbt)
SILVER,CRM_MEMBER,EMAIL_STAT_CD,4,1798516,C.회원,W_배선,,L_GOLD적재필요(dbt)
SILVER,CRM_MEMBER,ETC_CTTPC_REL_CD,14,1798516,C.회원,W_배선,FACT_PAYMENT_METHOD_CHANGE.ETC_CTTPC_REL_CD,G_GOLD기존(lineage 미기록 · SV계층 판정)
SILVER,CRM_MEMBER,ETC_CTTPC_STAT_CD,3,1798516,C.회원,W_배선,,L_GOLD적재필요(dbt)
SILVER,CRM_MEMBER,ETC_TSTM_DIV_CD,4,1798516,C.회원,W_배선,,L_GOLD적재필요(dbt)
SILVER,CRM_MEMBER,MOBLPHON_STAT_CD,3,1798516,C.회원,W_배선,,L_GOLD적재필요(dbt)
SILVER,CRM_MEMBER,REL_CD,12,1798516,C.회원,W_배선,,L_GOLD적재필요(dbt)
SILVER,CRM_MEMBER,RELATNSP_DIV_CD,4,1798516,C.회원,W_배선,,L_GOLD적재필요(dbt)
SILVER,CRM_MEMBER,SLRCLD_LRR_CD,4,1798516,C.회원,W_배선,,L_GOLD적재필요(dbt)
SILVER,CRM_MEMBER,TSTM_DIV_CD,4,1798516,C.회원,W_배선,,L_GOLD적재필요(dbt)
SILVER,BIGQUERY_TRAFFIC_SOURCE,XCHAN_SOURCE,397,11431,F.GA4/검색,D_중복(GA파생),,D_중복(정본 경로 있음)
SILVER,BIGQUERY_TRAFFIC_SOURCE,XCHAN_MEDIUM,52,11431,F.GA4/검색,D_중복(GA파생),,D_중복(정본 경로 있음)
SILVER,CRM_SEND_RESULT,SEND_CHANNEL,4,1780890,E.발송,W_배선,"DIM_MSG_TEMPLATE.SEND_CHANNEL, DIM_SEND_REQUEST.SEND_CHANNEL",G_GOLD기존(lineage 미기록 · SV계층 판정)
SILVER,CRM_ORG,UPPER_DEPT_ID,321,1314,K.조직/예산/목표,X_불필요,,X_불필요
SILVER,CRM_MEMBER_STATUS_HIST,BF_STAT_NM,12,7717882,C.회원,W_배선,FACT_RELATION_DEV.BF_STAT_CD,G_GOLD기존(lineage 미기록 · SV계층 판정)
SILVER,CRM_MEMBER_STATUS_HIST,CHN_STAT_NM,12,7717882,C.회원,W_배선,,L_GOLD적재필요(dbt)
SILVER,CRM_CAMPAIGN_SPONSOR_BIZ_BRIDGE,SPNSR_BSNS_ID,27,95569,A.캠페인,X_불필요,,X_불필요
SILVER,CRM_MEMBER_DEV,ACT_DEPT_CD,372,3688281,C.회원,W_배선,"F_MM_SPNSR_DVLP.ACT_DEPT_CD, F_MM_SPNSR_DVLP_SUM.ACT_DEPT_CD",G_GOLD기존(lineage 미기록 · SV계층 판정)
SILVER,CRM_MEMBER_DEV,ACMSLT_DEPT_CD,355,3688281,C.회원,W_배선,"DIM_ORG.ACMSLT_DEPT_YN, D_CM_DEPT_INFO.ACMSLT_DEPT_YN, D_DEPT2_CD.ACMSLT_DEPT_YN, D_DEPT3_CD.ACMSLT_DEPT_YN, D_DEPT4_CD.ACMSLT_DEPT_YN, D_DEPT_CD.ACMSLT_DEPT_YN, D_SPNSR_BSNS_V.ACMSLT_DEPT_CD, F_MM_SPNSR_DVLP.ACMSLT_DEPT2_CD, F_MM_SPNSR_DVLP.ACMSLT_DEPT3_CD, F_MM_SPNSR_DVLP.ACMSLT_DEPT4_CD, F_MM_SPNSR_DVLP.ACMSLT_DEPT_CD, F_MM_SPNSR_DVLP_SUM.ACMSLT_DEPT2_CD, F_MM_SPNSR_DVLP_SUM.ACMSLT_DEPT3_CD, F_MM_SPNSR_DVLP_SUM.ACMSLT_DEPT4_CD, F_MM_SPNSR_DVLP_SUM.ACMSLT_DEPT_CD",G_GOLD기존(lineage 미기록 · SV계층 판정)
SILVER,CRM_MEMBER_DEV,SETLE_CD,7,3688281,C.회원,W_배선,"FACT_MEMBER_FEE.SETLE_CD, FACT_PAYMENT_METHOD_CHANGE.SETLE_CD, FACT_RELATION_ACTIVITY.SETLE_CD, F_MM_SPNSR_DVLP.SETLE_CD, F_MM_SPNSR_DVLP_SUM.SETLE_CD, MSTR_SPNSR_DVLP_V.SETLE_CD, WIDE_MEMBER_FEE.SETLE_CD",G_GOLD기존(lineage 미기록 · SV계층 판정)
SILVER,CRM_MEMBER_DEV,CANCL_RDCAMT_RSN_CD,31,3688281,C.회원,W_배선,"F_MM_SPNSR_DVLP.CANCL_RDCAMT_RSN_CD, F_MM_SPNSR_DVLP_SUM.CANCL_RDCAMT_RSN_CD, MSTR_SPNSR_DVLP_V.CANCL_RDCAMT_RSN_CD, MSTR_SPNSR_DVLP_V.CANCL_RDCAMT_RSN_NM",G_GOLD기존(lineage 미기록 · SV계층 판정)
SILVER,CRM_MEMBER_DEV,MBER_DIV_CD,3,3688281,C.회원,W_배선,"DIM_MEMBER.MBER_DIV_CD, DIM_MEMBER_STATUS_HISTORY.MBER_DIV_CD, F_MM_SPNSR_DVLP.MBER_DIV_CD, F_MM_SPNSR_DVLP_SUM.MBER_DIV_CD, MSTR_SPNSR_DVLP_V.MBER_DIV_CD, MSTR_SPNSR_DVLP_V.MBER_DIV_NM, WIDE_EVENT_PARTICIPATION.MBER_DIV_CD, WIDE_MEMBER_EVENT.MBER_DIV_CD, WIDE_MEMBER_FEE.MBER_DIV_CD, WIDE_MEMBER_MONTHLY.MBER_DIV_CD, WIDE_SERVICE_EVENT.MBER_DIV_CD",G_GOLD기존(lineage 미기록 · SV계층 판정)
SILVER,CRM_MEMBER_DEV,SPNSR_AMT_CD,5,3688281,C.회원,W_배선,"DIM_MEMBER_ACQUISITION.ACQ_SPNSR_AMT, D_SPNSR_BSNS_V.SPNSR_AMT, FACT_MEMBER_COHORT.ACQ_SPNSR_AMT, FACT_MEMBER_EVENT.SPNSR_AMT, FACT_MEMBER_SPONSORSHIP_SPAN.SPNSR_AMT, FACT_RELATION_DEV.SPNSR_AMT, F_MM_SPNSR_DVLP.SPNSR_AMT, F_MM_SPNSR_DVLP.SPNSR_AMT2_CD, F_MM_SPNSR_DVLP.SPNSR_AMT_CD, F_MM_SPNSR_DVLP_SUM.SPNSR_AMT, F_MM_SPNSR_DVLP_SUM.SPNSR_AMT2_CD, F_MM_SPNSR_DVLP_SUM.SPNSR_AMT_CD, MSTR_SPNSR_DVLP_V.SPNSR_AMT, MSTR_SPNSR_DVLP_V.SPNSR_AMT2_CD, MSTR_SPNSR_DVLP_V.SPNSR_AMT2_NM, MSTR_SPNSR_DVLP_V.SPNSR_AMT_CD, MSTR_SPNSR_DVLP_V.SPNSR_AMT_CNT, MSTR_SPNSR_DVLP_V.SPNSR_AMT_NM, WIDE_MEMBER_EVENT.SPNSR_AMT, WIDE_MEMBER_SERVICE_COHORT.ACQ_SPNSR_AMT",G_GOLD기존(lineage 미기록 · SV계층 판정)
SILVER,AGENCY_AD_ROW_REBRDC,YEAR,4,2111,G.광고,X_불필요,,X_불필요
SILVER,AGENCY_AD_ROW_REBRDC,MONTH,12,2111,G.광고,X_불필요,,X_불필요
SILVER,AGENCY_AD_ROW_REBRDC,DAY,31,2111,G.광고,X_불필요,,X_불필요
SILVER,AGENCY_AD_ROW_REBRDC,DOW,7,2111,G.광고,X_불필요,,X_불필요
SILVER,AGENCY_AD_ROW_REBRDC,WEEK,6,2111,G.광고,X_불필요,,X_불필요
SILVER,CRM_MEMBER_AMT_CHANGE,RDCAMT_YN,2,335678,C.회원,W_배선,"F_MM_SPNSR_DVLP.RDCAMT_YN, F_MM_SPNSR_DVLP_SUM.RDCAMT_YN, WIDE_MBRFEE_PRDT_ACTL.RDCAMT_CNT, WIDE_MBRFEE_PRDT_ACTL.RDCAMT_RT",G_GOLD기존(lineage 미기록 · SV계층 판정)
SILVER,CRM_MEMBER_AMT_CHANGE,ACMSLT_DEPT_CD,306,335678,C.회원,W_배선,"DIM_ORG.ACMSLT_DEPT_YN, D_CM_DEPT_INFO.ACMSLT_DEPT_YN, D_DEPT2_CD.ACMSLT_DEPT_YN, D_DEPT3_CD.ACMSLT_DEPT_YN, D_DEPT4_CD.ACMSLT_DEPT_YN, D_DEPT_CD.ACMSLT_DEPT_YN, D_SPNSR_BSNS_V.ACMSLT_DEPT_CD, F_MM_SPNSR_DVLP.ACMSLT_DEPT2_CD, F_MM_SPNSR_DVLP.ACMSLT_DEPT3_CD, F_MM_SPNSR_DVLP.ACMSLT_DEPT4_CD, F_MM_SPNSR_DVLP.ACMSLT_DEPT_CD, F_MM_SPNSR_DVLP_SUM.ACMSLT_DEPT2_CD, F_MM_SPNSR_DVLP_SUM.ACMSLT_DEPT3_CD, F_MM_SPNSR_DVLP_SUM.ACMSLT_DEPT4_CD, F_MM_SPNSR_DVLP_SUM.ACMSLT_DEPT_CD",G_GOLD기존(lineage 미기록 · SV계층 판정)
SILVER,CRM_MEMBER_AMT_CHANGE,AREA_CD,19,335678,C.회원,W_배선,"DIM_MEMBER_STATUS_HISTORY.AREA_CD, F_MM_SPNSR_DVLP.AREA_CD, F_MM_SPNSR_DVLP_SUM.AREA_CD, MSTR_SPNSR_DVLP_V.AREA_CD",G_GOLD기존(lineage 미기록 · SV계층 판정)
SILVER,CRM_MEMBER_AMT_CHANGE,AREA_NM,18,335678,C.회원,W_배선,MSTR_SPNSR_DVLP_V.AREA_NM,G_GOLD기존(lineage 미기록 · SV계층 판정)
SILVER,CRM_MEMBER_AMT_CHANGE,MBER_DIV_CD,3,335678,C.회원,W_배선,"DIM_MEMBER.MBER_DIV_CD, DIM_MEMBER_STATUS_HISTORY.MBER_DIV_CD, F_MM_SPNSR_DVLP.MBER_DIV_CD, F_MM_SPNSR_DVLP_SUM.MBER_DIV_CD, MSTR_SPNSR_DVLP_V.MBER_DIV_CD, MSTR_SPNSR_DVLP_V.MBER_DIV_NM, WIDE_EVENT_PARTICIPATION.MBER_DIV_CD, WIDE_MEMBER_EVENT.MBER_DIV_CD, WIDE_MEMBER_FEE.MBER_DIV_CD, WIDE_MEMBER_MONTHLY.MBER_DIV_CD, WIDE_SERVICE_EVENT.MBER_DIV_CD",G_GOLD기존(lineage 미기록 · SV계층 판정)
SILVER,CRM_MEMBER_AMT_CHANGE,SETLE_CD,7,335678,C.회원,W_배선,"FACT_MEMBER_FEE.SETLE_CD, FACT_PAYMENT_METHOD_CHANGE.SETLE_CD, FACT_RELATION_ACTIVITY.SETLE_CD, F_MM_SPNSR_DVLP.SETLE_CD, F_MM_SPNSR_DVLP_SUM.SETLE_CD, MSTR_SPNSR_DVLP_V.SETLE_CD, WIDE_MEMBER_FEE.SETLE_CD",G_GOLD기존(lineage 미기록 · SV계층 판정)
SILVER,CRM_MEMBER_AMT_CHANGE,SEX,9,335678,C.회원,W_배선,"DIM_CHILD.SEX, DIM_MEMBER.SEX, DIM_MEMBER_STATUS_HISTORY.SEX, F_MM_SPNSR_DVLP.SEX, F_MM_SPNSR_DVLP_SUM.SEX, WIDE_EVENT_PARTICIPATION.SEX, WIDE_MEMBER_EVENT.SEX, WIDE_MEMBER_FEE.SEX, WIDE_MEMBER_MONTHLY.SEX, WIDE_SERVICE_EVENT.SEX",G_GOLD기존(lineage 미기록 · SV계층 판정)
SILVER,CRM_MEMBER_AMT_CHANGE,SPNSR_AMT_CD,5,335678,C.회원,W_배선,"DIM_MEMBER_ACQUISITION.ACQ_SPNSR_AMT, D_SPNSR_BSNS_V.SPNSR_AMT, FACT_MEMBER_COHORT.ACQ_SPNSR_AMT, FACT_MEMBER_EVENT.SPNSR_AMT, FACT_MEMBER_SPONSORSHIP_SPAN.SPNSR_AMT, FACT_RELATION_DEV.SPNSR_AMT, F_MM_SPNSR_DVLP.SPNSR_AMT, F_MM_SPNSR_DVLP.SPNSR_AMT2_CD, F_MM_SPNSR_DVLP.SPNSR_AMT_CD, F_MM_SPNSR_DVLP_SUM.SPNSR_AMT, F_MM_SPNSR_DVLP_SUM.SPNSR_AMT2_CD, F_MM_SPNSR_DVLP_SUM.SPNSR_AMT_CD, MSTR_SPNSR_DVLP_V.SPNSR_AMT, MSTR_SPNSR_DVLP_V.SPNSR_AMT2_CD, MSTR_SPNSR_DVLP_V.SPNSR_AMT2_NM, MSTR_SPNSR_DVLP_V.SPNSR_AMT_CD, MSTR_SPNSR_DVLP_V.SPNSR_AMT_CNT, MSTR_SPNSR_DVLP_V.SPNSR_AMT_NM, WIDE_MEMBER_EVENT.SPNSR_AMT, WIDE_MEMBER_SERVICE_COHORT.ACQ_SPNSR_AMT",G_GOLD기존(lineage 미기록 · SV계층 판정)
SILVER,CRM_SEND_MEMBER_LINK_LOG,MBER_NO,372,551,E.발송,X_불필요,,X_불필요
SILVER,CRM_SEND_MEMBER_LINK_LOG,LINK_ID,45,551,E.발송,X_불필요,,X_불필요
SILVER,CRM_SEND_MEMBER_LINK_LOG,LINK_PAGE,25,551,E.발송,X_불필요,,X_불필요
SILVER,CRM_SEND_MEMBER_LINK_LOG,LINK_IMG_URL,34,551,E.발송,X_불필요,,X_불필요
SILVER,CRM_SEND_MEMBER_LINK_LOG,AGENT,5,551,E.발송,X_불필요,,X_불필요
SILVER,BIGQUERY_IDENTITY,ID_SCHEME,4,46814,F.GA4/검색,X_불필요,,X_불필요
SILVER,BIGQUERY_IDENTITY,MEMBER_TYPE,2,46814,F.GA4/검색,D_중복(GA파생),,D_중복(정본 경로 있음)
SILVER,BIGQUERY_EVENT,EVENT_NAME,52,10603794,F.GA4/검색,D_중복(GA파생),,D_중복(정본 경로 있음)
SILVER,BIGQUERY_EVENT,EVENT_DATE,34,10603794,F.GA4/검색,X_불필요,,X_불필요
SILVER,BIGQUERY_EVENT,ID_SCHEME,4,10603794,F.GA4/검색,X_불필요,,X_불필요
SILVER,BIGQUERY_EVENT,ID_RESOLUTION,4,10603794,F.GA4/검색,X_불필요,,X_불필요
SILVER,BIGQUERY_EVENT,SESSION_ENGAGED,2,10603794,F.GA4/검색,D_중복(GA파생),,D_중복(정본 경로 있음)
SILVER,BIGQUERY_EVENT,EVENT_CATEGORY,340,10603794,F.GA4/검색,D_중복(GA파생),,D_중복(정본 경로 있음)
SILVER,BIGQUERY_EVENT,DEVICE_TYPE,3,10603794,F.GA4/검색,D_중복(GA파생),,D_중복(정본 경로 있음)
SILVER,BIGQUERY_EVENT,DEVICE_CATEGORY,4,10603794,F.GA4/검색,D_중복(GA파생),,D_중복(정본 경로 있음)
SILVER,BIGQUERY_EVENT,OS,9,10603794,F.GA4/검색,D_중복(GA파생),,D_중복(정본 경로 있음)
SILVER,BIGQUERY_EVENT,GEO_COUNTRY,164,10603794,F.GA4/검색,D_중복(GA파생),,D_중복(정본 경로 있음)
SILVER,BIGQUERY_EVENT,UTM_SOURCE,397,10603794,F.GA4/검색,D_중복(GA파생),,D_중복(정본 경로 있음)
SILVER,BIGQUERY_EVENT,UTM_MEDIUM,50,10603794,F.GA4/검색,D_중복(GA파생),,D_중복(정본 경로 있음)
SILVER,BIGQUERY_EVENT,DEFAULT_CHANNEL_GROUP,15,10603794,F.GA4/검색,D_중복(GA파생),,D_중복(정본 경로 있음)
SILVER,CRM_PAYMENT_METHOD,CARD_DIV_CD,3,2616838,D.회비/결제,W_배선,FACT_PAYMENT_METHOD_CHANGE.CARD_DIV_CD,G_GOLD기존(lineage 미기록 · SV계층 판정)
SILVER,CRM_PAYMENT_METHOD,FNLT_CD,109,2616838,D.회비/결제,W_배선,FACT_PAYMENT_METHOD_CHANGE.FNLT_CD,G_GOLD기존(lineage 미기록 · SV계층 판정)
SILVER,CRM_PAYMENT_METHOD,SETLE_STAT_CD,9,2616838,D.회비/결제,W_배선,FACT_PAYMENT_METHOD_CHANGE.SETLE_STAT_CD,G_GOLD기존(lineage 미기록 · SV계층 판정)
SILVER,CRM_PAYMENT_METHOD,APPLCNT_MBER_REL_CD,14,2616838,D.회비/결제,W_배선,FACT_PAYMENT_METHOD_CHANGE.APPLCNT_MBER_REL_CD,G_GOLD기존(lineage 미기록 · SV계층 판정)
SILVER,CRM_PAYMENT_METHOD,CPR_DIV_CD,2,2616838,D.회비/결제,W_배선,"DIM_CAMPAIGN.CPR_DIV_CD, DIM_CAMPAIGN.CPR_DIV_NM, DIM_EVENT.CPR_DIV_CD, DIM_MSG_TEMPLATE.CPR_DIV_CD, DIM_PAYMENT_ACCOUNT.CPR_DIV_CD, DIM_SPONSORSHIP.CPR_DIV_CD, DIM_SPONSORSHIP.CPR_DIV_NM, D_CMPGN_CD.CPR_DIV_CD, D_CPR_DIV_CD.CPR_DIV_CD, D_CPR_DIV_CD.CPR_DIV_NM, D_SPNSR_BSNS_INFO.CPR_DIV_CD, FACT_MEMBER_EVENT.CPR_DIV_CD_AT_EVENT, FACT_MEMBER_EVENT.CPR_DIV_NM_AT_EVENT, FACT_PAYMENT_METHOD_CHANGE.CPR_DIV_CD, FACT_TARGET_PROJECT.CPR_DIV_NM, F_MM_SPNSR_DVLP.CPR_DIV_CD, F_MM_SPNSR_DVLP_SUM.CPR_DIV_CD, MSTR_SPNSR_DVLP_V.CPR_DIV_CD, MSTR_SPNSR_DVLP_V.CPR_DIV_NM, WIDE_TARGET_BIZ.CPR_DIV_NM",G_GOLD기존(lineage 미기록 · SV계층 판정)
SILVER,CRM_PAYMENT_METHOD,CRTFC_MTH_CD,5,2616838,D.회비/결제,W_배선,FACT_PAYMENT_METHOD_CHANGE.CRTFC_MTH_CD,G_GOLD기존(lineage 미기록 · SV계층 판정)
SILVER,CRM_PAYMENT_METHOD,FNLT_DIV_CD,3,2616838,D.회비/결제,W_배선,FACT_PAYMENT_METHOD_CHANGE.FNLT_DIV_CD,G_GOLD기존(lineage 미기록 · SV계층 판정)
SILVER,CRM_PAYMENT_METHOD,RCEPT_DIV_CD,6,2616838,D.회비/결제,W_배선,FACT_PAYMENT_METHOD_CHANGE.RCEPT_DIV_CD,G_GOLD기존(lineage 미기록 · SV계층 판정)
SILVER,CRM_PAYMENT_METHOD,RQST_DIV_CD,6,2616838,D.회비/결제,W_배선,FACT_PAYMENT_METHOD_CHANGE.RQST_DIV_CD,G_GOLD기존(lineage 미기록 · SV계층 판정)
SILVER,CRM_PAYMENT_METHOD,SETLE_ENTRPS_CD,54,2616838,D.회비/결제,W_배선,FACT_PAYMENT_METHOD_CHANGE.SETLE_ENTRPS_CD,G_GOLD기존(lineage 미기록 · SV계층 판정)
SILVER,CRM_PAYMENT_METHOD,PAYER_MBER_REL_CD,14,2616838,D.회비/결제,W_배선,FACT_PAYMENT_METHOD_CHANGE.PAYER_MBER_REL_CD,G_GOLD기존(lineage 미기록 · SV계층 판정)
SILVER,CRM_PAYMENT_METHOD,APRV_YN,2,2616838,D.회비/결제,W_배선,FACT_PAYMENT_METHOD_CHANGE.APRV_YN,G_GOLD기존(lineage 미기록 · SV계층 판정)
SILVER,CRM_PAYMENT_METHOD,RQEST_EXCL_YN,2,2616838,D.회비/결제,W_배선,FACT_PAYMENT_METHOD_CHANGE.RQEST_EXCL_YN,G_GOLD기존(lineage 미기록 · SV계층 판정)
SILVER,CRM_PAYMENT_METHOD,OPERT_DIV_CD,5,2616838,D.회비/결제,W_배선,FACT_PAYMENT_METHOD_CHANGE.OPERT_DIV_CD,G_GOLD기존(lineage 미기록 · SV계층 판정)
SILVER,CRM_PAYMENT_METHOD,CRTFC_TY_CD,6,2616838,D.회비/결제,W_배선,FACT_PAYMENT_METHOD_CHANGE.CRTFC_TY_CD,G_GOLD기존(lineage 미기록 · SV계층 판정)
SILVER,ERP_BUDGET_ITEM,JANG_NM,4,179,K.조직/예산/목표,W_배선,,L_GOLD적재필요(dbt)
SILVER,ERP_BUDGET_ITEM,KWAN_NM,6,179,K.조직/예산/목표,W_배선,,L_GOLD적재필요(dbt)
SILVER,ERP_BUDGET_ITEM,HANG_NM,9,179,K.조직/예산/목표,W_배선,,L_GOLD적재필요(dbt)
SILVER,ERP_BUDGET_ITEM,FUND_SOURCE_NM,8,179,K.조직/예산/목표,W_배선,,L_GOLD적재필요(dbt)
SILVER,BIGQUERY_BASIC,EVENT_NAME,52,10603794,F.GA4/검색,D_중복(GA파생),,D_중복(정본 경로 있음)
SILVER,BIGQUERY_BASIC,EVENT_DATE,34,10603794,F.GA4/검색,X_불필요,,X_불필요
SILVER,BIGQUERY_BASIC,ID_SCHEME,4,10603794,F.GA4/검색,X_불필요,,X_불필요
SILVER,BIGQUERY_BASIC,SESSION_ENGAGED,2,10603794,F.GA4/검색,D_중복(GA파생),,D_중복(정본 경로 있음)
SILVER,BIGQUERY_BASIC,DEVICE_CATEGORY,4,10603794,F.GA4/검색,D_중복(GA파생),,D_중복(정본 경로 있음)
SILVER,BIGQUERY_BASIC,OS,9,10603794,F.GA4/검색,D_중복(GA파생),,D_중복(정본 경로 있음)
SILVER,BIGQUERY_BASIC,BROWSER,23,10603794,F.GA4/검색,D_중복(GA파생),,D_중복(정본 경로 있음)
SILVER,BIGQUERY_BASIC,LANGUAGE,175,10603794,F.GA4/검색,D_중복(GA파생),,D_중복(정본 경로 있음)
SILVER,BIGQUERY_BASIC,GEO_COUNTRY,164,10603794,F.GA4/검색,D_중복(GA파생),,D_중복(정본 경로 있음)
SILVER,BIGQUERY_BASIC,XCHAN_SOURCE,397,10603794,F.GA4/검색,D_중복(GA파생),,D_중복(정본 경로 있음)
SILVER,BIGQUERY_BASIC,XCHAN_MEDIUM,52,10603794,F.GA4/검색,D_중복(GA파생),,D_중복(정본 경로 있음)
SILVER,BIGQUERY_BASIC,GAC_AD_GROUP_ID,112,10603794,F.GA4/검색,X_불필요,,X_불필요
SILVER,BIGQUERY_BASIC,GAC_AD_GROUP_NAME,44,10603794,F.GA4/검색,D_중복(GA파생),,D_중복(정본 경로 있음)
SILVER,BIGQUERY_BASIC,GAC_CAMPAIGN_NAME,106,10603794,F.GA4/검색,D_중복(GA파생),,D_중복(정본 경로 있음)
SILVER,BIGQUERY_REFINED_DATA,EVENT_NAME,52,10603794,F.GA4/검색,W_배선,"DIM_EVENT.EVENT_NAME, WIDE_EVENT_PARTICIPATION.EVENT_NAME",G_GOLD기존(lineage 미기록 · SV계층 판정)
SILVER,BIGQUERY_REFINED_DATA,EVENT_VALUE_IN_USD,499,10603794,F.GA4/검색,X_불필요,,X_불필요
SILVER,BIGQUERY_REFINED_DATA,EP_CHANGE_DONATION_UP_AMOUNT,62,10603794,F.GA4/검색,X_불필요,,X_불필요
SILVER,BIGQUERY_REFINED_DATA,EP_DONATION_ONCE_AMOUNT,99,10603794,F.GA4/검색,X_불필요,,X_불필요
SILVER,BIGQUERY_REFINED_DATA,EP_DONATION_REGULAR_AMOUNT,38,10603794,F.GA4/검색,X_불필요,,X_불필요
SILVER,BIGQUERY_REFINED_DATA,EP_GAD_CAMPAIGNID,135,10603794,F.GA4/검색,X_불필요,,X_불필요
SILVER,BIGQUERY_REFINED_DATA,EP_GAD_SOURCE,5,10603794,F.GA4/검색,W_배선,,L_GOLD적재필요(dbt)
SILVER,BIGQUERY_REFINED_DATA,EP_LINK_DOMAIN,259,10603794,F.GA4/검색,X_불필요,,X_불필요
SILVER,BIGQUERY_REFINED_DATA,EP_LINK_ID,251,10603794,F.GA4/검색,X_불필요,,X_불필요
SILVER,BIGQUERY_REFINED_DATA,EP_LINK_TITLE,19,10603794,F.GA4/검색,X_불필요,,X_불필요
SILVER,BIGQUERY_REFINED_DATA,EP_MEDIUM,61,10603794,F.GA4/검색,W_배선,,L_GOLD적재필요(dbt)
SILVER,BIGQUERY_REFINED_DATA,EP_PAYMENT_TYPE,3,10603794,F.GA4/검색,W_배선,,L_GOLD적재필요(dbt)
SILVER,BIGQUERY_REFINED_DATA,EP_SESSION_ENGAGED,2,10603794,F.GA4/검색,W_배선,,L_GOLD적재필요(dbt)
SILVER,BIGQUERY_REFINED_DATA,EP_VALUE,159,10603794,F.GA4/검색,X_불필요,,X_불필요
SILVER,BIGQUERY_REFINED_DATA,EP_VIDEO_CURRENT_TIME,449,10603794,F.GA4/검색,X_불필요,,X_불필요
SILVER,BIGQUERY_REFINED_DATA,EP_VIDEO_DURATION,184,10603794,F.GA4/검색,X_불필요,,X_불필요
SILVER,BIGQUERY_REFINED_DATA,EP_VIDEO_PERCENT,99,10603794,F.GA4/검색,X_불필요,,X_불필요
SILVER,BIGQUERY_REFINED_DATA,EP_VIDEO_TITLE,240,10603794,F.GA4/검색,X_불필요,,X_불필요
SILVER,BIGQUERY_REFINED_DATA,UP_BIZ_TYPE,457,10603794,F.GA4/검색,W_배선,,L_GOLD적재필요(dbt)
SILVER,BIGQUERY_REFINED_DATA,UP_DONATION_TYPE,5,10603794,F.GA4/검색,W_배선,,L_GOLD적재필요(dbt)
SILVER,BIGQUERY_REFINED_DATA,UP_DONOR_TYPE,3,10603794,F.GA4/검색,W_배선,,L_GOLD적재필요(dbt)
SILVER,BIGQUERY_REFINED_DATA,UP_LOGIN_STATUS,3,10603794,F.GA4/검색,W_배선,,L_GOLD적재필요(dbt)
SILVER,BIGQUERY_REFINED_DATA,UP_MEMBER_TYPE,10,10603794,F.GA4/검색,W_배선,,L_GOLD적재필요(dbt)
SILVER,BIGQUERY_REFINED_DATA,DEVICE_LANGUAGE,175,10603794,F.GA4/검색,W_배선,,L_GOLD적재필요(dbt)
SILVER,BIGQUERY_REFINED_DATA,DEVICE_MOBILE_BRAND_NAME,61,10603794,F.GA4/검색,W_배선,,L_GOLD적재필요(dbt)
SILVER,BIGQUERY_REFINED_DATA,DEVICE_OPERATING_SYSTEM,9,10603794,F.GA4/검색,W_배선,,L_GOLD적재필요(dbt)
SILVER,BIGQUERY_REFINED_DATA,DEVICE_WEB_INFO_BROWSER,23,10603794,F.GA4/검색,W_배선,,L_GOLD적재필요(dbt)
SILVER,BIGQUERY_REFINED_DATA,DEVICE_WEB_INFO_HOSTNAME,65,10603794,F.GA4/검색,W_배선,,L_GOLD적재필요(dbt)
SILVER,BIGQUERY_REFINED_DATA,GEO_CONTINENT,6,10603794,F.GA4/검색,W_배선,,L_GOLD적재필요(dbt)
SILVER,BIGQUERY_REFINED_DATA,GEO_COUNTRY,164,10603794,F.GA4/검색,W_배선,,L_GOLD적재필요(dbt)
SILVER,BIGQUERY_REFINED_DATA,GEO_METRO,178,10603794,F.GA4/검색,W_배선,,L_GOLD적재필요(dbt)
SILVER,BIGQUERY_REFINED_DATA,GEO_SUB_CONTINENT,23,10603794,F.GA4/검색,W_배선,,L_GOLD적재필요(dbt)
SILVER,BIGQUERY_REFINED_DATA,CTS_MANUAL_MEDIUM,61,10603794,F.GA4/검색,W_배선,,L_GOLD적재필요(dbt)
SILVER,BIGQUERY_REFINED_DATA,STSLC_CRC_PRIMARY_CHANNEL_GROUP,15,10603794,F.GA4/검색,W_배선,,L_GOLD적재필요(dbt)
SILVER,BIGQUERY_REFINED_DATA,STSLC_CRC_SOURCE_PLATFORM,5,10603794,F.GA4/검색,W_배선,,L_GOLD적재필요(dbt)
SILVER,BIGQUERY_REFINED_DATA,STSLC_GAC_AD_GROUP_ID,112,10603794,F.GA4/검색,X_불필요,,X_불필요
SILVER,BIGQUERY_REFINED_DATA,STSLC_GAC_AD_GROUP_NAME,44,10603794,F.GA4/검색,W_배선,,L_GOLD적재필요(dbt)
SILVER,BIGQUERY_REFINED_DATA,STSLC_GAC_CAMPAIGN_NAME,106,10603794,F.GA4/검색,W_배선,,L_GOLD적재필요(dbt)
SILVER,BIGQUERY_REFINED_DATA,TS_MEDIUM,63,10603794,F.GA4/검색,W_배선,,L_GOLD적재필요(dbt)
SILVER,BIGQUERY_REFINED_DATA,TS_SOURCE,485,10603794,F.GA4/검색,W_배선,,L_GOLD적재필요(dbt)
SILVER,BIGQUERY_REFINED_DATA,STREAM_ID,4,10603794,F.GA4/검색,X_불필요,,X_불필요
SILVER,BIGQUERY_REFINED_DATA,ECOMMERCE_PURCHASE_REVENUE,113,10603794,F.GA4/검색,X_불필요,,X_불필요
SILVER,BIGQUERY_REFINED_DATA,ECOMMERCE_TOTAL_ITEM_QUANTITY,11,10603794,F.GA4/검색,X_불필요,,X_불필요
SILVER,BIGQUERY_REFINED_DATA,ECOMMERCE_UNIQUE_ITEMS,11,10603794,F.GA4/검색,X_불필요,,X_불필요
SILVER,CRM_MEMBER_RESPONSOR,REGIST_DEPT_CD,314,119814,C.회원,W_배선,ML_ONCE_CONVERSION_V.REGIST_DEPT_NAME,G_GOLD기존(lineage 미기록 · SV계층 판정)
SILVER,BIGQUERY_EVENT_DIM,EVENT_NAME,52,48312,F.GA4/검색,D_중복(GA파생),,D_중복(정본 경로 있음)
SILVER,AGENCY_AD_CREATIVE,AD_SEC_NM,7,9616,G.광고,W_배선,,L_GOLD적재필요(dbt)
SILVER,CRM_SPONSOR_RELATION,SPNSR_BSNS_ID,3,871953,J.결연,X_불필요,,X_불필요
SILVER,CRM_SPONSOR_RELATION,RELATNSP_DSCNTC_YN,2,871953,J.결연,W_배선,,L_GOLD적재필요(dbt)
SILVER,CRM_SPONSOR_RELATION,RELATNSP_DSCNTC_RSN_CD,30,871953,J.결연,W_배선,,L_GOLD적재필요(dbt)
SILVER,IDENTITY_MEMBER_XREF,ID_SCHEME,4,46814,F.GA4/검색,X_불필요,,X_불필요
SILVER,IDENTITY_MEMBER_XREF,MEMBER_TYPE,2,46814,F.GA4/검색,D_중복(GA파생),,D_중복(정본 경로 있음)
SILVER,IDENTITY_MEMBER_XREF,MATCH_METHOD,3,46814,F.GA4/검색,X_불필요,,X_불필요
SILVER,IDENTITY_MEMBER_XREF,MATCH_CONFIDENCE,2,46814,F.GA4/검색,X_불필요,,X_불필요
BRONZE_CRM,TM_PM_DNTN_DTLS,CPR_DIV_CD,3,1134053,D.회비/결제,D_중복(SILVER경유),,D_중복(정본 경로 있음)
BRONZE_CRM,TM_PM_DNTN_DTLS,SETLE_ENTRPS_CD,155,1134053,D.회비/결제,D_중복(SILVER경유),,D_중복(정본 경로 있음)
BRONZE_CRM,TM_PM_DNTN_DTLS,FNLT_CD,101,1134053,D.회비/결제,P_정제선행,FACT_PAYMENT_METHOD_CHANGE.FNLT_CD,G_GOLD기존(lineage 미기록 · SV계층 판정)
BRONZE_CRM,TM_PM_DNTN_DTLS,RETUN_RSN_CD,7,1134053,D.회비/결제,D_중복(SILVER경유),,D_중복(정본 경로 있음)
BRONZE_CRM,TM_PM_DNTN_DTLS,ACMSLT_DEPT_CD,32,1134053,D.회비/결제,D_중복(SILVER경유),,D_중복(정본 경로 있음)
BRONZE_CRM,TM_MS_CRMN,BRNCH_DEPT_ID,19,3643,I.행사,X_불필요,,X_불필요
BRONZE_CRM,TM_MS_CRMN,ATCHFL_ID,2,3643,I.행사,X_불필요,,X_불필요
BRONZE_CRM,TM_MS_CRMN,SITE_URL,30,3643,I.행사,X_불필요,,X_불필요
BRONZE_CRM,TM_MS_CRMN,RM,90,3643,I.행사,X_불필요,,X_불필요
BRONZE_CRM,TM_MS_CRMN,CRMN_CTNT,121,3643,I.행사,X_불필요,,X_불필요
BRONZE_CRM,TM_MS_CRMN,PART_USE_YN,2,3643,I.행사,P_정제선행,,P_SILVER정제+GOLD적재필요(dbt)
BRONZE_CRM,TM_MS_CRMN,TMPLAT_ID,3,3643,I.행사,X_불필요,,X_불필요
BRONZE_CRM,TM_MS_CRMN,TMPLAT_TIT,3,3643,I.행사,X_불필요,,X_불필요
BRONZE_CRM,TM_MS_CRMN,TMPLAT_PART_ID,4,3643,I.행사,X_불필요,,X_불필요
BRONZE_CRM,TM_MS_CRMN,TMPLAT_PART_TIT,4,3643,I.행사,X_불필요,,X_불필요
BRONZE_CRM,TM_MS_CRMN,SRVY,323,3643,I.행사,X_불필요,,X_불필요
BRONZE_CRM,TM_MS_CRMN,RM2,8,3643,I.행사,X_불필요,,X_불필요
BRONZE_CRM,TM_MS_CRMN,PROMO_CODE,9,3643,I.행사,X_불필요,,X_불필요
BRONZE_CRM,TM_MS_CRMN,TMPLAT_WIN_ID,7,3643,I.행사,X_불필요,,X_불필요
BRONZE_CRM,TM_MS_CRMN,TMPLAT_WIN_TIT,7,3643,I.행사,X_불필요,,X_불필요
BRONZE_CRM,TM_MM_ONCE_MBER_INFO,CPR_DIV_CD,3,177774,C.회원,D_중복(SILVER경유),,D_중복(정본 경로 있음)
BRONZE_CRM,TM_MM_ONCE_MBER_INFO,REL_CD,12,177774,C.회원,D_중복(SILVER경유),,D_중복(정본 경로 있음)
BRONZE_CRM,TM_MM_ONCE_MBER_INFO,ENTRPS_NM,32,177774,C.회원,X_불필요,,X_불필요
BRONZE_CRM,TM_MM_ONCE_MBER_INFO,PSTMTR_RECPTN_YN,2,177774,C.회원,D_중복(SILVER경유),,D_중복(정본 경로 있음)
BRONZE_CRM,TM_MM_ONCE_MBER_INFO,EMAIL_RECPTN_YN,2,177774,C.회원,D_중복(SILVER경유),,D_중복(정본 경로 있음)
BRONZE_CRM,TM_MM_ONCE_MBER_INFO,SPECL_MNG_CD2,5,177774,C.회원,P_정제선행,,P_SILVER정제+GOLD적재필요(dbt)
BRONZE_CRM,TM_MM_ONCE_MBER_INFO,CTI_SYNCHRN_DIV_CD,2,177774,C.회원,P_정제선행,,P_SILVER정제+GOLD적재필요(dbt)
BRONZE_CRM,TM_MM_ONCE_MBER_INFO,REGIST_DEPT_CD,77,177774,C.회원,D_중복(SILVER경유),,D_중복(정본 경로 있음)
BRONZE_CRM,TC_MKTNG_DTL_CD,CD_ID,3,967,A.캠페인,X_불필요,,X_불필요
BRONZE_CRM,TC_MKTNG_DTL_CD,CD_NM,3,967,A.캠페인,X_불필요,,X_불필요
BRONZE_CRM,TM_MM_FDRM_MBER_IRSD,ACMSLT_DEPT_CD,306,335678,C.회원,D_중복(SILVER경유),,D_중복(정본 경로 있음)
BRONZE_CRM,TM_MM_FDRM_MBER_IRSD,SETLE_CD,7,335678,C.회원,D_중복(SILVER경유),,D_중복(정본 경로 있음)
BRONZE_CRM,TM_MM_FDRM_MBER_IRSD,MBER_DIV_CD,3,335678,C.회원,D_중복(SILVER경유),,D_중복(정본 경로 있음)
BRONZE_CRM,TM_MM_FDRM_MBER_IRSD,SEX,9,335678,C.회원,D_중복(SILVER경유),,D_중복(정본 경로 있음)
BRONZE_CRM,TM_MM_FDRM_MBER_IRSD,AREA_CD,19,335678,C.회원,D_중복(SILVER경유),,D_중복(정본 경로 있음)
BRONZE_CRM,TM_MM_FDRM_MBER_IRSD,SPNSR_AMT_CD,5,335678,C.회원,D_중복(SILVER경유),,D_중복(정본 경로 있음)
BRONZE_CRM,TM_MM_FDRM_MBER_IRSD,RDCAMT_YN,2,335678,C.회원,D_중복(SILVER경유),,D_중복(정본 경로 있음)
BRONZE_CRM,TM_PM_SETLE_INFO,CPR_DIV_CD,2,2616881,D.회비/결제,D_중복(SILVER경유),,D_중복(정본 경로 있음)
BRONZE_CRM,TM_PM_SETLE_INFO,FNLT_DIV_CD,3,2616881,D.회비/결제,D_중복(SILVER경유),,D_중복(정본 경로 있음)
BRONZE_CRM,TM_PM_SETLE_INFO,FNLT_CD,109,2616881,D.회비/결제,D_중복(SILVER경유),,D_중복(정본 경로 있음)
BRONZE_CRM,TM_PM_SETLE_INFO,SETLE_ENTRPS_CD,54,2616881,D.회비/결제,D_중복(SILVER경유),,D_중복(정본 경로 있음)
BRONZE_CRM,TM_PM_SETLE_INFO,CARD_DIV_CD,3,2616881,D.회비/결제,D_중복(SILVER경유),,D_중복(정본 경로 있음)
BRONZE_CRM,TM_PM_SETLE_INFO,ETC_CTTPC_REL_CD,14,2616881,D.회비/결제,P_정제선행,FACT_PAYMENT_METHOD_CHANGE.ETC_CTTPC_REL_CD,G_GOLD기존(lineage 미기록 · SV계층 판정)
BRONZE_CRM,TM_PM_SETLE_INFO,PAYER_MBER_REL_CD,14,2616881,D.회비/결제,D_중복(SILVER경유),,D_중복(정본 경로 있음)
BRONZE_CRM,TM_PM_SETLE_INFO,CRTFC_MTH_CD,5,2616881,D.회비/결제,D_중복(SILVER경유),,D_중복(정본 경로 있음)
BRONZE_CRM,TM_PM_SETLE_INFO,SETLE_STAT_CD,9,2616881,D.회비/결제,D_중복(SILVER경유),,D_중복(정본 경로 있음)
BRONZE_CRM,TM_PM_SETLE_INFO,RQST_DIV_CD,6,2616881,D.회비/결제,D_중복(SILVER경유),,D_중복(정본 경로 있음)
BRONZE_CRM,TM_PM_SETLE_INFO,RCEPT_DIV_CD,6,2616881,D.회비/결제,D_중복(SILVER경유),,D_중복(정본 경로 있음)
BRONZE_CRM,TM_PM_SETLE_INFO,APRV_YN,2,2616881,D.회비/결제,D_중복(SILVER경유),,D_중복(정본 경로 있음)
BRONZE_CRM,TM_PM_SETLE_INFO,RQEST_EXCL_YN,2,2616881,D.회비/결제,D_중복(SILVER경유),,D_중복(정본 경로 있음)
BRONZE_CRM,TM_PM_SETLE_INFO,APPLCNT_ETC_CTTPC_REL_CD,14,2616881,D.회비/결제,P_정제선행,FACT_PAYMENT_METHOD_CHANGE.APPLCNT_ETC_CTTPC_REL_CD,G_GOLD기존(lineage 미기록 · SV계층 판정)
BRONZE_CRM,TM_PM_SETLE_INFO,APPLCNT_MBER_REL_CD,14,2616881,D.회비/결제,D_중복(SILVER경유),,D_중복(정본 경로 있음)
BRONZE_CRM,TM_PM_SETLE_INFO,OPERT_DIV_CD,5,2616881,D.회비/결제,D_중복(SILVER경유),,D_중복(정본 경로 있음)
BRONZE_CRM,TM_PM_SETLE_INFO,CRTFC_TY_CD,6,2616881,D.회비/결제,D_중복(SILVER경유),,D_중복(정본 경로 있음)
BRONZE_CRM,SND_REQ_MST,PERIODIC,2,2210,E.발송,P_정제선행,,P_SILVER정제+GOLD적재필요(dbt)
BRONZE_CRM,SND_REQ_MST,SEND_MIN,60,2210,E.발송,X_불필요,,X_불필요
BRONZE_CRM,SND_REQ_MST,SEND_SPLIT_TYPE,2,2210,E.발송,P_정제선행,,P_SILVER정제+GOLD적재필요(dbt)
BRONZE_CRM,SND_REQ_MST,CORP_TYPE,2,2210,E.발송,P_정제선행,,P_SILVER정제+GOLD적재필요(dbt)
BRONZE_CRM,SND_REQ_MST,REG_ID,36,2210,E.발송,X_불필요,,X_불필요
BRONZE_CRM,SND_REQ_MST,SENDER_EMAIL,4,2210,E.발송,X_불필요,,X_불필요
BRONZE_CRM,SND_REQ_MST,PAPER_YEAR,4,2210,E.발송,X_불필요,,X_불필요
BRONZE_CRM,SND_REQ_MST,JOB_ID,234,2210,E.발송,X_불필요,,X_불필요
BRONZE_CRM,SND_REQ_MST,REG_NM,33,2210,E.발송,X_불필요,,X_불필요
BRONZE_CRM,TM_PM_INSTT_ACNUT,ACCTNO,239,238,D.회비/결제,X_불필요,,X_불필요
BRONZE_CRM,TM_MS_MSG_AT_SNDNG,SNDNG_TIME_DIV_CD,3,1237166,E.발송,D_중복(SILVER경유),,D_중복(정본 경로 있음)
BRONZE_CRM,TM_MS_MSG_AT_SNDNG,MSG_DIV_CD,4,1237166,E.발송,D_중복(SILVER경유),,D_중복(정본 경로 있음)
BRONZE_CRM,TM_MS_MSG_AT_SNDNG,MSG_AT_RM,19,1237166,E.발송,P_정제선행,,P_SILVER정제+GOLD적재필요(dbt)
BRONZE_CRM,TM_MS_MSG_AT_SNDNG,ATCHFL_ID,131,1237166,E.발송,X_불필요,,X_불필요
BRONZE_CRM,TM_CM_SCHDUL_MNG,SCHDUL_DIV_CD,2,4193,K.조직/예산/목표,P_정제선행,,P_SILVER정제+GOLD적재필요(dbt)
BRONZE_CRM,TM_CM_SCHDUL_MNG,SCHDUL_CD,34,4193,K.조직/예산/목표,X_불필요,,X_불필요
BRONZE_CRM,TM_CM_SCHDUL_MNG,SCHDUL_TIT,104,4193,K.조직/예산/목표,X_불필요,,X_불필요
BRONZE_CRM,TM_MM_FDRM_MBER_INFO,CPR_DIV_CD,3,1620742,C.회원,D_중복(SILVER경유),,D_중복(정본 경로 있음)
BRONZE_CRM,TM_MM_FDRM_MBER_INFO,SLRCLD_LRR_CD,4,1620742,C.회원,D_중복(SILVER경유),,D_중복(정본 경로 있음)
BRONZE_CRM,TM_MM_FDRM_MBER_INFO,MOBLPHON_STAT_CD,3,1620742,C.회원,D_중복(SILVER경유),,D_중복(정본 경로 있음)
BRONZE_CRM,TM_MM_FDRM_MBER_INFO,ETC_CTTPC_REL_CD,14,1620742,C.회원,D_중복(SILVER경유),,D_중복(정본 경로 있음)
BRONZE_CRM,TM_MM_FDRM_MBER_INFO,ETC_CTTPC_STAT_CD,3,1620742,C.회원,D_중복(SILVER경유),,D_중복(정본 경로 있음)
BRONZE_CRM,TM_MM_FDRM_MBER_INFO,EMAIL_STAT_CD,4,1620742,C.회원,D_중복(SILVER경유),,D_중복(정본 경로 있음)
BRONZE_CRM,TM_MM_FDRM_MBER_INFO,PSTMTR_RECPTN_CD,23,1620742,C.회원,D_중복(SILVER경유),,D_중복(정본 경로 있음)
BRONZE_CRM,TM_MM_FDRM_MBER_INFO,EMAIL_RECPTN_CD,24,1620742,C.회원,D_중복(SILVER경유),,D_중복(정본 경로 있음)
BRONZE_CRM,TM_MM_FDRM_MBER_INFO,SPECL_MNG_CD2,9,1620742,C.회원,P_정제선행,,P_SILVER정제+GOLD적재필요(dbt)
BRONZE_CRM,TM_MM_FDRM_MBER_INFO,RELATNSP_DIV_CD,4,1620742,C.회원,D_중복(SILVER경유),,D_중복(정본 경로 있음)
BRONZE_CRM,TM_MM_FDRM_MBER_INFO,ACT_DEPT_CD,281,1620742,C.회원,D_중복(SILVER경유),,D_중복(정본 경로 있음)
BRONZE_CRM,TM_MM_FDRM_MBER_INFO,CTI_SYNCHRN_DIV_CD,2,1620742,C.회원,P_정제선행,,P_SILVER정제+GOLD적재필요(dbt)
BRONZE_CRM,TM_MM_FDRM_MBER_INFO,REGIST_DEPT_CD,356,1620742,C.회원,D_중복(SILVER경유),,D_중복(정본 경로 있음)
BRONZE_CRM,TM_PM_MBRFEE_ACMSLT,MBER_DIV_CD,3,49701037,D.회비/결제,D_중복(SILVER경유),,D_중복(정본 경로 있음)
BRONZE_CRM,TM_PM_MBRFEE_ACMSLT,CPR_DIV_CD,2,49701037,D.회비/결제,D_중복(SILVER경유),,D_중복(정본 경로 있음)
BRONZE_CRM,TM_PM_MBRFEE_ACMSLT,RQEST_MT,218,49701037,D.회비/결제,X_불필요,,X_불필요
BRONZE_CRM,TM_PM_MBRFEE_ACMSLT,GFT_DIV_CD,7,49701037,D.회비/결제,D_중복(SILVER경유),,D_중복(정본 경로 있음)
BRONZE_CRM,TM_PM_MBRFEE_ACMSLT,TOGETH_WTDRW_YN,2,49701037,D.회비/결제,D_중복(SILVER경유),,D_중복(정본 경로 있음)
BRONZE_CRM,TM_PM_MBRFEE_ACMSLT,SETLE_ENTRPS_CD,102,49701037,D.회비/결제,D_중복(SILVER경유),,D_중복(정본 경로 있음)
BRONZE_CRM,TM_PM_MBRFEE_ACMSLT,RQEST_DIV_CD,4,49701037,D.회비/결제,D_중복(SILVER경유),,D_중복(정본 경로 있음)
BRONZE_CRM,TM_PM_MBRFEE_ACMSLT,PRCS_STAT_CD,3,49701037,D.회비/결제,D_중복(SILVER경유),,D_중복(정본 경로 있음)
BRONZE_CRM,TM_PM_MBRFEE_ACMSLT,FNLT_CD,114,49701037,D.회비/결제,P_정제선행,FACT_PAYMENT_METHOD_CHANGE.FNLT_CD,G_GOLD기존(lineage 미기록 · SV계층 판정)
BRONZE_CRM,TM_PM_MBRFEE_ACMSLT,RQEST_RST_CD,100,49701037,D.회비/결제,D_중복(SILVER경유),,D_중복(정본 경로 있음)
BRONZE_CRM,TM_PM_MBRFEE_ACMSLT,PRCS_RST_CD,7,49701037,D.회비/결제,D_중복(SILVER경유),,D_중복(정본 경로 있음)
BRONZE_CRM,TM_PM_MBRFEE_ACMSLT,RETUN_RSN_CD,11,49701037,D.회비/결제,D_중복(SILVER경유),,D_중복(정본 경로 있음)
BRONZE_CRM,TM_PM_MBRFEE_ACMSLT,OPERT_DIV_CD,6,49701037,D.회비/결제,D_중복(SILVER경유),,D_중복(정본 경로 있음)
BRONZE_CRM,SND_MEMBER_LIST,SPNSR_CD,19,11543843,E.발송,P_정제선행,,P_SILVER정제+GOLD적재필요(dbt)
BRONZE_CRM,SND_MEMBER_LIST,SPNSR_NM,57,11543843,E.발송,P_정제선행,,P_SILVER정제+GOLD적재필요(dbt)
BRONZE_CRM,SND_MEMBER_LIST,GENDER,18,11543843,E.발송,P_정제선행,"DIM_MEMBER.GENDER_NAME, DIM_MEMBER_ACQUISITION.ACQ_GENDER, DIM_MEMBER_STATUS_HISTORY.GENDER_NAME, FACT_MEMBER_COHORT.ACQ_GENDER, FACT_MEMBER_EVENT.GENDER_AT_EVENT, WIDE_MEMBER_FEE.GENDER_NAME, WIDE_MEMBER_SERVICE_COHORT.ACQ_GENDER",G_GOLD기존(lineage 미기록 · SV계층 판정)
BRONZE_CRM,SND_MEMBER_LIST,AGE,13,11543843,E.발송,P_정제선행,"DIM_MEMBER_STATUS_HISTORY.AGE, F_MM_SPNSR_DVLP.AGE, F_MM_SPNSR_DVLP_SUM.AGE",G_GOLD기존(lineage 미기록 · SV계층 판정)
BRONZE_CRM,SND_MEMBER_LIST,SETLE_NM,6,11543843,E.발송,P_정제선행,MSTR_SPNSR_DVLP_V.SETLE_NM,G_GOLD기존(lineage 미기록 · SV계층 판정)
BRONZE_CRM,SND_MEMBER_LIST,DSCNTC_PATH,6,11543843,E.발송,P_정제선행,,P_SILVER정제+GOLD적재필요(dbt)
BRONZE_CRM,SND_MEMBER_LIST,DSCNTC_RSN_NM,17,11543843,E.발송,P_정제선행,,P_SILVER정제+GOLD적재필요(dbt)
BRONZE_CRM,SND_MEMBER_LIST,MNG_NO,53,11543843,E.발송,X_불필요,,X_불필요
BRONZE_CRM,SND_MEMBER_LIST,LETTER_DIV_CD,3,11543843,E.발송,P_정제선행,FACT_RELATION_ACTIVITY.LETTER_DIV_CD,G_GOLD기존(lineage 미기록 · SV계층 판정)
BRONZE_CRM,SND_MEMBER_LIST,CHILD_DTL_NM,11,11543843,E.발송,P_정제선행,DIM_CHILD.CHILD_DTL_STAT_CD,G_GOLD기존(lineage 미기록 · SV계층 판정)
BRONZE_CRM,SND_MEMBER_LIST,RELATNSP_DSCNTC_YN,4,11543843,E.발송,P_정제선행,,P_SILVER정제+GOLD적재필요(dbt)
BRONZE_CRM,SND_MEMBER_LIST,FRST_SPNSR,26,11543843,E.발송,P_정제선행,,P_SILVER정제+GOLD적재필요(dbt)
BRONZE_CRM,SND_MEMBER_LIST,SND_MSG,10,11543843,E.발송,X_불필요,,X_불필요
BRONZE_CRM,SND_MEMBER_LIST,SND_HOUR,18,11543843,E.발송,X_불필요,,X_불필요
BRONZE_CRM,SND_MEMBER_LIST,SND_MIN,60,11543843,E.발송,X_불필요,,X_불필요
BRONZE_CRM,SND_MEMBER_LIST,NATION_NM,27,11543843,E.발송,P_정제선행,"DIM_BIZ_PLACE.NATION_CD, FACT_EVENT_ATTENDANCE.REGULAR_DONATION, WIDE_EVENT_PARTICIPATION.REGULAR_DONATION",G_GOLD기존(lineage 미기록 · SV계층 판정)
BRONZE_CRM,SND_MEMBER_LIST,BPLC_KOR_NM,187,11543843,E.발송,P_정제선행,DIM_BIZ_PLACE.BPLC_KORNM,G_GOLD기존(lineage 미기록 · SV계층 판정)
BRONZE_CRM,SND_MEMBER_LIST,NEW_CHILD_PROJECT_COUNTRY,24,11543843,E.발송,P_정제선행,,P_SILVER정제+GOLD적재필요(dbt)
BRONZE_CRM,SND_MEMBER_LIST,NEW_CHILD_WORKPLACE_NM,139,11543843,E.발송,P_정제선행,,P_SILVER정제+GOLD적재필요(dbt)
BRONZE_CRM,SND_MEMBER_LIST,SPNSR_TYPE,5,11543843,E.발송,P_정제선행,,P_SILVER정제+GOLD적재필요(dbt)
BRONZE_CRM,SND_MEMBER_LIST,CPR_DIV_CD,6,11543843,E.발송,P_정제선행,"DIM_CAMPAIGN.CPR_DIV_CD, DIM_CAMPAIGN.CPR_DIV_NM, DIM_EVENT.CPR_DIV_CD, DIM_MSG_TEMPLATE.CPR_DIV_CD, DIM_PAYMENT_ACCOUNT.CPR_DIV_CD, DIM_SPONSORSHIP.CPR_DIV_CD, DIM_SPONSORSHIP.CPR_DIV_NM, D_CMPGN_CD.CPR_DIV_CD, D_CPR_DIV_CD.CPR_DIV_CD, D_CPR_DIV_CD.CPR_DIV_NM, D_SPNSR_BSNS_INFO.CPR_DIV_CD, FACT_MEMBER_EVENT.CPR_DIV_CD_AT_EVENT, FACT_MEMBER_EVENT.CPR_DIV_NM_AT_EVENT, FACT_PAYMENT_METHOD_CHANGE.CPR_DIV_CD, FACT_TARGET_PROJECT.CPR_DIV_NM, F_MM_SPNSR_DVLP.CPR_DIV_CD, F_MM_SPNSR_DVLP_SUM.CPR_DIV_CD, MSTR_SPNSR_DVLP_V.CPR_DIV_CD, MSTR_SPNSR_DVLP_V.CPR_DIV_NM, WIDE_TARGET_BIZ.CPR_DIV_NM",G_GOLD기존(lineage 미기록 · SV계층 판정)
BRONZE_CRM,TM_RM_RELATNSP_GFTMNEY_INFO,SETLE_BANK_CD,44,184801,J.결연,P_정제선행,,P_SILVER정제+GOLD적재필요(dbt)
BRONZE_CRM,TM_RM_RELATNSP_GFTMNEY_INFO,EHGT,150,184801,J.결연,X_불필요,,X_불필요
BRONZE_CRM,TD_MS_EMAIL_LQY_SNDNG,MSG_ID,393,539186,E.발송,X_불필요,,X_불필요
BRONZE_CRM,TD_MS_EMAIL_LQY_SNDNG,MKT_TRGET_CTNT,402,539186,E.발송,X_불필요,,X_불필요
BRONZE_CRM,TM_MM_FDRM_MBER_SPNSR_DSCNTC,REGIST_DEPT_CD,54,1073968,C.회원,D_중복(SILVER경유),,D_중복(정본 경로 있음)
BRONZE_CRM,TM_RM_RELATNSP_MSTR_INFO,RELATNSP_DSCNTC_YN,2,871953,J.결연,D_중복(SILVER경유),,D_중복(정본 경로 있음)
BRONZE_CRM,TM_MS_PSTMTR_SNDNG,PCPSN_ID,217,125465,E.발송,X_불필요,,X_불필요
BRONZE_CRM,TM_MS_PSTMTR_SNDNG,PRCS_STAT_CD,2,125465,E.발송,D_중복(SILVER경유),,D_중복(정본 경로 있음)
BRONZE_GSC,SEARCH_CONSOLE_DATA2,COUNTRY,216,941298,F.GA4/검색,P_정제선행,,P_SILVER정제+GOLD적재필요(dbt)
BRONZE_GSC,SEARCH_CONSOLE_DATA2,DEVICE,3,941298,F.GA4/검색,P_정제선행,"DIM_DEVICE.DEVICE_SCOPE_DESC, DIM_DEVICE.DEVICE_SK, DIM_DEVICE.DEVICE_TYPE, FACT_AD_PERFORMANCE.DEVICE_SK, FACT_BIGQUERY_BEHAVIOR.DEVICE_SK, WIDE_AD_COMBINED.DEVICE_SK, WIDE_AD_DIGITAL.DEVICE_TYPE, WIDE_AD_PERFORMANCE.DEVICE_SCOPE_DESC, WIDE_AD_PERFORMANCE.DEVICE_TYPE, WIDE_BIGQUERY_BEHAVIOR.DEVICE_TYPE",G_GOLD기존(lineage 미기록 · SV계층 판정)
BRONZE_GSC,SEARCH_CONSOLE_DATA,COUNTRY,216,983601,F.GA4/검색,P_정제선행,,P_SILVER정제+GOLD적재필요(dbt)
BRONZE_GSC,SEARCH_CONSOLE_DATA,DEVICE,3,983601,F.GA4/검색,P_정제선행,"DIM_DEVICE.DEVICE_SCOPE_DESC, DIM_DEVICE.DEVICE_SK, DIM_DEVICE.DEVICE_TYPE, FACT_AD_PERFORMANCE.DEVICE_SK, FACT_BIGQUERY_BEHAVIOR.DEVICE_SK, WIDE_AD_COMBINED.DEVICE_SK, WIDE_AD_DIGITAL.DEVICE_TYPE, WIDE_AD_PERFORMANCE.DEVICE_SCOPE_DESC, WIDE_AD_PERFORMANCE.DEVICE_TYPE, WIDE_BIGQUERY_BEHAVIOR.DEVICE_TYPE",G_GOLD기존(lineage 미기록 · SV계층 판정)
BRONZE_GA4,GA4_USER_DEMOGRAPHIC,DEVICE_CATEGORY,3,46143,F.GA4/검색,P_정제선행,,P_SILVER정제+GOLD적재필요(dbt)
BRONZE_GA4,GA4_USER_DEMOGRAPHIC,USER_GENDER,3,46143,F.GA4/검색,P_정제선행,,P_SILVER정제+GOLD적재필요(dbt)
BRONZE_GA4,GA4_USER_DEMOGRAPHIC,USER_AGE_BRACKET,7,46143,F.GA4/검색,P_정제선행,,P_SILVER정제+GOLD적재필요(dbt)
BRONZE_ERP,BDGT_ACMSLT_LEDGER,BDGT_ITEM_NM,4,258,K.조직/예산/목표,P_정제선행,,P_SILVER정제+GOLD적재필요(dbt)
BRONZE_ERP,BDGT_ACMSLT_LEDGER,VENDOR,4,258,K.조직/예산/목표,X_불필요,,X_불필요
BRONZE_ERP,EXPENSE_RESOLUTION,YEAR,3,61785,K.조직/예산/목표,X_불필요,,X_불필요
BRONZE_ERP,EXPENSE_RESOLUTION,RESOLUTION_DEPT_NM,55,61785,K.조직/예산/목표,P_정제선행,,P_SILVER정제+GOLD적재필요(dbt)
BRONZE_ERP,EXPENSE_RESOLUTION,SOURCE_DIV_NM,6,61785,K.조직/예산/목표,P_정제선행,,P_SILVER정제+GOLD적재필요(dbt)
BRONZE_ERP,EXPENSE_RESOLUTION,BDGT_UNIT_NM,121,61785,K.조직/예산/목표,P_정제선행,DIM_BUDGET_ITEM.BDGT_UNIT_NM,G_GOLD기존(lineage 미기록 · SV계층 판정)
BRONZE_ERP,EXPENSE_RESOLUTION,MOK_NM,12,61785,K.조직/예산/목표,P_정제선행,,P_SILVER정제+GOLD적재필요(dbt)
BRONZE_ERP,EXPENSE_RESOLUTION,DTL_ITEM_NM,4,61785,K.조직/예산/목표,P_정제선행,,P_SILVER정제+GOLD적재필요(dbt)
BRONZE_ERP,EXPENSE_RESOLUTION,SUBDTL_ITEM_NM,100,61785,K.조직/예산/목표,P_정제선행,,P_SILVER정제+GOLD적재필요(dbt)
BRONZE_ERP,EXPENSE_RESOLUTION,FUND_SOURCE_NM,26,61785,K.조직/예산/목표,P_정제선행,,P_SILVER정제+GOLD적재필요(dbt)
BRONZE_ERP,EXPENSE_RESOLUTION,BDGT_ITEM_NM,20,61785,K.조직/예산/목표,P_정제선행,,P_SILVER정제+GOLD적재필요(dbt)
BRONZE_ERP,EXPENSE_RESOLUTION,CONTENTS_DELIMITER,154,61785,K.조직/예산/목표,X_불필요,,X_불필요
BRONZE_CRM,SND_MEMBER_MAIL_LINK_LOG,MBER_NO,372,551,E.발송,X_불필요,,X_불필요
BRONZE_CRM,SND_MEMBER_MAIL_LINK_LOG,LINK_ID,45,551,E.발송,X_불필요,,X_불필요
BRONZE_CRM,SND_MEMBER_MAIL_LINK_LOG,LINK_IMG_URL,34,551,E.발송,X_불필요,,X_불필요
BRONZE_CRM,SND_MEMBER_MAIL_LINK_LOG,LINK_PAGE,25,551,E.발송,X_불필요,,X_불필요
BRONZE_CRM,SND_MEMBER_MAIL_LINK_LOG,AGENT,5,551,E.발송,X_불필요,,X_불필요
BRONZE_CRM,TM_CM_MBER_DVLP_GOAL_DIV,GOAL_TYPE_NM,9,437,K.조직/예산/목표,P_정제선행,"FACT_TARGET_PROJECT.GOAL_TYPE_NM, WIDE_TARGET_BIZ.GOAL_TYPE_NM",G_GOLD기존(lineage 미기록 · SV계층 판정)
BRONZE_CRM,TM_CM_MBER_DVLP_GOAL_DIV,CPR_DIV_NM,2,437,K.조직/예산/목표,P_정제선행,"DIM_CAMPAIGN.CPR_DIV_CD, DIM_CAMPAIGN.CPR_DIV_NM, DIM_EVENT.CPR_DIV_CD, DIM_MSG_TEMPLATE.CPR_DIV_CD, DIM_PAYMENT_ACCOUNT.CPR_DIV_CD, DIM_SPONSORSHIP.CPR_DIV_CD, DIM_SPONSORSHIP.CPR_DIV_NM, D_CMPGN_CD.CPR_DIV_CD, D_CPR_DIV_CD.CPR_DIV_CD, D_CPR_DIV_CD.CPR_DIV_NM, D_SPNSR_BSNS_INFO.CPR_DIV_CD, FACT_MEMBER_EVENT.CPR_DIV_CD_AT_EVENT, FACT_MEMBER_EVENT.CPR_DIV_NM_AT_EVENT, FACT_PAYMENT_METHOD_CHANGE.CPR_DIV_CD, FACT_TARGET_PROJECT.CPR_DIV_NM, F_MM_SPNSR_DVLP.CPR_DIV_CD, F_MM_SPNSR_DVLP_SUM.CPR_DIV_CD, MSTR_SPNSR_DVLP_V.CPR_DIV_CD, MSTR_SPNSR_DVLP_V.CPR_DIV_NM, WIDE_TARGET_BIZ.CPR_DIV_NM",G_GOLD기존(lineage 미기록 · SV계층 판정)
BRONZE_CRM,TM_CM_MBER_DVLP_GOAL_DIV,NEW_OLD_DIV_NM,4,437,K.조직/예산/목표,P_정제선행,"FACT_TARGET_PROJECT.NEW_OLD_DIV_NM, F_MM_SPNSR_DVLP_SUM.NEW_OLD_DIV_CD, MSTR_SPNSR_DVLP_V.NEW_OLD_DIV_CD, MSTR_SPNSR_DVLP_V.NEW_OLD_DIV_NM, WIDE_TARGET_BIZ.NEW_OLD_DIV_NM",G_GOLD기존(lineage 미기록 · SV계층 판정)
BRONZE_CRM,TM_CM_MBER_DVLP_GOAL_DIV,ORG_DIV_NM,3,437,K.조직/예산/목표,P_정제선행,"FACT_MEMBER_DEV_ACHIEVEMENT.ORG_DIVISION, FACT_TARGET_PROJECT.ORG_DIV_NM, WIDE_BUDGET.ORG_DIVISION, WIDE_MEMBER_EVENT.ORG_DIVISION, WIDE_TARGET_BIZ.ORG_DIVISION, WIDE_TARGET_BIZ.ORG_DIV_NM, WIDE_TARGET_DEV.ORG_DIVISION",G_GOLD기존(lineage 미기록 · SV계층 판정)
BRONZE_CRM,TM_CM_MBER_DVLP_GOAL_DIV,TEAM_NM,10,437,K.조직/예산/목표,P_정제선행,,P_SILVER정제+GOLD적재필요(dbt)
BRONZE_CRM,TM_CM_MBER_DVLP_GOAL_DIV,SPNSR_BSNS_DIV_NM,15,437,K.조직/예산/목표,P_정제선행,,P_SILVER정제+GOLD적재필요(dbt)
BRONZE_CRM,TM_CM_MBER_DVLP_GOAL_DIV,DTL_DIV_NM,11,437,K.조직/예산/목표,P_정제선행,"FACT_TARGET_PROJECT.DTL_DIV_NM, WIDE_TARGET_BIZ.DTL_DIV_NM",G_GOLD기존(lineage 미기록 · SV계층 판정)
BRONZE_CRM,TM_MM_FDRM_MBER_RE_SPNSR,REGIST_DEPT_CD,314,119815,C.회원,D_중복(SILVER경유),,D_중복(정본 경로 있음)
SILVER,AGENCY_AD_ROW_DGT,BDGT_SOURCE_NM,3,221137,G.광고,W_배선,,L_GOLD적재필요(dbt)
SILVER,AGENCY_AD_ROW_DGT,CMPGN_TYPE1_BSN_NM,4,221137,G.광고,W_배선,"FACT_MEMBER_COHORT.ACQ_CMPGN_TYPE1_BSN, FACT_MEMBER_EVENT.CMPGN_TYPE1_BSN_AT_EVENT, FACT_MEMBER_SPONSORSHIP_SPAN.ACQ_CMPGN_TYPE1_BSN",G_GOLD기존(lineage 미기록 · SV계층 판정)
SILVER,AGENCY_AD_ROW_DGT,CMPGN_TYPE2_BSN_NM,5,221137,G.광고,W_배선,"FACT_MEMBER_COHORT.ACQ_CMPGN_TYPE2_BSN, FACT_MEMBER_EVENT.CMPGN_TYPE2_BSN_AT_EVENT, FACT_MEMBER_SPONSORSHIP_SPAN.ACQ_CMPGN_TYPE2_BSN",G_GOLD기존(lineage 미기록 · SV계층 판정)
SILVER,AGENCY_AD_ROW_DGT,CMPGN_TYPE_BSN_NM,8,221137,G.광고,W_배선,,L_GOLD적재필요(dbt)
SILVER,AGENCY_AD_ROW_DGT,DEVICE,2,221137,G.광고,W_배선,"DIM_DEVICE.DEVICE_SCOPE_DESC, DIM_DEVICE.DEVICE_SK, DIM_DEVICE.DEVICE_TYPE, FACT_AD_PERFORMANCE.DEVICE_SK, FACT_BIGQUERY_BEHAVIOR.DEVICE_SK, WIDE_AD_COMBINED.DEVICE_SK, WIDE_AD_DIGITAL.DEVICE_TYPE, WIDE_AD_PERFORMANCE.DEVICE_SCOPE_DESC, WIDE_AD_PERFORMANCE.DEVICE_TYPE, WIDE_BIGQUERY_BEHAVIOR.DEVICE_TYPE",G_GOLD기존(lineage 미기록 · SV계층 판정)
SILVER,AGENCY_AD_ROW_DGT,MEDIA_NM,32,221137,G.광고,W_배선,,L_GOLD적재필요(dbt)
SILVER,AGENCY_AD_ROW_DGT,WEEK,13,221137,G.광고,X_불필요,,X_불필요
SILVER,AGENCY_AD_ROW_DGT,DOW,7,221137,G.광고,X_불필요,,X_불필요
SILVER,AGENCY_AD_ROW_DGT,CMPGN_NM,115,221137,G.광고,W_배선,"D_CMPGN_CD.CMPGN_NM, MSTR_SPNSR_DVLP_V.CMPGN_NM",G_GOLD기존(lineage 미기록 · SV계층 판정)
SILVER,AGENCY_AD_ROW_DGT,UTM_CMPGN_NM,109,221137,G.광고,W_배선,,L_GOLD적재필요(dbt)
SILVER,CRM_DEV_TARGET,DEPT_ID,236,25344,K.조직/예산/목표,X_불필요,,X_불필요
SILVER,CRM_MEMBER_DISCONTINUE,REGIST_DEPT_CD,54,1073967,C.회원,W_배선,ML_ONCE_CONVERSION_V.REGIST_DEPT_NAME,G_GOLD기존(lineage 미기록 · SV계층 판정)
SILVER,CRM_EVENT,BRNCH_DEPT_ID,19,4028,I.행사,X_불필요,,X_불필요
SILVER,AGENCY_AD_PERFORMANCE,SOURCE_SYSTEM,3,271357,G.광고,X_불필요,,X_불필요
SILVER,AGENCY_AD_PERFORMANCE,CAMPAIGN_NM,115,271357,G.광고,W_배선,"DIM_CAMPAIGN.CAMPAIGN_BK, DIM_CAMPAIGN.CAMPAIGN_NAME, DIM_CAMPAIGN.CAMPAIGN_SK, DIM_CAMPAIGN.CAMPAIGN_TYPE, DIM_CAMPAIGN.MARKETING_CAMPAIGN, DIM_CAMPAIGN.PARENT_CAMPAIGN, DIM_MEMBER.FIRST_CAMPAIGN, DIM_MEMBER_ACQUISITION.ACQ_MARKETING_CAMPAIGN, DIM_MEMBER_STATUS_HISTORY.FIRST_CAMPAIGN, FACT_AD_PERFORMANCE.CAMPAIGN_SK, FACT_BIGQUERY_BEHAVIOR.CAMPAIGN_SK, FACT_BIGQUERY_BEHAVIOR.UTM_CAMPAIGN, FACT_BUDGET.CAMPAIGN_SK, FACT_BUDGET_YEARLY.CAMPAIGN_SK, FACT_EVENT_ATTENDANCE.CAMPAIGN_SK, FACT_MEMBER_EVENT.CAMPAIGN_SK, FACT_MEMBER_EVENT.CAMPAIGN_STOP_CNT, FACT_MEMBER_MONTHLY.CAMPAIGN_SK, FACT_MEMBER_MONTHLY.CAMPAIGN_UNPAID_CNT, FACT_MEMBER_SPONSORSHIP_SPAN.CAMPAIGN_SK, FACT_MEMBER_SPONSORSHIP_SPAN.IS_MULTI_CAMPAIGN, FACT_MESSAGE_DISPATCH.CAMPAIGN_SK, FACT_TARGET_PROJECT.CAMPAIGN_SK, WIDE_AD_BROADCAST.CAMPAIGN_NAME, WIDE_AD_BROADCAST_CASE.CAMPAIGN_NAME, WIDE_AD_COMBINED.CAMPAIGN_SK, WIDE_AD_DIGITAL.CAMPAIGN_NAME, WIDE_AD_PERFORMANCE.CAMPAIGN_BK, WIDE_AD_PERFORMANCE.CAMPAIGN_BRAND, WIDE_AD_PERFORMANCE.CAMPAIGN_NAME, WIDE_AD_PERFORMANCE.CAMPAIGN_PARENT, WIDE_AD_PERFORMANCE.CAMPAIGN_PROMO_METHOD, WIDE_AD_PERFORMANCE.CAMPAIGN_TYPE, WIDE_BIGQUERY_BEHAVIOR.CAMPAIGN_BK, WIDE_BIGQUERY_BEHAVIOR.CAMPAIGN_BRAND, WIDE_BIGQUERY_BEHAVIOR.CAMPAIGN_NAME, WIDE_BUDGET.CAMPAIGN_BK, WIDE_BUDGET.CAMPAIGN_BRAND, WIDE_BUDGET.CAMPAIGN_NAME, WIDE_EVENT_PARTICIPATION.CAMPAIGN_BK, WIDE_EVENT_PARTICIPATION.CAMPAIGN_BRAND, WIDE_EVENT_PARTICIPATION.CAMPAIGN_NAME, WIDE_MEMBER_EVENT.CAMPAIGN_BIZ_CASE_TYPE, WIDE_MEMBER_EVENT.CAMPAIGN_BK, WIDE_MEMBER_EVENT.CAMPAIGN_BRAND, WIDE_MEMBER_EVENT.CAMPAIGN_CATEGORY, WIDE_MEMBER_EVENT.CAMPAIGN_CMMN_BRND, WIDE_MEMBER_EVENT.CAMPAIGN_CPR_DIV_CD, WIDE_MEMBER_EVENT.CAMPAIGN_CPR_DIV_NM, WIDE_MEMBER_EVENT.CAMPAIGN_DOMESTIC_OVERSEAS, WIDE_MEMBER_EVENT.CAMPAIGN_INFLOW_PATH, WIDE_MEMBER_EVENT.CAMPAIGN_MARKETING_CAMPAIGN, WIDE_MEMBER_EVENT.CAMPAIGN_MKTG_UTM, WIDE_MEMBER_EVENT.CAMPAIGN_NAME, WIDE_MEMBER_EVENT.CAMPAIGN_PARENT, WIDE_MEMBER_EVENT.CAMPAIGN_PROMO_METHOD, WIDE_MEMBER_EVENT.CAMPAIGN_SPNSR_DIV_CD, WIDE_MEMBER_EVENT.CAMPAIGN_SPNSR_DIV_NM, WIDE_MEMBER_FEE.ACQ_MARKETING_CAMPAIGN, WIDE_MEMBER_MONTHLY.CAMPAIGN_BK, WIDE_MEMBER_MONTHLY.CAMPAIGN_BRAND, WIDE_MEMBER_MONTHLY.CAMPAIGN_NAME, WIDE_MEMBER_MONTHLY.CAMPAIGN_PARENT, WIDE_MEMBER_MONTHLY.CAMPAIGN_PROMO_METHOD, WIDE_MEMBER_MONTHLY.CAMPAIGN_TYPE, WIDE_MEMBER_MONTHLY.CAMPAIGN_UNPAID_CNT, WIDE_MEMBER_MONTHLY.MEMBER_FIRST_CAMPAIGN, WIDE_MEMBER_SERVICE_COHORT.ACQ_MARKETING_CAMPAIGN, WIDE_MEMBER_SERVICE_COHORT.CAMPAIGN_EVENT_PART_ROWS, WIDE_SERVICE_EVENT.CAMPAIGN_BK, WIDE_SERVICE_EVENT.CAMPAIGN_BRAND, WIDE_SERVICE_EVENT.CAMPAIGN_NAME, WIDE_SERVICE_EVENT.CAMPAIGN_PARENT, WIDE_SERVICE_EVENT.CAMPAIGN_PROMO_METHOD, WIDE_TARGET_BIZ.CAMPAIGN_BK, WIDE_TARGET_BIZ.CAMPAIGN_BRAND, WIDE_TARGET_BIZ.CAMPAIGN_NAME",G_GOLD기존(lineage 미기록 · SV계층 판정)
SILVER,AGENCY_AD_PERFORMANCE,UPPER_CAMPAIGN_NM,15,271357,G.광고,W_배선,,L_GOLD적재필요(dbt)
SILVER,AGENCY_AD_PERFORMANCE,MEDIA_CHANNEL_NM,92,271357,G.광고,W_배선,,L_GOLD적재필요(dbt)
SILVER,AGENCY_AD_PERFORMANCE,DEVICE_NM,4,271357,G.광고,W_배선,"DIM_DEVICE.DEVICE_SCOPE_DESC, DIM_DEVICE.DEVICE_SK, DIM_DEVICE.DEVICE_TYPE, FACT_AD_PERFORMANCE.DEVICE_SK, FACT_BIGQUERY_BEHAVIOR.DEVICE_SK, WIDE_AD_COMBINED.DEVICE_SK, WIDE_AD_DIGITAL.DEVICE_TYPE, WIDE_AD_PERFORMANCE.DEVICE_SCOPE_DESC, WIDE_AD_PERFORMANCE.DEVICE_TYPE, WIDE_BIGQUERY_BEHAVIOR.DEVICE_TYPE",G_GOLD기존(lineage 미기록 · SV계층 판정)
SILVER,AGENCY_AD_PERFORMANCE,COST_TYPE,3,271357,G.광고,W_배선,,L_GOLD적재필요(dbt)
SILVER,CRM_MEMBER_SPONSOR_SPAN,SPNSR_BSNS_ID,29,2219549,C.회원,X_불필요,,X_불필요
SILVER,CRM_MEMBER_SPONSOR_SPAN,SPNSR_DSCNTC_YN,2,2219549,C.회원,W_배선,"D_SPNSR_BSNS_V.SPNSR_DSCNTC_RSN_CD, D_SPNSR_BSNS_V.SPNSR_DSCNTC_YN",G_GOLD기존(lineage 미기록 · SV계층 판정)
SILVER,CRM_PAYMENT_BILLING,GFT_DIV_CD,7,50835087,D.회비/결제,W_배선,FACT_RELATION_ACTIVITY.GFT_DIV_CD,G_GOLD기존(lineage 미기록 · SV계층 판정)
SILVER,CRM_PAYMENT_BILLING,RQEST_RST_CD,100,50835087,D.회비/결제,W_배선,,L_GOLD적재필요(dbt)
SILVER,CRM_PAYMENT_BILLING,PRCS_RST_CD,7,50835087,D.회비/결제,W_배선,,L_GOLD적재필요(dbt)
SILVER,CRM_PAYMENT_BILLING,CPR_DIV_CD,3,50835087,D.회비/결제,W_배선,"DIM_CAMPAIGN.CPR_DIV_CD, DIM_CAMPAIGN.CPR_DIV_NM, DIM_EVENT.CPR_DIV_CD, DIM_MSG_TEMPLATE.CPR_DIV_CD, DIM_PAYMENT_ACCOUNT.CPR_DIV_CD, DIM_SPONSORSHIP.CPR_DIV_CD, DIM_SPONSORSHIP.CPR_DIV_NM, D_CMPGN_CD.CPR_DIV_CD, D_CPR_DIV_CD.CPR_DIV_CD, D_CPR_DIV_CD.CPR_DIV_NM, D_SPNSR_BSNS_INFO.CPR_DIV_CD, FACT_MEMBER_EVENT.CPR_DIV_CD_AT_EVENT, FACT_MEMBER_EVENT.CPR_DIV_NM_AT_EVENT, FACT_PAYMENT_METHOD_CHANGE.CPR_DIV_CD, FACT_TARGET_PROJECT.CPR_DIV_NM, F_MM_SPNSR_DVLP.CPR_DIV_CD, F_MM_SPNSR_DVLP_SUM.CPR_DIV_CD, MSTR_SPNSR_DVLP_V.CPR_DIV_CD, MSTR_SPNSR_DVLP_V.CPR_DIV_NM, WIDE_TARGET_BIZ.CPR_DIV_NM",G_GOLD기존(lineage 미기록 · SV계층 판정)
SILVER,CRM_PAYMENT_BILLING,MBER_DIV_CD,3,50835087,D.회비/결제,W_배선,"DIM_MEMBER.MBER_DIV_CD, DIM_MEMBER_STATUS_HISTORY.MBER_DIV_CD, F_MM_SPNSR_DVLP.MBER_DIV_CD, F_MM_SPNSR_DVLP_SUM.MBER_DIV_CD, MSTR_SPNSR_DVLP_V.MBER_DIV_CD, MSTR_SPNSR_DVLP_V.MBER_DIV_NM, WIDE_EVENT_PARTICIPATION.MBER_DIV_CD, WIDE_MEMBER_EVENT.MBER_DIV_CD, WIDE_MEMBER_FEE.MBER_DIV_CD, WIDE_MEMBER_MONTHLY.MBER_DIV_CD, WIDE_SERVICE_EVENT.MBER_DIV_CD",G_GOLD기존(lineage 미기록 · SV계층 판정)
SILVER,CRM_PAYMENT_BILLING,OPERT_DIV_CD,6,50835087,D.회비/결제,W_배선,FACT_PAYMENT_METHOD_CHANGE.OPERT_DIV_CD,G_GOLD기존(lineage 미기록 · SV계층 판정)
SILVER,CRM_PAYMENT_BILLING,MBRFEE_PRCS_STAT_CD,3,50835087,D.회비/결제,W_배선,,L_GOLD적재필요(dbt)
SILVER,CRM_PAYMENT_BILLING,RETUN_RSN_CD,11,50835087,D.회비/결제,W_배선,,L_GOLD적재필요(dbt)
SILVER,CRM_PAYMENT_BILLING,RQEST_DIV_CD,4,50835087,D.회비/결제,W_배선,,L_GOLD적재필요(dbt)
SILVER,CRM_PAYMENT_BILLING,RQEST_MT,218,50835087,D.회비/결제,X_불필요,,X_불필요
SILVER,CRM_PAYMENT_BILLING,TOGETH_WTDRW_YN,2,50835087,D.회비/결제,W_배선,,L_GOLD적재필요(dbt)
SILVER,CRM_PAYMENT_BILLING,SETLE_ENTRPS_CD,168,50835087,D.회비/결제,W_배선,FACT_PAYMENT_METHOD_CHANGE.SETLE_ENTRPS_CD,G_GOLD기존(lineage 미기록 · SV계층 판정)
SILVER,CRM_PAYMENT_BILLING,ACMSLT_DEPT_CD,32,50835087,D.회비/결제,W_배선,"DIM_ORG.ACMSLT_DEPT_YN, D_CM_DEPT_INFO.ACMSLT_DEPT_YN, D_DEPT2_CD.ACMSLT_DEPT_YN, D_DEPT3_CD.ACMSLT_DEPT_YN, D_DEPT4_CD.ACMSLT_DEPT_YN, D_DEPT_CD.ACMSLT_DEPT_YN, D_SPNSR_BSNS_V.ACMSLT_DEPT_CD, F_MM_SPNSR_DVLP.ACMSLT_DEPT2_CD, F_MM_SPNSR_DVLP.ACMSLT_DEPT3_CD, F_MM_SPNSR_DVLP.ACMSLT_DEPT4_CD, F_MM_SPNSR_DVLP.ACMSLT_DEPT_CD, F_MM_SPNSR_DVLP_SUM.ACMSLT_DEPT2_CD, F_MM_SPNSR_DVLP_SUM.ACMSLT_DEPT3_CD, F_MM_SPNSR_DVLP_SUM.ACMSLT_DEPT4_CD, F_MM_SPNSR_DVLP_SUM.ACMSLT_DEPT_CD",G_GOLD기존(lineage 미기록 · SV계층 판정)
