SRC_SCHEMA,SRC_TABLE,SRC_COLUMN,JUDGE,DOMAIN,HITS,HIT_COLS
SILVER,CRM_MEMBER,MBER_STAT_NM,W_배선,C.회원,7,"DIM_MEMBER.MBER_STAT_CD, DIM_MEMBER_STATUS_HISTORY.MBER_STAT_CD, WIDE_EVENT_PARTICIPATION.MBER_STAT_CD, WIDE_MEMBER_EVENT.MBER_STAT_CD, WIDE_MEMBER_FEE.MBER_STAT_CD, WIDE_MEMBER_MONTHLY.MBER_STAT_CD, WIDE_SERVICE_EVENT.MBER_STAT_CD"
SILVER,CRM_SEND_RESULT,SEND_CHANNEL,W_배선,E.발송,2,"DIM_MSG_TEMPLATE.SEND_CHANNEL, DIM_SEND_REQUEST.SEND_CHANNEL"
SILVER,CRM_PAYMENT_BILLING,ACMSLT_DEPT_CD,W_배선,D.회비/결제,15,"DIM_ORG.ACMSLT_DEPT_YN, D_CM_DEPT_INFO.ACMSLT_DEPT_YN, D_DEPT2_CD.ACMSLT_DEPT_YN, D_DEPT3_CD.ACMSLT_DEPT_YN, D_DEPT4_CD.ACMSLT_DEPT_YN, D_DEPT_CD.ACMSLT_DEPT_YN, D_SPNSR_BSNS_V.ACMSLT_DEPT_CD, F_MM_SPNSR_DVLP.ACMSLT_DEPT2_CD, F_MM_SPNSR_DVLP.ACMSLT_DEPT3_CD, F_MM_SPNSR_DVLP.ACMSLT_DEPT4_CD, F_MM_SPNSR_DVLP.ACMSLT_DEPT_CD, F_MM_SPNSR_DVLP_SUM.ACMSLT_DEPT2_CD, F_MM_SPNSR_DVLP_SUM.ACMSLT_DEPT3_CD, F_MM_SPNSR_DVLP_SUM.ACMSLT_DEPT4_CD, F_MM_SPNSR_DVLP_SUM.ACMSLT_DEPT_CD"
SILVER,AGENCY_AD_ROW_VIDEO,CMPGN_NM,W_배선,G.광고,2,"D_CMPGN_CD.CMPGN_NM, MSTR_SPNSR_DVLP_V.CMPGN_NM"
SILVER,AGENCY_AD_ROW_DGT,CMPGN_TYPE1_BSN_NM,W_배선,G.광고,3,"FACT_MEMBER_COHORT.ACQ_CMPGN_TYPE1_BSN, FACT_MEMBER_EVENT.CMPGN_TYPE1_BSN_AT_EVENT, FACT_MEMBER_SPONSORSHIP_SPAN.ACQ_CMPGN_TYPE1_BSN"
BRONZE_CRM,TM_PM_MBRFEE_ACMSLT,FNLT_CD,P_정제선행,D.회비/결제,1,FACT_PAYMENT_METHOD_CHANGE.FNLT_CD
BRONZE_CRM,TM_PM_DNTN_DTLS,FNLT_CD,P_정제선행,D.회비/결제,1,FACT_PAYMENT_METHOD_CHANGE.FNLT_CD
SILVER,CRM_PAYMENT_METHOD,SETLE_ENTRPS_CD,W_배선,D.회비/결제,1,FACT_PAYMENT_METHOD_CHANGE.SETLE_ENTRPS_CD
SILVER,CRM_PAYMENT_METHOD,SETLE_STAT_CD,W_배선,D.회비/결제,1,FACT_PAYMENT_METHOD_CHANGE.SETLE_STAT_CD
BRONZE_GSC,SEARCH_CONSOLE_DATA,COUNTRY,P_정제선행,F.GA4/검색,0,
SILVER,BIGQUERY_REFINED_DATA,STSLC_CRC_PRIMARY_CHANNEL_GROUP,W_배선,F.GA4/검색,0,
SILVER,BIGQUERY_REFINED_DATA,UP_DONATION_TYPE,W_배선,F.GA4/검색,0,
SILVER,BIGQUERY_REFINED_DATA,EP_PAYMENT_TYPE,W_배선,F.GA4/검색,0,
SILVER,CRM_MEMBER,PSTMTR_RECPTN,W_배선,C.회원,0,
SILVER,AGENCY_AD_ROW_VIDEO,MATR_TY_NM,W_배선,G.광고,0,
SILVER,BIGQUERY_REFINED_DATA,UP_MEMBER_TYPE,W_배선,F.GA4/검색,0,
BRONZE_ERP,EXPENSE_RESOLUTION,RESOLUTION_DEPT_NM,P_정제선행,K.조직/예산/목표,0,
SILVER,BIGQUERY_REFINED_DATA,STSLC_GAC_AD_GROUP_NAME,W_배선,F.GA4/검색,0,
SILVER,CRM_SPONSOR_RELATION,RELATNSP_DSCNTC_RSN_CD,W_배선,J.결연,0,
SILVER,AGENCY_AD_PERFORMANCE,UPPER_CAMPAIGN_NM,W_배선,G.광고,0,
SILVER,BIGQUERY_REFINED_DATA,DEVICE_WEB_INFO_HOSTNAME,W_배선,F.GA4/검색,0,
BRONZE_ERP,EXPENSE_RESOLUTION,SUBDTL_ITEM_NM,P_정제선행,K.조직/예산/목표,0,
SILVER,AGENCY_AD_ROW_DGT,BDGT_SOURCE_NM,W_배선,G.광고,0,
SILVER,BIGQUERY_REFINED_DATA,DEVICE_LANGUAGE,W_배선,F.GA4/검색,0,
SILVER,BIGQUERY_REFINED_DATA,UP_LOGIN_STATUS,W_배선,F.GA4/검색,0,
BRONZE_CRM,TM_MM_FDRM_MBER_INFO,CTI_SYNCHRN_DIV_CD,P_정제선행,C.회원,0,
SILVER,AGENCY_AD_ROW_DGT,CMPGN_TYPE_BSN_NM,W_배선,G.광고,0,
BRONZE_CRM,SND_MEMBER_LIST,NATION_NM,P_정제선행,E.발송,3,"DIM_BIZ_PLACE.NATION_CD, FACT_EVENT_ATTENDANCE.REGULAR_DONATION, WIDE_EVENT_PARTICIPATION.REGULAR_DONATION"
SILVER,CRM_PAYMENT_METHOD,CPR_DIV_CD,W_배선,D.회비/결제,20,"DIM_CAMPAIGN.CPR_DIV_CD, DIM_CAMPAIGN.CPR_DIV_NM, DIM_EVENT.CPR_DIV_CD, DIM_MSG_TEMPLATE.CPR_DIV_CD, DIM_PAYMENT_ACCOUNT.CPR_DIV_CD, DIM_SPONSORSHIP.CPR_DIV_CD, DIM_SPONSORSHIP.CPR_DIV_NM, D_CMPGN_CD.CPR_DIV_CD, D_CPR_DIV_CD.CPR_DIV_CD, D_CPR_DIV_CD.CPR_DIV_NM, D_SPNSR_BSNS_INFO.CPR_DIV_CD, FACT_MEMBER_EVENT.CPR_DIV_CD_AT_EVENT, FACT_MEMBER_EVENT.CPR_DIV_NM_AT_EVENT, FACT_PAYMENT_METHOD_CHANGE.CPR_DIV_CD, FACT_TARGET_PROJECT.CPR_DIV_NM, F_MM_SPNSR_DVLP.CPR_DIV_CD, F_MM_SPNSR_DVLP_SUM.CPR_DIV_CD, MSTR_SPNSR_DVLP_V.CPR_DIV_CD, MSTR_SPNSR_DVLP_V.CPR_DIV_NM, WIDE_TARGET_BIZ.CPR_DIV_NM"
SILVER,CRM_MEMBER_AMT_CHANGE,SEX,W_배선,C.회원,10,"DIM_CHILD.SEX, DIM_MEMBER.SEX, DIM_MEMBER_STATUS_HISTORY.SEX, F_MM_SPNSR_DVLP.SEX, F_MM_SPNSR_DVLP_SUM.SEX, WIDE_EVENT_PARTICIPATION.SEX, WIDE_MEMBER_EVENT.SEX, WIDE_MEMBER_FEE.SEX, WIDE_MEMBER_MONTHLY.SEX, WIDE_SERVICE_EVENT.SEX"
BRONZE_GSC,SEARCH_CONSOLE_DATA2,DEVICE,P_정제선행,F.GA4/검색,10,"DIM_DEVICE.DEVICE_SCOPE_DESC, DIM_DEVICE.DEVICE_SK, DIM_DEVICE.DEVICE_TYPE, FACT_AD_PERFORMANCE.DEVICE_SK, FACT_BIGQUERY_BEHAVIOR.DEVICE_SK, WIDE_AD_COMBINED.DEVICE_SK, WIDE_AD_DIGITAL.DEVICE_TYPE, WIDE_AD_PERFORMANCE.DEVICE_SCOPE_DESC, WIDE_AD_PERFORMANCE.DEVICE_TYPE, WIDE_BIGQUERY_BEHAVIOR.DEVICE_TYPE"
SILVER,CRM_CAMPAIGN,UPPER_CMPGN_YN,W_배선,A.캠페인,8,"D_CMPGN_CD.UPPER_CMPGN_CD, D_CMPGN_CD.UPPER_CMPGN_YN, D_UP_CMPGN_CD.UPPER_CMPGN_CD, D_UP_CMPGN_CD.UPPER_CMPGN_NM, F_MM_SPNSR_DVLP.UPPER_CMPGN_CD, F_MM_SPNSR_DVLP_SUM.UPPER_CMPGN_CD, MSTR_SPNSR_DVLP_V.UPPER_CMPGN_CD, MSTR_SPNSR_DVLP_V.UPPER_CMPGN_NM"
SILVER,CRM_MEMBER_SPONSOR_BIZ,SPNSR_DSCNTC_RSN_CD,W_배선,C.회원,1,D_SPNSR_BSNS_V.SPNSR_DSCNTC_RSN_CD
BRONZE_CRM,TM_PM_SETLE_INFO,ETC_CTTPC_REL_CD,P_정제선행,D.회비/결제,1,FACT_PAYMENT_METHOD_CHANGE.ETC_CTTPC_REL_CD
SILVER,CRM_MEMBER_RESPONSOR,REGIST_DEPT_CD,W_배선,C.회원,1,ML_ONCE_CONVERSION_V.REGIST_DEPT_NAME
SILVER,AGENCY_AD_ROW_DGT,MEDIA_NM,W_배선,G.광고,0,
SILVER,CRM_SEND_REQUEST,PSTMTR_PRCS_STAT_CD,W_배선,E.발송,0,
SILVER,BIGQUERY_REFINED_DATA,DEVICE_MOBILE_BRAND_NAME,W_배선,F.GA4/검색,0,
SILVER,BIGQUERY_REFINED_DATA,DEVICE_WEB_INFO_BROWSER,W_배선,F.GA4/검색,0,
SILVER,ERP_BUDGET_ITEM,FUND_SOURCE_NM,W_배선,K.조직/예산/목표,0,
SILVER,CRM_SEND_REQUEST,MSG_DIV_CD,W_배선,E.발송,0,
SILVER,CRM_MEMBER_STATUS_HIST,CHN_STAT_NM,W_배선,C.회원,0,
BRONZE_CRM,SND_REQ_MST,CORP_TYPE,P_정제선행,E.발송,0,
BRONZE_CRM,SND_MEMBER_LIST,SPNSR_NM,P_정제선행,E.발송,0,
BRONZE_ERP,EXPENSE_RESOLUTION,MOK_NM,P_정제선행,K.조직/예산/목표,0,
SILVER,AGENCY_AD_CREATIVE,AD_SEC_NM,W_배선,G.광고,0,
BRONZE_CRM,SND_MEMBER_LIST,NEW_CHILD_PROJECT_COUNTRY,P_정제선행,E.발송,0,
BRONZE_ERP,EXPENSE_RESOLUTION,DTL_ITEM_NM,P_정제선행,K.조직/예산/목표,0,
BRONZE_CRM,TM_MS_MSG_AT_SNDNG,MSG_AT_RM,P_정제선행,E.발송,0,
SILVER,CRM_MEMBER_AMT_CHANGE,ACMSLT_DEPT_CD,W_배선,C.회원,15,"DIM_ORG.ACMSLT_DEPT_YN, D_CM_DEPT_INFO.ACMSLT_DEPT_YN, D_DEPT2_CD.ACMSLT_DEPT_YN, D_DEPT3_CD.ACMSLT_DEPT_YN, D_DEPT4_CD.ACMSLT_DEPT_YN, D_DEPT_CD.ACMSLT_DEPT_YN, D_SPNSR_BSNS_V.ACMSLT_DEPT_CD, F_MM_SPNSR_DVLP.ACMSLT_DEPT2_CD, F_MM_SPNSR_DVLP.ACMSLT_DEPT3_CD, F_MM_SPNSR_DVLP.ACMSLT_DEPT4_CD, F_MM_SPNSR_DVLP.ACMSLT_DEPT_CD, F_MM_SPNSR_DVLP_SUM.ACMSLT_DEPT2_CD, F_MM_SPNSR_DVLP_SUM.ACMSLT_DEPT3_CD, F_MM_SPNSR_DVLP_SUM.ACMSLT_DEPT4_CD, F_MM_SPNSR_DVLP_SUM.ACMSLT_DEPT_CD"
SILVER,CRM_PAYMENT_BILLING,GFT_DIV_CD,W_배선,D.회비/결제,1,FACT_RELATION_ACTIVITY.GFT_DIV_CD
BRONZE_CRM,TM_CM_SCHDUL_MNG,SCHDUL_DIV_CD,P_정제선행,K.조직/예산/목표,0,
SILVER,CRM_MEMBER,RELATNSP_DIV_CD,W_배선,C.회원,0,
BRONZE_ERP,EXPENSE_RESOLUTION,FUND_SOURCE_NM,P_정제선행,K.조직/예산/목표,0,
BRONZE_CRM,TM_MM_ONCE_MBER_INFO,CTI_SYNCHRN_DIV_CD,P_정제선행,C.회원,0,
SILVER,AGENCY_AD_ROW_VIDEO,DMST_OVSEA_DIV_NM,W_배선,G.광고,0,
SILVER,CRM_MEMBER_AMT_CHANGE,SETLE_CD,W_배선,C.회원,7,"FACT_MEMBER_FEE.SETLE_CD, FACT_PAYMENT_METHOD_CHANGE.SETLE_CD, FACT_RELATION_ACTIVITY.SETLE_CD, F_MM_SPNSR_DVLP.SETLE_CD, F_MM_SPNSR_DVLP_SUM.SETLE_CD, MSTR_SPNSR_DVLP_V.SETLE_CD, WIDE_MEMBER_FEE.SETLE_CD"
SILVER,CRM_PAYMENT_BILLING,SETLE_ENTRPS_CD,W_배선,D.회비/결제,1,FACT_PAYMENT_METHOD_CHANGE.SETLE_ENTRPS_CD
SILVER,CRM_PAYMENT_BILLING,RETUN_RSN_CD,W_배선,D.회비/결제,0,
SILVER,BIGQUERY_REFINED_DATA,STSLC_GAC_CAMPAIGN_NAME,W_배선,F.GA4/검색,0,
BRONZE_CRM,TM_RM_RELATNSP_GFTMNEY_INFO,SETLE_BANK_CD,P_정제선행,J.결연,0,
BRONZE_ERP,EXPENSE_RESOLUTION,BDGT_ITEM_NM,P_정제선행,K.조직/예산/목표,0,
BRONZE_CRM,TM_MS_CRMN,PART_USE_YN,P_정제선행,I.행사,0,
BRONZE_GA4,GA4_USER_DEMOGRAPHIC,DEVICE_CATEGORY,P_정제선행,F.GA4/검색,0,
SILVER,ERP_BUDGET_ITEM,HANG_NM,W_배선,K.조직/예산/목표,0,
BRONZE_CRM,SND_MEMBER_LIST,CPR_DIV_CD,P_정제선행,E.발송,20,"DIM_CAMPAIGN.CPR_DIV_CD, DIM_CAMPAIGN.CPR_DIV_NM, DIM_EVENT.CPR_DIV_CD, DIM_MSG_TEMPLATE.CPR_DIV_CD, DIM_PAYMENT_ACCOUNT.CPR_DIV_CD, DIM_SPONSORSHIP.CPR_DIV_CD, DIM_SPONSORSHIP.CPR_DIV_NM, D_CMPGN_CD.CPR_DIV_CD, D_CPR_DIV_CD.CPR_DIV_CD, D_CPR_DIV_CD.CPR_DIV_NM, D_SPNSR_BSNS_INFO.CPR_DIV_CD, FACT_MEMBER_EVENT.CPR_DIV_CD_AT_EVENT, FACT_MEMBER_EVENT.CPR_DIV_NM_AT_EVENT, FACT_PAYMENT_METHOD_CHANGE.CPR_DIV_CD, FACT_TARGET_PROJECT.CPR_DIV_NM, F_MM_SPNSR_DVLP.CPR_DIV_CD, F_MM_SPNSR_DVLP_SUM.CPR_DIV_CD, MSTR_SPNSR_DVLP_V.CPR_DIV_CD, MSTR_SPNSR_DVLP_V.CPR_DIV_NM, WIDE_TARGET_BIZ.CPR_DIV_NM"
SILVER,AGENCY_AD_PERFORMANCE,DEVICE_NM,W_배선,G.광고,10,"DIM_DEVICE.DEVICE_SCOPE_DESC, DIM_DEVICE.DEVICE_SK, DIM_DEVICE.DEVICE_TYPE, FACT_AD_PERFORMANCE.DEVICE_SK, FACT_BIGQUERY_BEHAVIOR.DEVICE_SK, WIDE_AD_COMBINED.DEVICE_SK, WIDE_AD_DIGITAL.DEVICE_TYPE, WIDE_AD_PERFORMANCE.DEVICE_SCOPE_DESC, WIDE_AD_PERFORMANCE.DEVICE_TYPE, WIDE_BIGQUERY_BEHAVIOR.DEVICE_TYPE"
SILVER,CRM_MEMBER_DEV,SPNSR_AMT_CD,W_배선,C.회원,20,"DIM_MEMBER_ACQUISITION.ACQ_SPNSR_AMT, D_SPNSR_BSNS_V.SPNSR_AMT, FACT_MEMBER_COHORT.ACQ_SPNSR_AMT, FACT_MEMBER_EVENT.SPNSR_AMT, FACT_MEMBER_SPONSORSHIP_SPAN.SPNSR_AMT, FACT_RELATION_DEV.SPNSR_AMT, F_MM_SPNSR_DVLP.SPNSR_AMT, F_MM_SPNSR_DVLP.SPNSR_AMT2_CD, F_MM_SPNSR_DVLP.SPNSR_AMT_CD, F_MM_SPNSR_DVLP_SUM.SPNSR_AMT, F_MM_SPNSR_DVLP_SUM.SPNSR_AMT2_CD, F_MM_SPNSR_DVLP_SUM.SPNSR_AMT_CD, MSTR_SPNSR_DVLP_V.SPNSR_AMT, MSTR_SPNSR_DVLP_V.SPNSR_AMT2_CD, MSTR_SPNSR_DVLP_V.SPNSR_AMT2_NM, MSTR_SPNSR_DVLP_V.SPNSR_AMT_CD, MSTR_SPNSR_DVLP_V.SPNSR_AMT_CNT, MSTR_SPNSR_DVLP_V.SPNSR_AMT_NM, WIDE_MEMBER_EVENT.SPNSR_AMT, WIDE_MEMBER_SERVICE_COHORT.ACQ_SPNSR_AMT"
SILVER,CRM_MEMBER_AMT_CHANGE,AREA_CD,W_배선,C.회원,4,"DIM_MEMBER_STATUS_HISTORY.AREA_CD, F_MM_SPNSR_DVLP.AREA_CD, F_MM_SPNSR_DVLP_SUM.AREA_CD, MSTR_SPNSR_DVLP_V.AREA_CD"
SILVER,AGENCY_AD_ROW_DGT,CMPGN_NM,W_배선,G.광고,2,"D_CMPGN_CD.CMPGN_NM, MSTR_SPNSR_DVLP_V.CMPGN_NM"
SILVER,AGENCY_AD_ROW_DGT,CMPGN_TYPE2_BSN_NM,W_배선,G.광고,3,"FACT_MEMBER_COHORT.ACQ_CMPGN_TYPE2_BSN, FACT_MEMBER_EVENT.CMPGN_TYPE2_BSN_AT_EVENT, FACT_MEMBER_SPONSORSHIP_SPAN.ACQ_CMPGN_TYPE2_BSN"
BRONZE_CRM,TM_PM_SETLE_INFO,APPLCNT_ETC_CTTPC_REL_CD,P_정제선행,D.회비/결제,1,FACT_PAYMENT_METHOD_CHANGE.APPLCNT_ETC_CTTPC_REL_CD
SILVER,CRM_PAYMENT_METHOD,FNLT_DIV_CD,W_배선,D.회비/결제,1,FACT_PAYMENT_METHOD_CHANGE.FNLT_DIV_CD
BRONZE_CRM,SND_MEMBER_LIST,LETTER_DIV_CD,P_정제선행,E.발송,1,FACT_RELATION_ACTIVITY.LETTER_DIV_CD
SILVER,CRM_MEMBER,ACT_DEPT_CD,W_배선,C.회원,2,"F_MM_SPNSR_DVLP.ACT_DEPT_CD, F_MM_SPNSR_DVLP_SUM.ACT_DEPT_CD"
SILVER,CRM_MEMBER_AMT_CHANGE,RDCAMT_YN,W_배선,C.회원,4,"F_MM_SPNSR_DVLP.RDCAMT_YN, F_MM_SPNSR_DVLP_SUM.RDCAMT_YN, WIDE_MBRFEE_PRDT_ACTL.RDCAMT_CNT, WIDE_MBRFEE_PRDT_ACTL.RDCAMT_RT"
BRONZE_GA4,GA4_USER_DEMOGRAPHIC,USER_GENDER,P_정제선행,F.GA4/검색,0,
SILVER,CRM_PAYMENT_BILLING,MBRFEE_PRCS_STAT_CD,W_배선,D.회비/결제,0,
SILVER,CRM_MEMBER,ETC_TSTM_DIV_CD,W_배선,C.회원,0,
SILVER,BIGQUERY_REFINED_DATA,UP_BIZ_TYPE,W_배선,F.GA4/검색,0,
SILVER,CRM_PAYMENT_BILLING,RQEST_DIV_CD,W_배선,D.회비/결제,0,
SILVER,CRM_MEMBER,MOBLPHON_STAT_CD,W_배선,C.회원,0,
BRONZE_CRM,SND_MEMBER_LIST,RELATNSP_DSCNTC_YN,P_정제선행,E.발송,0,
SILVER,CRM_MEMBER_SPONSOR_BIZ,SPNSR_DSCNTC_YN,W_배선,C.회원,2,"D_SPNSR_BSNS_V.SPNSR_DSCNTC_RSN_CD, D_SPNSR_BSNS_V.SPNSR_DSCNTC_YN"
SILVER,AGENCY_AD_PERFORMANCE,COST_TYPE,W_배선,G.광고,0,
SILVER,CRM_MEMBER,ETC_CTTPC_STAT_CD,W_배선,C.회원,0,
SILVER,BIGQUERY_REFINED_DATA,GEO_SUB_CONTINENT,W_배선,F.GA4/검색,0,
BRONZE_ERP,EXPENSE_RESOLUTION,BDGT_UNIT_NM,P_정제선행,K.조직/예산/목표,1,DIM_BUDGET_ITEM.BDGT_UNIT_NM
SILVER,CRM_MEMBER,CPR_DIV_CD,W_배선,C.회원,20,"DIM_CAMPAIGN.CPR_DIV_CD, DIM_CAMPAIGN.CPR_DIV_NM, DIM_EVENT.CPR_DIV_CD, DIM_MSG_TEMPLATE.CPR_DIV_CD, DIM_PAYMENT_ACCOUNT.CPR_DIV_CD, DIM_SPONSORSHIP.CPR_DIV_CD, DIM_SPONSORSHIP.CPR_DIV_NM, D_CMPGN_CD.CPR_DIV_CD, D_CPR_DIV_CD.CPR_DIV_CD, D_CPR_DIV_CD.CPR_DIV_NM, D_SPNSR_BSNS_INFO.CPR_DIV_CD, FACT_MEMBER_EVENT.CPR_DIV_CD_AT_EVENT, FACT_MEMBER_EVENT.CPR_DIV_NM_AT_EVENT, FACT_PAYMENT_METHOD_CHANGE.CPR_DIV_CD, FACT_TARGET_PROJECT.CPR_DIV_NM, F_MM_SPNSR_DVLP.CPR_DIV_CD, F_MM_SPNSR_DVLP_SUM.CPR_DIV_CD, MSTR_SPNSR_DVLP_V.CPR_DIV_CD, MSTR_SPNSR_DVLP_V.CPR_DIV_NM, WIDE_TARGET_BIZ.CPR_DIV_NM"
SILVER,AGENCY_AD_ROW_VIDEO,DEVICE_NM,W_배선,G.광고,10,"DIM_DEVICE.DEVICE_SCOPE_DESC, DIM_DEVICE.DEVICE_SK, DIM_DEVICE.DEVICE_TYPE, FACT_AD_PERFORMANCE.DEVICE_SK, FACT_BIGQUERY_BEHAVIOR.DEVICE_SK, WIDE_AD_COMBINED.DEVICE_SK, WIDE_AD_DIGITAL.DEVICE_TYPE, WIDE_AD_PERFORMANCE.DEVICE_SCOPE_DESC, WIDE_AD_PERFORMANCE.DEVICE_TYPE, WIDE_BIGQUERY_BEHAVIOR.DEVICE_TYPE"
BRONZE_CRM,SND_MEMBER_LIST,GENDER,P_정제선행,E.발송,7,"DIM_MEMBER.GENDER_NAME, DIM_MEMBER_ACQUISITION.ACQ_GENDER, DIM_MEMBER_STATUS_HISTORY.GENDER_NAME, FACT_MEMBER_COHORT.ACQ_GENDER, FACT_MEMBER_EVENT.GENDER_AT_EVENT, WIDE_MEMBER_FEE.GENDER_NAME, WIDE_MEMBER_SERVICE_COHORT.ACQ_GENDER"
SILVER,CRM_MEMBER_AMT_CHANGE,MBER_DIV_CD,W_배선,C.회원,11,"DIM_MEMBER.MBER_DIV_CD, DIM_MEMBER_STATUS_HISTORY.MBER_DIV_CD, F_MM_SPNSR_DVLP.MBER_DIV_CD, F_MM_SPNSR_DVLP_SUM.MBER_DIV_CD, MSTR_SPNSR_DVLP_V.MBER_DIV_CD, MSTR_SPNSR_DVLP_V.MBER_DIV_NM, WIDE_EVENT_PARTICIPATION.MBER_DIV_CD, WIDE_MEMBER_EVENT.MBER_DIV_CD, WIDE_MEMBER_FEE.MBER_DIV_CD, WIDE_MEMBER_MONTHLY.MBER_DIV_CD, WIDE_SERVICE_EVENT.MBER_DIV_CD"
SILVER,AGENCY_AD_ROW_VIDEO,CMPGN_TY_NM,W_배선,G.광고,6,"FACT_MEMBER_EVENT.CMPGN_TYPE1_BSN_AT_EVENT, FACT_MEMBER_EVENT.CMPGN_TYPE1_NM_AT_EVENT, FACT_MEMBER_EVENT.CMPGN_TYPE2_BSN_AT_EVENT, FACT_MEMBER_EVENT.CMPGN_TYPE2_NM_AT_EVENT, MSTR_SPNSR_DVLP_V.CMPGN_TYPE1_NM, MSTR_SPNSR_DVLP_V.CMPGN_TYPE2_NM"
SILVER,CRM_PAYMENT_METHOD,APRV_YN,W_배선,D.회비/결제,1,FACT_PAYMENT_METHOD_CHANGE.APRV_YN
SILVER,CRM_PAYMENT_METHOD,CARD_DIV_CD,W_배선,D.회비/결제,1,FACT_PAYMENT_METHOD_CHANGE.CARD_DIV_CD
SILVER,CRM_PAYMENT_BILLING,OPERT_DIV_CD,W_배선,D.회비/결제,1,FACT_PAYMENT_METHOD_CHANGE.OPERT_DIV_CD
SILVER,CRM_PAYMENT_METHOD,OPERT_DIV_CD,W_배선,D.회비/결제,1,FACT_PAYMENT_METHOD_CHANGE.OPERT_DIV_CD
SILVER,CRM_MEMBER_DEV,CANCL_RDCAMT_RSN_CD,W_배선,C.회원,4,"F_MM_SPNSR_DVLP.CANCL_RDCAMT_RSN_CD, F_MM_SPNSR_DVLP_SUM.CANCL_RDCAMT_RSN_CD, MSTR_SPNSR_DVLP_V.CANCL_RDCAMT_RSN_CD, MSTR_SPNSR_DVLP_V.CANCL_RDCAMT_RSN_NM"
SILVER,CRM_MEMBER_DISCONTINUE,REGIST_DEPT_CD,W_배선,C.회원,1,ML_ONCE_CONVERSION_V.REGIST_DEPT_NAME
SILVER,BIGQUERY_REFINED_DATA,CTS_MANUAL_MEDIUM,W_배선,F.GA4/검색,0,
BRONZE_CRM,TM_MM_FDRM_MBER_INFO,SPECL_MNG_CD2,P_정제선행,C.회원,0,
SILVER,CRM_MEMBER,EMAIL_RECPTN,W_배선,C.회원,0,
SILVER,AGENCY_AD_ROW_VIDEO,CM,W_배선,G.광고,0,
SILVER,AGENCY_AD_ROW_DGT,UTM_CMPGN_NM,W_배선,G.광고,0,
SILVER,CRM_PAYMENT_METHOD,PAYER_MBER_REL_CD,W_배선,D.회비/결제,1,FACT_PAYMENT_METHOD_CHANGE.PAYER_MBER_REL_CD
SILVER,ERP_BUDGET_ITEM,JANG_NM,W_배선,K.조직/예산/목표,0,
SILVER,CRM_PAYMENT_BILLING,TOGETH_WTDRW_YN,W_배선,D.회비/결제,0,
SILVER,AGENCY_AD_PERFORMANCE,MEDIA_CHANNEL_NM,W_배선,G.광고,0,
SILVER,ERP_BUDGET,BDGT_UNIT_NM,W_배선,K.조직/예산/목표,1,DIM_BUDGET_ITEM.BDGT_UNIT_NM
SILVER,CRM_PAYMENT_BILLING,MBER_DIV_CD,W_배선,D.회비/결제,11,"DIM_MEMBER.MBER_DIV_CD, DIM_MEMBER_STATUS_HISTORY.MBER_DIV_CD, F_MM_SPNSR_DVLP.MBER_DIV_CD, F_MM_SPNSR_DVLP_SUM.MBER_DIV_CD, MSTR_SPNSR_DVLP_V.MBER_DIV_CD, MSTR_SPNSR_DVLP_V.MBER_DIV_NM, WIDE_EVENT_PARTICIPATION.MBER_DIV_CD, WIDE_MEMBER_EVENT.MBER_DIV_CD, WIDE_MEMBER_FEE.MBER_DIV_CD, WIDE_MEMBER_MONTHLY.MBER_DIV_CD, WIDE_SERVICE_EVENT.MBER_DIV_CD"
SILVER,CRM_MEMBER_DEV,SETLE_CD,W_배선,C.회원,7,"FACT_MEMBER_FEE.SETLE_CD, FACT_PAYMENT_METHOD_CHANGE.SETLE_CD, FACT_RELATION_ACTIVITY.SETLE_CD, F_MM_SPNSR_DVLP.SETLE_CD, F_MM_SPNSR_DVLP_SUM.SETLE_CD, MSTR_SPNSR_DVLP_V.SETLE_CD, WIDE_MEMBER_FEE.SETLE_CD"
SILVER,CRM_PAYMENT_METHOD,FNLT_CD,W_배선,D.회비/결제,1,FACT_PAYMENT_METHOD_CHANGE.FNLT_CD
SILVER,CRM_PAYMENT_METHOD,RCEPT_DIV_CD,W_배선,D.회비/결제,1,FACT_PAYMENT_METHOD_CHANGE.RCEPT_DIV_CD
SILVER,CRM_PAYMENT_METHOD,RQEST_EXCL_YN,W_배선,D.회비/결제,1,FACT_PAYMENT_METHOD_CHANGE.RQEST_EXCL_YN
SILVER,CRM_MEMBER_STATUS_HIST,BF_STAT_NM,W_배선,C.회원,1,FACT_RELATION_DEV.BF_STAT_CD
BRONZE_CRM,TM_CM_MBER_DVLP_GOAL_DIV,GOAL_TYPE_NM,P_정제선행,K.조직/예산/목표,2,"FACT_TARGET_PROJECT.GOAL_TYPE_NM, WIDE_TARGET_BIZ.GOAL_TYPE_NM"
BRONZE_CRM,TM_CM_MBER_DVLP_GOAL_DIV,NEW_OLD_DIV_NM,P_정제선행,K.조직/예산/목표,5,"FACT_TARGET_PROJECT.NEW_OLD_DIV_NM, F_MM_SPNSR_DVLP_SUM.NEW_OLD_DIV_CD, MSTR_SPNSR_DVLP_V.NEW_OLD_DIV_CD, MSTR_SPNSR_DVLP_V.NEW_OLD_DIV_NM, WIDE_TARGET_BIZ.NEW_OLD_DIV_NM"
SILVER,CRM_MEMBER,REGIST_DEPT_CD,W_배선,C.회원,1,ML_ONCE_CONVERSION_V.REGIST_DEPT_NAME
SILVER,CRM_MEMBER_AMT_CHANGE,AREA_NM,W_배선,C.회원,1,MSTR_SPNSR_DVLP_V.AREA_NM
BRONZE_CRM,SND_MEMBER_LIST,DSCNTC_PATH,P_정제선행,E.발송,0,
BRONZE_CRM,SND_MEMBER_LIST,SPNSR_TYPE,P_정제선행,E.발송,0,
BRONZE_CRM,SND_REQ_MST,PERIODIC,P_정제선행,E.발송,0,
SILVER,CRM_MEMBER,SLRCLD_LRR_CD,W_배선,C.회원,0,
BRONZE_ERP,BDGT_ACMSLT_LEDGER,BDGT_ITEM_NM,P_정제선행,K.조직/예산/목표,0,
SILVER,BIGQUERY_REFINED_DATA,TS_MEDIUM,W_배선,F.GA4/검색,0,
SILVER,BIGQUERY_REFINED_DATA,EP_MEDIUM,W_배선,F.GA4/검색,0,
SILVER,AGENCY_AD_PERFORMANCE,CAMPAIGN_NM,W_배선,G.광고,77,"DIM_CAMPAIGN.CAMPAIGN_BK, DIM_CAMPAIGN.CAMPAIGN_NAME, DIM_CAMPAIGN.CAMPAIGN_SK, DIM_CAMPAIGN.CAMPAIGN_TYPE, DIM_CAMPAIGN.MARKETING_CAMPAIGN, DIM_CAMPAIGN.PARENT_CAMPAIGN, DIM_MEMBER.FIRST_CAMPAIGN, DIM_MEMBER_ACQUISITION.ACQ_MARKETING_CAMPAIGN, DIM_MEMBER_STATUS_HISTORY.FIRST_CAMPAIGN, FACT_AD_PERFORMANCE.CAMPAIGN_SK, FACT_BIGQUERY_BEHAVIOR.CAMPAIGN_SK, FACT_BIGQUERY_BEHAVIOR.UTM_CAMPAIGN, FACT_BUDGET.CAMPAIGN_SK, FACT_BUDGET_YEARLY.CAMPAIGN_SK, FACT_EVENT_ATTENDANCE.CAMPAIGN_SK, FACT_MEMBER_EVENT.CAMPAIGN_SK, FACT_MEMBER_EVENT.CAMPAIGN_STOP_CNT, FACT_MEMBER_MONTHLY.CAMPAIGN_SK, FACT_MEMBER_MONTHLY.CAMPAIGN_UNPAID_CNT, FACT_MEMBER_SPONSORSHIP_SPAN.CAMPAIGN_SK, FACT_MEMBER_SPONSORSHIP_SPAN.IS_MULTI_CAMPAIGN, FACT_MESSAGE_DISPATCH.CAMPAIGN_SK, FACT_TARGET_PROJECT.CAMPAIGN_SK, WIDE_AD_BROADCAST.CAMPAIGN_NAME, WIDE_AD_BROADCAST_CASE.CAMPAIGN_NAME, WIDE_AD_COMBINED.CAMPAIGN_SK, WIDE_AD_DIGITAL.CAMPAIGN_NAME, WIDE_AD_PERFORMANCE.CAMPAIGN_BK, WIDE_AD_PERFORMANCE.CAMPAIGN_BRAND, WIDE_AD_PERFORMANCE.CAMPAIGN_NAME, WIDE_AD_PERFORMANCE.CAMPAIGN_PARENT, WIDE_AD_PERFORMANCE.CAMPAIGN_PROMO_METHOD, WIDE_AD_PERFORMANCE.CAMPAIGN_TYPE, WIDE_BIGQUERY_BEHAVIOR.CAMPAIGN_BK, WIDE_BIGQUERY_BEHAVIOR.CAMPAIGN_BRAND, WIDE_BIGQUERY_BEHAVIOR.CAMPAIGN_NAME, WIDE_BUDGET.CAMPAIGN_BK, WIDE_BUDGET.CAMPAIGN_BRAND, WIDE_BUDGET.CAMPAIGN_NAME, WIDE_EVENT_PARTICIPATION.CAMPAIGN_BK, WIDE_EVENT_PARTICIPATION.CAMPAIGN_BRAND, WIDE_EVENT_PARTICIPATION.CAMPAIGN_NAME, WIDE_MEMBER_EVENT.CAMPAIGN_BIZ_CASE_TYPE, WIDE_MEMBER_EVENT.CAMPAIGN_BK, WIDE_MEMBER_EVENT.CAMPAIGN_BRAND, WIDE_MEMBER_EVENT.CAMPAIGN_CATEGORY, WIDE_MEMBER_EVENT.CAMPAIGN_CMMN_BRND, WIDE_MEMBER_EVENT.CAMPAIGN_CPR_DIV_CD, WIDE_MEMBER_EVENT.CAMPAIGN_CPR_DIV_NM, WIDE_MEMBER_EVENT.CAMPAIGN_DOMESTIC_OVERSEAS, WIDE_MEMBER_EVENT.CAMPAIGN_INFLOW_PATH, WIDE_MEMBER_EVENT.CAMPAIGN_MARKETING_CAMPAIGN, WIDE_MEMBER_EVENT.CAMPAIGN_MKTG_UTM, WIDE_MEMBER_EVENT.CAMPAIGN_NAME, WIDE_MEMBER_EVENT.CAMPAIGN_PARENT, WIDE_MEMBER_EVENT.CAMPAIGN_PROMO_METHOD, WIDE_MEMBER_EVENT.CAMPAIGN_SPNSR_DIV_CD, WIDE_MEMBER_EVENT.CAMPAIGN_SPNSR_DIV_NM, WIDE_MEMBER_FEE.ACQ_MARKETING_CAMPAIGN, WIDE_MEMBER_MONTHLY.CAMPAIGN_BK, WIDE_MEMBER_MONTHLY.CAMPAIGN_BRAND, WIDE_MEMBER_MONTHLY.CAMPAIGN_NAME, WIDE_MEMBER_MONTHLY.CAMPAIGN_PARENT, WIDE_MEMBER_MONTHLY.CAMPAIGN_PROMO_METHOD, WIDE_MEMBER_MONTHLY.CAMPAIGN_TYPE, WIDE_MEMBER_MONTHLY.CAMPAIGN_UNPAID_CNT, WIDE_MEMBER_MONTHLY.MEMBER_FIRST_CAMPAIGN, WIDE_MEMBER_SERVICE_COHORT.ACQ_MARKETING_CAMPAIGN, WIDE_MEMBER_SERVICE_COHORT.CAMPAIGN_EVENT_PART_ROWS, WIDE_SERVICE_EVENT.CAMPAIGN_BK, WIDE_SERVICE_EVENT.CAMPAIGN_BRAND, WIDE_SERVICE_EVENT.CAMPAIGN_NAME, WIDE_SERVICE_EVENT.CAMPAIGN_PARENT, WIDE_SERVICE_EVENT.CAMPAIGN_PROMO_METHOD, WIDE_TARGET_BIZ.CAMPAIGN_BK, WIDE_TARGET_BIZ.CAMPAIGN_BRAND, WIDE_TARGET_BIZ.CAMPAIGN_NAME"
SILVER,CRM_PAYMENT_BILLING,CPR_DIV_CD,W_배선,D.회비/결제,20,"DIM_CAMPAIGN.CPR_DIV_CD, DIM_CAMPAIGN.CPR_DIV_NM, DIM_EVENT.CPR_DIV_CD, DIM_MSG_TEMPLATE.CPR_DIV_CD, DIM_PAYMENT_ACCOUNT.CPR_DIV_CD, DIM_SPONSORSHIP.CPR_DIV_CD, DIM_SPONSORSHIP.CPR_DIV_NM, D_CMPGN_CD.CPR_DIV_CD, D_CPR_DIV_CD.CPR_DIV_CD, D_CPR_DIV_CD.CPR_DIV_NM, D_SPNSR_BSNS_INFO.CPR_DIV_CD, FACT_MEMBER_EVENT.CPR_DIV_CD_AT_EVENT, FACT_MEMBER_EVENT.CPR_DIV_NM_AT_EVENT, FACT_PAYMENT_METHOD_CHANGE.CPR_DIV_CD, FACT_TARGET_PROJECT.CPR_DIV_NM, F_MM_SPNSR_DVLP.CPR_DIV_CD, F_MM_SPNSR_DVLP_SUM.CPR_DIV_CD, MSTR_SPNSR_DVLP_V.CPR_DIV_CD, MSTR_SPNSR_DVLP_V.CPR_DIV_NM, WIDE_TARGET_BIZ.CPR_DIV_NM"
BRONZE_GSC,SEARCH_CONSOLE_DATA,DEVICE,P_정제선행,F.GA4/검색,10,"DIM_DEVICE.DEVICE_SCOPE_DESC, DIM_DEVICE.DEVICE_SK, DIM_DEVICE.DEVICE_TYPE, FACT_AD_PERFORMANCE.DEVICE_SK, FACT_BIGQUERY_BEHAVIOR.DEVICE_SK, WIDE_AD_COMBINED.DEVICE_SK, WIDE_AD_DIGITAL.DEVICE_TYPE, WIDE_AD_PERFORMANCE.DEVICE_SCOPE_DESC, WIDE_AD_PERFORMANCE.DEVICE_TYPE, WIDE_BIGQUERY_BEHAVIOR.DEVICE_TYPE"
SILVER,CRM_MEMBER_DEV,ACMSLT_DEPT_CD,W_배선,C.회원,15,"DIM_ORG.ACMSLT_DEPT_YN, D_CM_DEPT_INFO.ACMSLT_DEPT_YN, D_DEPT2_CD.ACMSLT_DEPT_YN, D_DEPT3_CD.ACMSLT_DEPT_YN, D_DEPT4_CD.ACMSLT_DEPT_YN, D_DEPT_CD.ACMSLT_DEPT_YN, D_SPNSR_BSNS_V.ACMSLT_DEPT_CD, F_MM_SPNSR_DVLP.ACMSLT_DEPT2_CD, F_MM_SPNSR_DVLP.ACMSLT_DEPT3_CD, F_MM_SPNSR_DVLP.ACMSLT_DEPT4_CD, F_MM_SPNSR_DVLP.ACMSLT_DEPT_CD, F_MM_SPNSR_DVLP_SUM.ACMSLT_DEPT2_CD, F_MM_SPNSR_DVLP_SUM.ACMSLT_DEPT3_CD, F_MM_SPNSR_DVLP_SUM.ACMSLT_DEPT4_CD, F_MM_SPNSR_DVLP_SUM.ACMSLT_DEPT_CD"
SILVER,CRM_PAYMENT_METHOD,CRTFC_TY_CD,W_배선,D.회비/결제,1,FACT_PAYMENT_METHOD_CHANGE.CRTFC_TY_CD
SILVER,CRM_PAYMENT_METHOD,RQST_DIV_CD,W_배선,D.회비/결제,1,FACT_PAYMENT_METHOD_CHANGE.RQST_DIV_CD
BRONZE_CRM,SND_MEMBER_LIST,SETLE_NM,P_정제선행,E.발송,1,MSTR_SPNSR_DVLP_V.SETLE_NM
SILVER,CRM_PAYMENT_BILLING,PRCS_RST_CD,W_배선,D.회비/결제,0,
SILVER,CRM_SEND_REQUEST,SNDNG_TIME_DIV_CD,W_배선,E.발송,0,
SILVER,BIGQUERY_REFINED_DATA,DEVICE_OPERATING_SYSTEM,W_배선,F.GA4/검색,0,
SILVER,BIGQUERY_REFINED_DATA,GEO_METRO,W_배선,F.GA4/검색,0,
BRONZE_CRM,TM_MM_ONCE_MBER_INFO,SPECL_MNG_CD2,P_정제선행,C.회원,0,
SILVER,BIGQUERY_REFINED_DATA,EP_GAD_SOURCE,W_배선,F.GA4/검색,0,
SILVER,CRM_MEMBER,EMAIL_STAT_CD,W_배선,C.회원,0,
SILVER,AGENCY_AD_ROW_VIDEO,MATR_NM,W_배선,G.광고,0,
SILVER,CRM_MEMBER,TSTM_DIV_CD,W_배선,C.회원,0,
SILVER,BIGQUERY_REFINED_DATA,GEO_COUNTRY,W_배선,F.GA4/검색,0,
SILVER,BIGQUERY_REFINED_DATA,STSLC_CRC_SOURCE_PLATFORM,W_배선,F.GA4/검색,0,
SILVER,BIGQUERY_REFINED_DATA,TS_SOURCE,W_배선,F.GA4/검색,0,
SILVER,ERP_BUDGET_ITEM,KWAN_NM,W_배선,K.조직/예산/목표,0,
SILVER,CRM_SPONSOR_RELATION,RELATNSP_DSCNTC_YN,W_배선,J.결연,0,
BRONZE_CRM,SND_REQ_MST,SEND_SPLIT_TYPE,P_정제선행,E.발송,0,
BRONZE_GA4,GA4_USER_DEMOGRAPHIC,USER_AGE_BRACKET,P_정제선행,F.GA4/검색,0,
SILVER,BIGQUERY_REFINED_DATA,GEO_CONTINENT,W_배선,F.GA4/검색,0,
SILVER,CRM_MEMBER_DEV,MBER_DIV_CD,W_배선,C.회원,11,"DIM_MEMBER.MBER_DIV_CD, DIM_MEMBER_STATUS_HISTORY.MBER_DIV_CD, F_MM_SPNSR_DVLP.MBER_DIV_CD, F_MM_SPNSR_DVLP_SUM.MBER_DIV_CD, MSTR_SPNSR_DVLP_V.MBER_DIV_CD, MSTR_SPNSR_DVLP_V.MBER_DIV_NM, WIDE_EVENT_PARTICIPATION.MBER_DIV_CD, WIDE_MEMBER_EVENT.MBER_DIV_CD, WIDE_MEMBER_FEE.MBER_DIV_CD, WIDE_MEMBER_MONTHLY.MBER_DIV_CD, WIDE_SERVICE_EVENT.MBER_DIV_CD"
BRONZE_CRM,TM_CM_MBER_DVLP_GOAL_DIV,SPNSR_BSNS_DIV_NM,P_정제선행,K.조직/예산/목표,0,
BRONZE_CRM,SND_MEMBER_LIST,BPLC_KOR_NM,P_정제선행,E.발송,1,DIM_BIZ_PLACE.BPLC_KORNM
BRONZE_CRM,TM_CM_MBER_DVLP_GOAL_DIV,CPR_DIV_NM,P_정제선행,K.조직/예산/목표,20,"DIM_CAMPAIGN.CPR_DIV_CD, DIM_CAMPAIGN.CPR_DIV_NM, DIM_EVENT.CPR_DIV_CD, DIM_MSG_TEMPLATE.CPR_DIV_CD, DIM_PAYMENT_ACCOUNT.CPR_DIV_CD, DIM_SPONSORSHIP.CPR_DIV_CD, DIM_SPONSORSHIP.CPR_DIV_NM, D_CMPGN_CD.CPR_DIV_CD, D_CPR_DIV_CD.CPR_DIV_CD, D_CPR_DIV_CD.CPR_DIV_NM, D_SPNSR_BSNS_INFO.CPR_DIV_CD, FACT_MEMBER_EVENT.CPR_DIV_CD_AT_EVENT, FACT_MEMBER_EVENT.CPR_DIV_NM_AT_EVENT, FACT_PAYMENT_METHOD_CHANGE.CPR_DIV_CD, FACT_TARGET_PROJECT.CPR_DIV_NM, F_MM_SPNSR_DVLP.CPR_DIV_CD, F_MM_SPNSR_DVLP_SUM.CPR_DIV_CD, MSTR_SPNSR_DVLP_V.CPR_DIV_CD, MSTR_SPNSR_DVLP_V.CPR_DIV_NM, WIDE_TARGET_BIZ.CPR_DIV_NM"
BRONZE_CRM,SND_MEMBER_LIST,CHILD_DTL_NM,P_정제선행,E.발송,1,DIM_CHILD.CHILD_DTL_STAT_CD
SILVER,AGENCY_AD_ROW_DGT,DEVICE,W_배선,G.광고,10,"DIM_DEVICE.DEVICE_SCOPE_DESC, DIM_DEVICE.DEVICE_SK, DIM_DEVICE.DEVICE_TYPE, FACT_AD_PERFORMANCE.DEVICE_SK, FACT_BIGQUERY_BEHAVIOR.DEVICE_SK, WIDE_AD_COMBINED.DEVICE_SK, WIDE_AD_DIGITAL.DEVICE_TYPE, WIDE_AD_PERFORMANCE.DEVICE_SCOPE_DESC, WIDE_AD_PERFORMANCE.DEVICE_TYPE, WIDE_BIGQUERY_BEHAVIOR.DEVICE_TYPE"
SILVER,BIGQUERY_REFINED_DATA,EVENT_NAME,W_배선,F.GA4/검색,2,"DIM_EVENT.EVENT_NAME, WIDE_EVENT_PARTICIPATION.EVENT_NAME"
BRONZE_CRM,SND_MEMBER_LIST,AGE,P_정제선행,E.발송,3,"DIM_MEMBER_STATUS_HISTORY.AGE, F_MM_SPNSR_DVLP.AGE, F_MM_SPNSR_DVLP_SUM.AGE"
SILVER,CRM_CAMPAIGN,CMPGN_TRGET_CD,W_배선,A.캠페인,1,D_CMPGN_CD.CMPGN_TRGET_CD
SILVER,AGENCY_AD_ROW_VIDEO,UPPER_CMPGN_NM,W_배선,G.광고,8,"D_CMPGN_CD.UPPER_CMPGN_CD, D_CMPGN_CD.UPPER_CMPGN_YN, D_UP_CMPGN_CD.UPPER_CMPGN_CD, D_UP_CMPGN_CD.UPPER_CMPGN_NM, F_MM_SPNSR_DVLP.UPPER_CMPGN_CD, F_MM_SPNSR_DVLP_SUM.UPPER_CMPGN_CD, MSTR_SPNSR_DVLP_V.UPPER_CMPGN_CD, MSTR_SPNSR_DVLP_V.UPPER_CMPGN_NM"
SILVER,CRM_MEMBER_SPONSOR_SPAN,SPNSR_DSCNTC_YN,W_배선,C.회원,2,"D_SPNSR_BSNS_V.SPNSR_DSCNTC_RSN_CD, D_SPNSR_BSNS_V.SPNSR_DSCNTC_YN"
BRONZE_CRM,TM_CM_MBER_DVLP_GOAL_DIV,ORG_DIV_NM,P_정제선행,K.조직/예산/목표,7,"FACT_MEMBER_DEV_ACHIEVEMENT.ORG_DIVISION, FACT_TARGET_PROJECT.ORG_DIV_NM, WIDE_BUDGET.ORG_DIVISION, WIDE_MEMBER_EVENT.ORG_DIVISION, WIDE_TARGET_BIZ.ORG_DIVISION, WIDE_TARGET_BIZ.ORG_DIV_NM, WIDE_TARGET_DEV.ORG_DIVISION"
SILVER,CRM_PAYMENT_METHOD,APPLCNT_MBER_REL_CD,W_배선,D.회비/결제,1,FACT_PAYMENT_METHOD_CHANGE.APPLCNT_MBER_REL_CD
SILVER,CRM_PAYMENT_METHOD,CRTFC_MTH_CD,W_배선,D.회비/결제,1,FACT_PAYMENT_METHOD_CHANGE.CRTFC_MTH_CD
SILVER,CRM_MEMBER,ETC_CTTPC_REL_CD,W_배선,C.회원,1,FACT_PAYMENT_METHOD_CHANGE.ETC_CTTPC_REL_CD
SILVER,CRM_MEMBER_DEV,ACT_DEPT_CD,W_배선,C.회원,2,"F_MM_SPNSR_DVLP.ACT_DEPT_CD, F_MM_SPNSR_DVLP_SUM.ACT_DEPT_CD"
BRONZE_CRM,SND_MEMBER_LIST,DSCNTC_RSN_NM,P_정제선행,E.발송,0,
SILVER,BIGQUERY_REFINED_DATA,UP_DONOR_TYPE,W_배선,F.GA4/검색,0,
SILVER,AGENCY_AD_ROW_VIDEO,BSNS_CASE_DIV_NM,W_배선,G.광고,0,
BRONZE_CRM,SND_MEMBER_LIST,SPNSR_CD,P_정제선행,E.발송,0,
BRONZE_CRM,TM_CM_MBER_DVLP_GOAL_DIV,TEAM_NM,P_정제선행,K.조직/예산/목표,0,
SILVER,CRM_MEMBER_AMT_CHANGE,SPNSR_AMT_CD,W_배선,C.회원,20,"DIM_MEMBER_ACQUISITION.ACQ_SPNSR_AMT, D_SPNSR_BSNS_V.SPNSR_AMT, FACT_MEMBER_COHORT.ACQ_SPNSR_AMT, FACT_MEMBER_EVENT.SPNSR_AMT, FACT_MEMBER_SPONSORSHIP_SPAN.SPNSR_AMT, FACT_RELATION_DEV.SPNSR_AMT, F_MM_SPNSR_DVLP.SPNSR_AMT, F_MM_SPNSR_DVLP.SPNSR_AMT2_CD, F_MM_SPNSR_DVLP.SPNSR_AMT_CD, F_MM_SPNSR_DVLP_SUM.SPNSR_AMT, F_MM_SPNSR_DVLP_SUM.SPNSR_AMT2_CD, F_MM_SPNSR_DVLP_SUM.SPNSR_AMT_CD, MSTR_SPNSR_DVLP_V.SPNSR_AMT, MSTR_SPNSR_DVLP_V.SPNSR_AMT2_CD, MSTR_SPNSR_DVLP_V.SPNSR_AMT2_NM, MSTR_SPNSR_DVLP_V.SPNSR_AMT_CD, MSTR_SPNSR_DVLP_V.SPNSR_AMT_CNT, MSTR_SPNSR_DVLP_V.SPNSR_AMT_NM, WIDE_MEMBER_EVENT.SPNSR_AMT, WIDE_MEMBER_SERVICE_COHORT.ACQ_SPNSR_AMT"
BRONZE_CRM,TM_CM_MBER_DVLP_GOAL_DIV,DTL_DIV_NM,P_정제선행,K.조직/예산/목표,2,"FACT_TARGET_PROJECT.DTL_DIV_NM, WIDE_TARGET_BIZ.DTL_DIV_NM"
SILVER,CRM_MEMBER,REL_CD,W_배선,C.회원,0,
SILVER,BIGQUERY_REFINED_DATA,EP_SESSION_ENGAGED,W_배선,F.GA4/검색,0,
BRONZE_GSC,SEARCH_CONSOLE_DATA2,COUNTRY,P_정제선행,F.GA4/검색,0,
BRONZE_CRM,SND_MEMBER_LIST,FRST_SPNSR,P_정제선행,E.발송,0,
BRONZE_CRM,SND_MEMBER_LIST,NEW_CHILD_WORKPLACE_NM,P_정제선행,E.발송,0,
BRONZE_ERP,EXPENSE_RESOLUTION,SOURCE_DIV_NM,P_정제선행,K.조직/예산/목표,0,
SILVER,CRM_PAYMENT_BILLING,RQEST_RST_CD,W_배선,D.회비/결제,0,
