SRC_SCHEMA,SRC_TABLE,SRC_COLUMN,SILVER_TABLE,SILVER_COLUMN
BRONZE_CRM,TM_PM_DNTN_DTLS,CPR_DIV_CD,CRM_PAYMENT_BILLING,CPR_DIV_CD
BRONZE_CRM,TM_PM_DNTN_DTLS,SETLE_ENTRPS_CD,CRM_PAYMENT_BILLING,SETLE_ENTRPS_CD
BRONZE_CRM,TM_PM_DNTN_DTLS,RETUN_RSN_CD,CRM_PAYMENT_BILLING,RETUN_RSN_CD
BRONZE_CRM,TM_PM_DNTN_DTLS,ACMSLT_DEPT_CD,CRM_PAYMENT_BILLING,ACMSLT_DEPT_CD
BRONZE_CRM,TM_MS_CRMN,BRNCH_DEPT_ID,CRM_EVENT,BRNCH_DEPT_ID
BRONZE_CRM,TM_MM_ONCE_MBER_INFO,CPR_DIV_CD,CRM_MEMBER,CPR_DIV_CD
BRONZE_CRM,TM_MM_ONCE_MBER_INFO,REL_CD,CRM_MEMBER,REL_CD
BRONZE_CRM,TM_MM_ONCE_MBER_INFO,ENTRPS_NM,CRM_MEMBER,ENTRPS_NM
BRONZE_CRM,TM_MM_ONCE_MBER_INFO,PSTMTR_RECPTN_YN,CRM_MEMBER,PSTMTR_RECPTN
BRONZE_CRM,TM_MM_ONCE_MBER_INFO,EMAIL_RECPTN_YN,CRM_MEMBER,EMAIL_RECPTN
BRONZE_CRM,TM_MM_ONCE_MBER_INFO,REGIST_DEPT_CD,CRM_MEMBER,REGIST_DEPT_CD
BRONZE_CRM,TC_MKTNG_DTL_CD,CD_ID,CRM_MKTNG_CODE,CD_ID
BRONZE_CRM,TC_MKTNG_DTL_CD,CD_NM,CRM_MKTNG_CODE,CD_NM
BRONZE_CRM,TM_MM_FDRM_MBER_IRSD,ACMSLT_DEPT_CD,CRM_MEMBER_AMT_CHANGE,ACMSLT_DEPT_CD
BRONZE_CRM,TM_MM_FDRM_MBER_IRSD,SETLE_CD,CRM_MEMBER_AMT_CHANGE,SETLE_CD
BRONZE_CRM,TM_MM_FDRM_MBER_IRSD,MBER_DIV_CD,CRM_MEMBER_AMT_CHANGE,MBER_DIV_CD
BRONZE_CRM,TM_MM_FDRM_MBER_IRSD,SEX,CRM_MEMBER_AMT_CHANGE,SEX
BRONZE_CRM,TM_MM_FDRM_MBER_IRSD,AREA_CD,CRM_MEMBER_AMT_CHANGE,AREA_CD
BRONZE_CRM,TM_MM_FDRM_MBER_IRSD,SPNSR_AMT_CD,CRM_MEMBER_AMT_CHANGE,SPNSR_AMT_CD
BRONZE_CRM,TM_MM_FDRM_MBER_IRSD,RDCAMT_YN,CRM_MEMBER_AMT_CHANGE,RDCAMT_YN
BRONZE_CRM,TM_PM_SETLE_INFO,CPR_DIV_CD,CRM_PAYMENT_METHOD,CPR_DIV_CD
BRONZE_CRM,TM_PM_SETLE_INFO,FNLT_DIV_CD,CRM_PAYMENT_METHOD,FNLT_DIV_CD
BRONZE_CRM,TM_PM_SETLE_INFO,FNLT_CD,CRM_PAYMENT_METHOD,FNLT_CD
BRONZE_CRM,TM_PM_SETLE_INFO,SETLE_ENTRPS_CD,CRM_PAYMENT_METHOD,SETLE_ENTRPS_CD
BRONZE_CRM,TM_PM_SETLE_INFO,CARD_DIV_CD,CRM_PAYMENT_METHOD,CARD_DIV_CD
BRONZE_CRM,TM_PM_SETLE_INFO,PAYER_MBER_REL_CD,CRM_PAYMENT_METHOD,PAYER_MBER_REL_CD
BRONZE_CRM,TM_PM_SETLE_INFO,CRTFC_MTH_CD,CRM_PAYMENT_METHOD,CRTFC_MTH_CD
BRONZE_CRM,TM_PM_SETLE_INFO,SETLE_STAT_CD,CRM_PAYMENT_METHOD,SETLE_STAT_CD
BRONZE_CRM,TM_PM_SETLE_INFO,RQST_DIV_CD,CRM_PAYMENT_METHOD,RQST_DIV_CD
BRONZE_CRM,TM_PM_SETLE_INFO,RCEPT_DIV_CD,CRM_PAYMENT_METHOD,RCEPT_DIV_CD
BRONZE_CRM,TM_PM_SETLE_INFO,APRV_YN,CRM_PAYMENT_METHOD,APRV_YN
BRONZE_CRM,TM_PM_SETLE_INFO,RQEST_EXCL_YN,CRM_PAYMENT_METHOD,RQEST_EXCL_YN
BRONZE_CRM,TM_PM_SETLE_INFO,APPLCNT_MBER_REL_CD,CRM_PAYMENT_METHOD,APPLCNT_MBER_REL_CD
BRONZE_CRM,TM_PM_SETLE_INFO,OPERT_DIV_CD,CRM_PAYMENT_METHOD,OPERT_DIV_CD
BRONZE_CRM,TM_PM_SETLE_INFO,CRTFC_TY_CD,CRM_PAYMENT_METHOD,CRTFC_TY_CD
BRONZE_CRM,TM_MS_MSG_AT_SNDNG,SNDNG_TIME_DIV_CD,CRM_SEND_REQUEST,SNDNG_TIME_DIV_CD
BRONZE_CRM,TM_MS_MSG_AT_SNDNG,MSG_DIV_CD,CRM_SEND_REQUEST,MSG_DIV_CD
BRONZE_CRM,TM_MM_FDRM_MBER_INFO,CPR_DIV_CD,CRM_MEMBER,CPR_DIV_CD
BRONZE_CRM,TM_MM_FDRM_MBER_INFO,SLRCLD_LRR_CD,CRM_MEMBER,SLRCLD_LRR_CD
BRONZE_CRM,TM_MM_FDRM_MBER_INFO,MOBLPHON_STAT_CD,CRM_MEMBER,MOBLPHON_STAT_CD
BRONZE_CRM,TM_MM_FDRM_MBER_INFO,ETC_CTTPC_REL_CD,CRM_MEMBER,ETC_CTTPC_REL_CD
BRONZE_CRM,TM_MM_FDRM_MBER_INFO,ETC_CTTPC_STAT_CD,CRM_MEMBER,ETC_CTTPC_STAT_CD
BRONZE_CRM,TM_MM_FDRM_MBER_INFO,EMAIL_STAT_CD,CRM_MEMBER,EMAIL_STAT_CD
BRONZE_CRM,TM_MM_FDRM_MBER_INFO,PSTMTR_RECPTN_CD,CRM_MEMBER,PSTMTR_RECPTN
BRONZE_CRM,TM_MM_FDRM_MBER_INFO,EMAIL_RECPTN_CD,CRM_MEMBER,EMAIL_RECPTN
BRONZE_CRM,TM_MM_FDRM_MBER_INFO,RELATNSP_DIV_CD,CRM_MEMBER,RELATNSP_DIV_CD
BRONZE_CRM,TM_MM_FDRM_MBER_INFO,ACT_DEPT_CD,CRM_MEMBER,ACT_DEPT_CD
BRONZE_CRM,TM_MM_FDRM_MBER_INFO,REGIST_DEPT_CD,CRM_MEMBER,REGIST_DEPT_CD
BRONZE_CRM,TM_PM_MBRFEE_ACMSLT,MBER_DIV_CD,CRM_PAYMENT_BILLING,MBER_DIV_CD
BRONZE_CRM,TM_PM_MBRFEE_ACMSLT,CPR_DIV_CD,CRM_PAYMENT_BILLING,CPR_DIV_CD
BRONZE_CRM,TM_PM_MBRFEE_ACMSLT,RQEST_MT,CRM_PAYMENT_BILLING,RQEST_MT
BRONZE_CRM,TM_PM_MBRFEE_ACMSLT,GFT_DIV_CD,CRM_PAYMENT_BILLING,GFT_DIV_CD
BRONZE_CRM,TM_PM_MBRFEE_ACMSLT,TOGETH_WTDRW_YN,CRM_PAYMENT_BILLING,TOGETH_WTDRW_YN
BRONZE_CRM,TM_PM_MBRFEE_ACMSLT,SETLE_ENTRPS_CD,CRM_PAYMENT_BILLING,SETLE_ENTRPS_CD
BRONZE_CRM,TM_PM_MBRFEE_ACMSLT,RQEST_DIV_CD,CRM_PAYMENT_BILLING,RQEST_DIV_CD
BRONZE_CRM,TM_PM_MBRFEE_ACMSLT,PRCS_STAT_CD,CRM_PAYMENT_BILLING,MBRFEE_PRCS_STAT_CD
BRONZE_CRM,TM_PM_MBRFEE_ACMSLT,RQEST_RST_CD,CRM_PAYMENT_BILLING,RQEST_RST_CD
BRONZE_CRM,TM_PM_MBRFEE_ACMSLT,PRCS_RST_CD,CRM_PAYMENT_BILLING,PRCS_RST_CD
BRONZE_CRM,TM_PM_MBRFEE_ACMSLT,RETUN_RSN_CD,CRM_PAYMENT_BILLING,RETUN_RSN_CD
BRONZE_CRM,TM_PM_MBRFEE_ACMSLT,OPERT_DIV_CD,CRM_PAYMENT_BILLING,OPERT_DIV_CD
BRONZE_CRM,TM_MM_FDRM_MBER_SPNSR_DSCNTC,REGIST_DEPT_CD,CRM_MEMBER_DISCONTINUE,REGIST_DEPT_CD
BRONZE_CRM,TM_RM_RELATNSP_MSTR_INFO,RELATNSP_DSCNTC_YN,CRM_SPONSOR_RELATION,RELATNSP_DSCNTC_YN
BRONZE_CRM,TM_MS_PSTMTR_SNDNG,PRCS_STAT_CD,CRM_SEND_REQUEST,PSTMTR_PRCS_STAT_CD
BRONZE_CRM,SND_MEMBER_MAIL_LINK_LOG,MBER_NO,CRM_SEND_MEMBER_LINK_LOG,MBER_NO
BRONZE_CRM,SND_MEMBER_MAIL_LINK_LOG,LINK_ID,CRM_SEND_MEMBER_LINK_LOG,LINK_ID
BRONZE_CRM,SND_MEMBER_MAIL_LINK_LOG,LINK_IMG_URL,CRM_SEND_MEMBER_LINK_LOG,LINK_IMG_URL
BRONZE_CRM,SND_MEMBER_MAIL_LINK_LOG,LINK_PAGE,CRM_SEND_MEMBER_LINK_LOG,LINK_PAGE
BRONZE_CRM,SND_MEMBER_MAIL_LINK_LOG,AGENT,CRM_SEND_MEMBER_LINK_LOG,AGENT
BRONZE_CRM,TM_MM_FDRM_MBER_RE_SPNSR,REGIST_DEPT_CD,CRM_MEMBER_RESPONSOR,REGIST_DEPT_CD
