SRC_SCHEMA,SRC_TABLE,SRC_COLUMN,STATUS,HIT_CNT,ERR_MSG,TRACED_AT
BRONZE_CRM,TM_CM_DEPT_INFO,UPPER_DEPT_ID,REACHED,1,,2026-10-08 04:36:24.993000
BRONZE_CRM,TM_CM_DEPT_INFO,ACMSLT_DEPT_YN,REACHED,6,,2026-10-08 04:36:27.525000
BRONZE_CRM,TM_CM_DEPT_INFO,ACMSLT_UPPER_DEPT_ID,REACHED,2,,2026-10-08 04:36:28.773000
BRONZE_CRM,TM_MS_AT_TMPLAT_MNG,CPR_DIV_CD,REACHED,1,,2026-10-08 04:36:30.024000
BRONZE_CRM,TM_MS_AT_TMPLAT_MNG,SNDNG_CD_ID,REACHED,1,,2026-10-08 04:36:31.290000
BRONZE_CRM,TM_MS_AT_TMPLAT_MNG,SNDNG_DTL_CD_ID,REACHED,1,,2026-10-08 04:36:32.509000
BRONZE_CRM,TM_MS_AT_TMPLAT_MNG,ATMC_YN,REACHED,1,,2026-10-08 04:36:34.674000
BRONZE_CRM,TM_MS_AT_TMPLAT_MNG,APRV_STAT_CD,REACHED,1,,2026-10-08 04:36:36.001000
BRONZE_CRM,TM_MS_AT_TMPLAT_MNG,APRV_FAILR_CTNT,REACHED,1,,2026-10-08 04:36:37.326000
BRONZE_CRM,TM_MS_AT_TMPLAT_MNG,WRITNG_DEPT_ID,REACHED,1,,2026-10-08 04:36:38.615000
BRONZE_CRM,TM_MS_AT_TMPLAT_MNG,WRITNG_DEPT_NM,REACHED,1,,2026-10-08 04:36:39.952000
BRONZE_CRM,TM_MS_AT_TMPLAT_MNG,CHRG_DEPT_ID,REACHED,1,,2026-10-08 04:36:41.269000
BRONZE_CRM,TM_MS_AT_TMPLAT_MNG,TMPLAT_RM,REACHED,1,,2026-10-08 04:36:43.190000
BRONZE_CRM,TM_PM_DNTN_DTLS,CPR_DIV_CD,NONE,0,,2026-10-08 04:36:44.493000
BRONZE_CRM,TM_PM_DNTN_DTLS,SETLE_CD,REACHED,2,,2026-10-08 04:36:45.829000
BRONZE_CRM,TM_PM_DNTN_DTLS,SETLE_ENTRPS_CD,NONE,0,,2026-10-08 04:36:47.100000
BRONZE_CRM,TM_PM_DNTN_DTLS,FNLT_CD,NONE,0,,2026-10-08 04:36:48.304000
BRONZE_CRM,TM_PM_DNTN_DTLS,RETUN_RSN_CD,NONE,0,,2026-10-08 04:36:50.160000
BRONZE_CRM,TM_PM_DNTN_DTLS,ACMSLT_DEPT_CD,NONE,0,,2026-10-08 04:36:51.369000
BRONZE_CRM,TM_PM_DNTN_DTLS,SPNSR_BSNS_ID,REACHED,1,,2026-10-08 04:36:52.777000
BRONZE_CRM,TD_MS_CRMN_PRTCPNT,RQST_PATH_CD,REACHED,4,,2026-10-08 04:36:55.187000
BRONZE_CRM,TD_MS_CRMN_PRTCPNT,PARTCPT_STAT_CD,REACHED,10,,2026-10-08 04:36:57.211000
BRONZE_CRM,TD_MS_CRMN_PRTCPNT,SELF_PARTCPT_CD,REACHED,3,,2026-10-08 04:36:58.815000
BRONZE_CRM,TD_MS_CRMN_PRTCPNT,RCPMNY_STAT_CD,REACHED,1,,2026-10-08 04:37:00.911000
BRONZE_CRM,TD_MS_CRMN_PRTCPNT,REFND_DATE,REACHED,1,,2026-10-08 04:37:02.704000
BRONZE_CRM,TM_MS_CRMN,CRMN_DIV_CD,REACHED,5,,2026-10-08 04:37:04.278000
BRONZE_CRM,TM_MS_CRMN,CRMN_PLACE_NM,REACHED,1,,2026-10-08 04:37:05.839000
BRONZE_CRM,TM_MS_CRMN,BRNCH_DEPT_ID,NONE,0,,2026-10-08 04:37:07.164000
BRONZE_CRM,TM_MS_CRMN,ATCHFL_ID,NONE,0,,2026-10-08 04:37:08.371000
BRONZE_CRM,TM_MS_CRMN,SITE_URL,NONE,0,,2026-10-08 04:37:11.073000
BRONZE_CRM,TM_MS_CRMN,CRMN_PART_STRT_DE,REACHED,1,,2026-10-08 04:37:13.247000
BRONZE_CRM,TM_MS_CRMN,CRMN_PART_END_DE,REACHED,1,,2026-10-08 04:37:15.335000
BRONZE_CRM,TM_MS_CRMN,CPR_DIV_CD,REACHED,1,,2026-10-08 04:37:17.135000
BRONZE_CRM,TM_MS_CRMN,RM,NONE,0,,2026-10-08 04:37:18.827000
BRONZE_CRM,TM_MS_CRMN,CRMN_CTNT,NONE,0,,2026-10-08 04:37:20.929000
BRONZE_CRM,TM_MS_CRMN,PART_USE_YN,NONE,0,,2026-10-08 04:37:22.335000
BRONZE_CRM,TM_MS_CRMN,TMPLAT_ID,NONE,0,,2026-10-08 04:37:23.487000
BRONZE_CRM,TM_MS_CRMN,TMPLAT_TIT,NONE,0,,2026-10-08 04:37:24.887000
BRONZE_CRM,TM_MS_CRMN,TMPLAT_PART_ID,NONE,0,,2026-10-08 04:37:26.091000
BRONZE_CRM,TM_MS_CRMN,TMPLAT_PART_TIT,NONE,0,,2026-10-08 04:37:27.469000
BRONZE_CRM,TM_MS_CRMN,SRVY,NONE,0,,2026-10-08 04:37:28.629000
BRONZE_CRM,TM_MS_CRMN,RM2,NONE,0,,2026-10-08 04:37:30.300000
BRONZE_CRM,TM_MS_CRMN,PROMO_CODE,NONE,0,,2026-10-08 04:37:31.514000
BRONZE_CRM,TM_MS_CRMN,TMPLAT_WIN_ID,NONE,0,,2026-10-08 04:37:32.675000
BRONZE_CRM,TM_MS_CRMN,TMPLAT_WIN_TIT,NONE,0,,2026-10-08 04:37:33.895000
BRONZE_CRM,TC_CMMN_CD,CD_ID,REACHED,1,,2026-10-08 04:37:35.262000
BRONZE_CRM,TC_CMMN_CD,CD_NM,REACHED,5,,2026-10-08 04:37:36.481000
BRONZE_CRM,TC_CMMN_CD,CD_DC,REACHED,1,,2026-10-08 04:37:37.616000
BRONZE_CRM,TC_CMMN_CD,RM,REACHED,1,,2026-10-08 04:37:38.766000
BRONZE_CRM,TM_MM_ONCE_MBER_INFO,MBER_DIV_CD,REACHED,7,,2026-10-08 04:37:40.178000
BRONZE_CRM,TM_MM_ONCE_MBER_INFO,CPR_DIV_CD,NONE,0,,2026-10-08 04:37:41.340000
BRONZE_CRM,TM_MM_ONCE_MBER_INFO,SEX,REACHED,7,,2026-10-08 04:37:43.447000
BRONZE_CRM,TM_MM_ONCE_MBER_INFO,REL_CD,NONE,0,,2026-10-08 04:37:44.577000
BRONZE_CRM,TM_MM_ONCE_MBER_INFO,ENTRPS_NM,NONE,0,,2026-10-08 04:37:45.783000
BRONZE_CRM,TM_MM_ONCE_MBER_INFO,PSTMTR_RECPTN_YN,NONE,0,,2026-10-08 04:37:46.956000
BRONZE_CRM,TM_MM_ONCE_MBER_INFO,EMAIL_RECPTN_YN,NONE,0,,2026-10-08 04:37:48.114000
BRONZE_CRM,TM_MM_ONCE_MBER_INFO,CHRCTR_RECPTN_YN,REACHED,1,,2026-10-08 04:37:49.292000
BRONZE_CRM,TM_MM_ONCE_MBER_INFO,SPECL_MNG_CD1,REACHED,1,,2026-10-08 04:37:50.400000
BRONZE_CRM,TM_MM_ONCE_MBER_INFO,SPECL_MNG_CD2,NONE,0,,2026-10-08 04:37:51.527000
BRONZE_CRM,TM_MM_ONCE_MBER_INFO,CTI_SYNCHRN_DIV_CD,NONE,0,,2026-10-08 04:37:52.640000
BRONZE_CRM,TM_MM_ONCE_MBER_INFO,REGIST_DEPT_CD,NONE,0,,2026-10-08 04:37:53.843000
BRONZE_CRM,TC_MKTNG_DTL_CD,CD_ID,NONE,0,,2026-10-08 04:37:55.029000
BRONZE_CRM,TC_MKTNG_DTL_CD,CD_NM,NONE,0,,2026-10-08 04:37:56.187000
BRONZE_CRM,TM_MM_FDRM_MBER_IRSD,ACMSLT_DEPT_CD,NONE,0,,2026-10-08 04:37:57.342000
BRONZE_CRM,TM_MM_FDRM_MBER_IRSD,SETLE_CD,NONE,0,,2026-10-08 04:37:59.408000
BRONZE_CRM,TM_MM_FDRM_MBER_IRSD,MBER_DIV_CD,NONE,0,,2026-10-08 04:38:01.002000
BRONZE_CRM,TM_MM_FDRM_MBER_IRSD,SEX,NONE,0,,2026-10-08 04:38:02.152000
BRONZE_CRM,TM_MM_FDRM_MBER_IRSD,AREA_CD,NONE,0,,2026-10-08 04:38:03.302000
BRONZE_CRM,TM_MM_FDRM_MBER_IRSD,SPNSR_AMT_CD,NONE,0,,2026-10-08 04:38:04.592000
BRONZE_CRM,TM_MM_FDRM_MBER_IRSD,RDCAMT_YN,NONE,0,,2026-10-08 04:38:05.737000
BRONZE_CRM,TM_PM_SETLE_INFO,CPR_DIV_CD,NONE,0,,2026-10-08 04:38:06.931000
BRONZE_CRM,TM_PM_SETLE_INFO,SETLE_CD,REACHED,5,,2026-10-08 04:38:08.261000
BRONZE_CRM,TM_PM_SETLE_INFO,FNLT_DIV_CD,NONE,0,,2026-10-08 04:38:09.607000
BRONZE_CRM,TM_PM_SETLE_INFO,FNLT_CD,NONE,0,,2026-10-08 04:38:10.847000
BRONZE_CRM,TM_PM_SETLE_INFO,SETLE_ENTRPS_CD,NONE,0,,2026-10-08 04:38:12.327000
BRONZE_CRM,TM_PM_SETLE_INFO,CARD_DIV_CD,NONE,0,,2026-10-08 04:38:14.098000
BRONZE_CRM,TM_PM_SETLE_INFO,ETC_CTTPC_REL_CD,NONE,0,,2026-10-08 04:38:15.200000
BRONZE_CRM,TM_PM_SETLE_INFO,PAYER_MBER_REL_CD,NONE,0,,2026-10-08 04:38:16.606000
BRONZE_CRM,TM_PM_SETLE_INFO,CRTFC_MTH_CD,NONE,0,,2026-10-08 04:38:17.803000
BRONZE_CRM,TM_PM_SETLE_INFO,SETLE_STAT_CD,NONE,0,,2026-10-08 04:38:18.965000
BRONZE_CRM,TM_PM_SETLE_INFO,RQST_DIV_CD,NONE,0,,2026-10-08 04:38:20.176000
BRONZE_CRM,TM_PM_SETLE_INFO,RCEPT_DIV_CD,NONE,0,,2026-10-08 04:38:21.864000
BRONZE_CRM,TM_PM_SETLE_INFO,APRV_YN,NONE,0,,2026-10-08 04:38:23.008000
BRONZE_CRM,TM_PM_SETLE_INFO,RQEST_EXCL_YN,NONE,0,,2026-10-08 04:38:24.206000
BRONZE_CRM,TM_PM_SETLE_INFO,APPLCNT_ETC_CTTPC_REL_CD,NONE,0,,2026-10-08 04:38:25.339000
BRONZE_CRM,TM_PM_SETLE_INFO,APPLCNT_MBER_REL_CD,NONE,0,,2026-10-08 04:38:26.559000
BRONZE_CRM,TM_PM_SETLE_INFO,OPERT_DIV_CD,NONE,0,,2026-10-08 04:38:27.712000
BRONZE_CRM,TM_PM_SETLE_INFO,CRTFC_TY_CD,NONE,0,,2026-10-08 04:38:28.842000
BRONZE_CRM,TD_MS_EVENT_PRTCPNT_DTL,EVENT_PARTCPT_DIV_CD,REACHED,1,,2026-10-08 04:38:30.139000
BRONZE_CRM,TD_MS_EVENT_PRTCPNT_DTL,PARTCPT_CHNNL_CD,REACHED,4,,2026-10-08 04:38:31.643000
BRONZE_CRM,TD_MS_EVENT_PRTCPNT_DTL,PARTCPT_PATH_CD,REACHED,4,,2026-10-08 04:38:33.118000
BRONZE_CRM,TD_MS_EVENT_PRTCPNT_DTL,PARTCPT_STAT_CD,REACHED,10,,2026-10-08 04:38:34.746000
BRONZE_CRM,TD_MS_MSG_AT_SNDNG_DTLS,TRNSMS_STAT_CD,REACHED,8,,2026-10-08 04:38:36.745000
BRONZE_CRM,TD_MS_MSG_AT_SNDNG_DTLS,TRNSMS_FAILR_CD_ID,REACHED,2,,2026-10-08 04:38:38.792000
BRONZE_CRM,TM_RM_RELATNSP_LETTER_INFO,MNG_NO,REACHED,2,,2026-10-08 04:38:40.628000
BRONZE_CRM,TM_RM_RELATNSP_LETTER_INFO,ONLINE_POST_WRITNG_YN,REACHED,1,,2026-10-08 04:38:42.323000
BRONZE_CRM,TM_RM_RELATNSP_LETTER_INFO,LANG_CD,REACHED,1,,2026-10-08 04:38:44.001000
BRONZE_CRM,TM_MS_EVENT,EVENT_DIV_CD,REACHED,5,,2026-10-08 04:38:45.857000
BRONZE_CRM,TM_MS_EVENT,EVENT_NM,REACHED,2,,2026-10-08 04:38:47.863000
BRONZE_CRM,TM_MS_EVENT,STRT_DATE,REACHED,4,,2026-10-08 04:38:49.176000
BRONZE_CRM,TM_MS_EVENT,END_DATE,REACHED,2,,2026-10-08 04:38:50.938000
BRONZE_CRM,TM_MS_EVENT,PRZWIN_GFT_SNDNG_DE,REACHED,1,,2026-10-08 04:38:52.159000
BRONZE_CRM,SND_REQ_MST,SEND_GBN_TOP,REACHED,6,,2026-10-08 04:38:53.504000
BRONZE_CRM,SND_REQ_MST,SEND_GBN_MID,REACHED,6,,2026-10-08 04:38:54.866000
BRONZE_CRM,SND_REQ_MST,SEND_GBN_BOT,REACHED,6,,2026-10-08 04:38:56.213000
BRONZE_CRM,SND_REQ_MST,MSG_TYPE,REACHED,1,,2026-10-08 04:38:57.413000
BRONZE_CRM,SND_REQ_MST,TMPL_CODE,REACHED,1,,2026-10-08 04:38:58.593000
BRONZE_CRM,SND_REQ_MST,ALT_SMS_YN,REACHED,1,,2026-10-08 04:38:59.782000
BRONZE_CRM,SND_REQ_MST,REGULARLY,REACHED,1,,2026-10-08 04:39:01.029000
BRONZE_CRM,SND_REQ_MST,PERIODIC,NONE,0,,2026-10-08 04:39:02.644000
BRONZE_CRM,SND_REQ_MST,SEND_MIN,NONE,0,,2026-10-08 04:39:03.846000
BRONZE_CRM,SND_REQ_MST,SEND_SPLIT_TYPE,NONE,0,,2026-10-08 04:39:05.255000
BRONZE_CRM,SND_REQ_MST,CORP_TYPE,NONE,0,,2026-10-08 04:39:06.462000
BRONZE_CRM,SND_REQ_MST,REG_ID,NONE,0,,2026-10-08 04:39:07.649000
BRONZE_CRM,SND_REQ_MST,SENDER_EMAIL,NONE,0,,2026-10-08 04:39:08.845000
BRONZE_CRM,SND_REQ_MST,PAPER_YEAR,NONE,0,,2026-10-08 04:39:10.030000
BRONZE_CRM,SND_REQ_MST,MENU_CODE,REACHED,1,,2026-10-08 04:39:11.227000
BRONZE_CRM,SND_REQ_MST,SEND_GBN_TOP_NM,REACHED,3,,2026-10-08 04:39:12.607000
BRONZE_CRM,SND_REQ_MST,SEND_GBN_MID_NM,REACHED,3,,2026-10-08 04:39:14.826000
BRONZE_CRM,SND_REQ_MST,SEND_GBN_BOT_NM,REACHED,3,,2026-10-08 04:39:16.200000
BRONZE_CRM,SND_REQ_MST,JOB_ID,NONE,0,,2026-10-08 04:39:17.346000
BRONZE_CRM,SND_REQ_MST,REG_NM,NONE,0,,2026-10-08 04:39:18.682000
BRONZE_CRM,SND_REQ_MST,SERVICE_MENU_CODE,REACHED,1,,2026-10-08 04:39:19.843000
BRONZE_CRM,TM_RM_BPLC_MNG,BPLC_CD,REACHED,3,,2026-10-08 04:39:21.762000
BRONZE_CRM,TM_RM_BPLC_MNG,NATION_CD,REACHED,1,,2026-10-08 04:39:22.941000
BRONZE_CRM,TM_RM_BPLC_MNG,BPLC_KORNM,REACHED,1,,2026-10-08 04:39:24.207000
BRONZE_CRM,TM_RM_BPLC_MNG,BPLC_ENGNM,REACHED,1,,2026-10-08 04:39:25.465000
BRONZE_CRM,TM_RM_BPLC_MNG,RELATNSP_BSNS_YN,REACHED,1,,2026-10-08 04:39:26.672000
BRONZE_CRM,TM_RM_BPLC_MNG,GFTMNEY_PSBL_YN,REACHED,1,,2026-10-08 04:39:27.889000
BRONZE_CRM,TM_RM_BPLC_MNG,LETTER_PSBL_YN,REACHED,1,,2026-10-08 04:39:29.118000
BRONZE_CRM,TM_RM_BPLC_MNG,BPLC_DC,REACHED,1,,2026-10-08 04:39:30.261000
BRONZE_CRM,TM_RM_BPLC_MNG,CNCSN_RSN,REACHED,1,,2026-10-08 04:39:31.405000
BRONZE_CRM,TM_RM_BPLC_MNG,BPLC_MTCHG_MNG_YN,REACHED,1,,2026-10-08 04:39:32.681000
BRONZE_CRM,TD_MS_AT_TMPLAT_BTN_LIST,BTN_TY_CD,REACHED,1,,2026-10-08 04:39:34.493000
BRONZE_CRM,TD_MS_AT_TMPLAT_BTN_LIST,ANDROID_URL,REACHED,1,,2026-10-08 04:39:35.695000
BRONZE_CRM,TD_MS_AT_TMPLAT_BTN_LIST,IOS_URL,REACHED,1,,2026-10-08 04:39:36.973000
BRONZE_CRM,TM_PM_INSTT_ACNUT,CPR_DIV_CD,REACHED,1,,2026-10-08 04:39:38.192000
BRONZE_CRM,TM_PM_INSTT_ACNUT,ACNUT_DIV_CD,REACHED,1,,2026-10-08 04:39:39.421000
BRONZE_CRM,TM_PM_INSTT_ACNUT,BANK_CD,REACHED,1,,2026-10-08 04:39:40.723000
BRONZE_CRM,TM_PM_INSTT_ACNUT,ACCTNO,NONE,0,,2026-10-08 04:39:42.656000
BRONZE_CRM,TM_PM_INSTT_ACNUT,ACNUT_PRP,REACHED,1,,2026-10-08 04:39:43.953000
BRONZE_CRM,TM_PM_INSTT_ACNUT,ACNUT_ABRV,REACHED,1,,2026-10-08 04:39:45.940000
BRONZE_CRM,TM_PM_INSTT_ACNUT,CHRG_DEPT_CD,REACHED,1,,2026-10-08 04:39:47.222000
BRONZE_CRM,TM_PM_INSTT_ACNUT,REGIST_USE_YN,REACHED,1,,2026-10-08 04:39:48.763000
BRONZE_CRM,TC_CMMN_DTL_CD,CD_ID,REACHED,11,,2026-10-08 04:39:50.466000
BRONZE_CRM,TC_CMMN_DTL_CD,RM,REACHED,1,,2026-10-08 04:39:51.708000
BRONZE_CRM,TC_CMMN_DTL_CD,CD_ATRB1,REACHED,1,,2026-10-08 04:39:52.897000
BRONZE_CRM,TC_CMMN_DTL_CD,CD_ATRB2,REACHED,1,,2026-10-08 04:39:54.096000
BRONZE_CRM,TC_CMMN_DTL_CD,CD_ATRB3,REACHED,1,,2026-10-08 04:39:55.808000
BRONZE_CRM,TC_CMMN_DTL_CD,UPPER_CD_ID,REACHED,4,,2026-10-08 04:39:57.731000
BRONZE_CRM,TM_MM_FDRM_MBER_DVLP_AMT,ACT_DEPT_CD,REACHED,4,,2026-10-08 04:39:59.647000
BRONZE_CRM,TM_MM_FDRM_MBER_DVLP_AMT,ACMSLT_DEPT_CD,REACHED,4,,2026-10-08 04:40:02.237000
BRONZE_CRM,TM_MM_FDRM_MBER_DVLP_AMT,SETLE_CD,REACHED,4,,2026-10-08 04:40:03.990000
BRONZE_CRM,TM_MM_FDRM_MBER_DVLP_AMT,MBER_DIV_CD,REACHED,4,,2026-10-08 04:40:05.655000
BRONZE_CRM,TM_MM_FDRM_MBER_DVLP_AMT,SEX,REACHED,7,,2026-10-08 04:40:07.791000
BRONZE_CRM,TM_MM_FDRM_MBER_DVLP_AMT,AREA_CD,REACHED,13,,2026-10-08 04:40:09.258000
BRONZE_CRM,TM_MM_FDRM_MBER_DVLP_AMT,SPNSR_AMT_CD,REACHED,4,,2026-10-08 04:40:10.517000
BRONZE_CRM,TM_MM_FDRM_MBER_DVLP_AMT,SPNSR_BSNS_ID,REACHED,7,,2026-10-08 04:40:11.835000
BRONZE_CRM,TM_MM_FDRM_MBER_DVLP_AMT,CANCL_RDCAMT_RSN_CD,REACHED,4,,2026-10-08 04:40:13.062000
BRONZE_CRM,TM_MM_FDRM_MBER_DVLP_AMT,DVLP_DIV_CD,REACHED,24,,2026-10-08 04:40:14.776000
BRONZE_CRM,TH_MM_FDRM_MBER_STNG_DTLS,BF_STAT_CD,REACHED,3,,2026-10-08 04:40:16.154000
BRONZE_CRM,TH_MM_FDRM_MBER_STNG_DTLS,CHN_STAT_CD,REACHED,16,,2026-10-08 04:40:18.445000
BRONZE_CRM,TM_MS_MSG_AT_SNDNG,SNDNG_CD_ID,REACHED,1,,2026-10-08 04:40:19.673000
BRONZE_CRM,TM_MS_MSG_AT_SNDNG,SNDNG_DTL_CD_ID,REACHED,1,,2026-10-08 04:40:20.895000
BRONZE_CRM,TM_MS_MSG_AT_SNDNG,SNDNG_TY_CD,REACHED,5,,2026-10-08 04:40:22.272000
BRONZE_CRM,TM_MS_MSG_AT_SNDNG,SNDNG_TIME_DIV_CD,NONE,0,,2026-10-08 04:40:23.480000
BRONZE_CRM,TM_MS_MSG_AT_SNDNG,MSG_DIV_CD,NONE,0,,2026-10-08 04:40:24.685000
BRONZE_CRM,TM_MS_MSG_AT_SNDNG,MSG_AT_RM,NONE,0,,2026-10-08 04:40:25.833000
BRONZE_CRM,TM_MS_MSG_AT_SNDNG,ATCHFL_ID,NONE,0,,2026-10-08 04:40:27.661000
BRONZE_CRM,TM_MS_MSG_AT_SNDNG,ALTRTV_MSG_SNDNG_YN,REACHED,1,,2026-10-08 04:40:28.849000
BRONZE_CRM,TM_MM_FDRM_MBER_SPNSR_BSNS,SPNSR_BSNS_ID,REACHED,1,,2026-10-08 04:40:30.173000
BRONZE_CRM,TM_MM_FDRM_MBER_SPNSR_BSNS,SPNSR_DSCNTC_YN,REACHED,1,,2026-10-08 04:40:31.449000
BRONZE_CRM,TM_MM_FDRM_MBER_SPNSR_BSNS,SPNSR_DSCNTC_RSN_CD,REACHED,1,,2026-10-08 04:40:32.681000
BRONZE_CRM,TM_CM_SCHDUL_MNG,SCHDUL_DIV_CD,NONE,0,,2026-10-08 04:40:33.817000
BRONZE_CRM,TM_CM_SCHDUL_MNG,SCHDUL_CD,NONE,0,,2026-10-08 04:40:34.992000
BRONZE_CRM,TM_CM_SCHDUL_MNG,SCHDUL_TIT,NONE,0,,2026-10-08 04:40:36.802000
BRONZE_CRM,TM_MM_FDRM_MBER_INFO,MBER_DIV_CD,REACHED,7,,2026-10-08 04:40:38.407000
BRONZE_CRM,TM_MM_FDRM_MBER_INFO,CPR_DIV_CD,NONE,0,,2026-10-08 04:40:39.743000
BRONZE_CRM,TM_MM_FDRM_MBER_INFO,SLRCLD_LRR_CD,NONE,0,,2026-10-08 04:40:40.960000
BRONZE_CRM,TM_MM_FDRM_MBER_INFO,MOBLPHON_STAT_CD,NONE,0,,2026-10-08 04:40:42.217000
BRONZE_CRM,TM_MM_FDRM_MBER_INFO,ETC_CTTPC_REL_CD,NONE,0,,2026-10-08 04:40:43.413000
BRONZE_CRM,TM_MM_FDRM_MBER_INFO,ETC_CTTPC_STAT_CD,NONE,0,,2026-10-08 04:40:44.755000
BRONZE_CRM,TM_MM_FDRM_MBER_INFO,EMAIL_STAT_CD,NONE,0,,2026-10-08 04:40:45.875000
BRONZE_CRM,TM_MM_FDRM_MBER_INFO,PSTMTR_RECPTN_CD,NONE,0,,2026-10-08 04:40:47.798000
BRONZE_CRM,TM_MM_FDRM_MBER_INFO,EMAIL_RECPTN_CD,NONE,0,,2026-10-08 04:40:48.926000
BRONZE_CRM,TM_MM_FDRM_MBER_INFO,CHRCTR_RECPTN_YN,REACHED,1,,2026-10-08 04:40:50.127000
BRONZE_CRM,TM_MM_FDRM_MBER_INFO,SPECL_MNG_CD1,REACHED,1,,2026-10-08 04:40:52.153000
BRONZE_CRM,TM_MM_FDRM_MBER_INFO,SPECL_MNG_CD2,NONE,0,,2026-10-08 04:40:53.331000
BRONZE_CRM,TM_MM_FDRM_MBER_INFO,MBER_STAT_CD,REACHED,16,,2026-10-08 04:40:54.861000
BRONZE_CRM,TM_MM_FDRM_MBER_INFO,RELATNSP_DIV_CD,NONE,0,,2026-10-08 04:40:56.046000
BRONZE_CRM,TM_MM_FDRM_MBER_INFO,ACT_DEPT_CD,NONE,0,,2026-10-08 04:40:57.265000
BRONZE_CRM,TM_MM_FDRM_MBER_INFO,JOIN_PATH_CD,REACHED,8,,2026-10-08 04:40:58.740000
BRONZE_CRM,TM_MM_FDRM_MBER_INFO,CTI_SYNCHRN_DIV_CD,NONE,0,,2026-10-08 04:40:59.878000
BRONZE_CRM,TM_MM_FDRM_MBER_INFO,REGIST_DEPT_CD,NONE,0,,2026-10-08 04:41:01.109000
BRONZE_CRM,TM_MM_FDRM_MBER_INFO,SEX,REACHED,7,,2026-10-08 04:41:02.909000
BRONZE_CRM,TM_PM_MBRFEE_ACMSLT,MBER_DIV_CD,NONE,0,,2026-10-08 04:41:04.032000
BRONZE_CRM,TM_PM_MBRFEE_ACMSLT,CPR_DIV_CD,NONE,0,,2026-10-08 04:41:05.350000
BRONZE_CRM,TM_PM_MBRFEE_ACMSLT,SPNSR_BSNS_ID,REACHED,1,,2026-10-08 04:41:06.541000
BRONZE_CRM,TM_PM_MBRFEE_ACMSLT,MBRFEE_MT,REACHED,29,,2026-10-08 04:41:08.498000
BRONZE_CRM,TM_PM_MBRFEE_ACMSLT,RQEST_MT,NONE,0,,2026-10-08 04:41:09.695000
BRONZE_CRM,TM_PM_MBRFEE_ACMSLT,MBRFEE_DIV_CD,REACHED,2,,2026-10-08 04:41:10.855000
BRONZE_CRM,TM_PM_MBRFEE_ACMSLT,GFT_DIV_CD,NONE,0,,2026-10-08 04:41:12.040000
BRONZE_CRM,TM_PM_MBRFEE_ACMSLT,TOGETH_WTDRW_YN,NONE,0,,2026-10-08 04:41:13.659000
BRONZE_CRM,TM_PM_MBRFEE_ACMSLT,SETLE_CD,REACHED,2,,2026-10-08 04:41:14.887000
BRONZE_CRM,TM_PM_MBRFEE_ACMSLT,SETLE_ENTRPS_CD,NONE,0,,2026-10-08 04:41:16.050000
BRONZE_CRM,TM_PM_MBRFEE_ACMSLT,RQEST_DIV_CD,NONE,0,,2026-10-08 04:41:17.298000
BRONZE_CRM,TM_PM_MBRFEE_ACMSLT,PAY_STAT_CD,REACHED,13,,2026-10-08 04:41:18.872000
BRONZE_CRM,TM_PM_MBRFEE_ACMSLT,PRCS_STAT_CD,NONE,0,,2026-10-08 04:41:20.009000
BRONZE_CRM,TM_PM_MBRFEE_ACMSLT,FNLT_CD,NONE,0,,2026-10-08 04:41:21.053000
BRONZE_CRM,TM_PM_MBRFEE_ACMSLT,RQEST_RST_CD,NONE,0,,2026-10-08 04:41:22.285000
BRONZE_CRM,TM_PM_MBRFEE_ACMSLT,PRCS_RST_CD,NONE,0,,2026-10-08 04:41:23.377000
BRONZE_CRM,TM_PM_MBRFEE_ACMSLT,RETUN_RSN_CD,NONE,0,,2026-10-08 04:41:24.525000
BRONZE_CRM,TM_PM_MBRFEE_ACMSLT,OPERT_DIV_CD,NONE,0,,2026-10-08 04:41:25.641000
BRONZE_CRM,TM_CM_BRND_MNG,BRND_ID,REACHED,1,,2026-10-08 04:41:27.509000
BRONZE_CRM,TM_CM_BRND_MNG,BRND_NM,REACHED,14,,2026-10-08 04:41:29.288000
BRONZE_CRM,TM_CM_BRND_MNG,USE_DEPT_CD,REACHED,1,,2026-10-08 04:41:30.448000
BRONZE_CRM,TM_CM_BRND_MNG,PR_MTH_LIST,REACHED,1,,2026-10-08 04:41:31.600000
BRONZE_CRM,SND_MEMBER_LIST,SPNSR_CD,NONE,0,,2026-10-08 04:41:32.776000
BRONZE_CRM,SND_MEMBER_LIST,SPNSR_NM,NONE,0,,2026-10-08 04:41:33.884000
BRONZE_CRM,SND_MEMBER_LIST,GENDER,NONE,0,,2026-10-08 04:41:35.034000
BRONZE_CRM,SND_MEMBER_LIST,AGE,NONE,0,,2026-10-08 04:41:36.156000
BRONZE_CRM,SND_MEMBER_LIST,SETLE_NM,NONE,0,,2026-10-08 04:41:37.237000
BRONZE_CRM,SND_MEMBER_LIST,DSCNTC_PATH,NONE,0,,2026-10-08 04:41:38.313000
BRONZE_CRM,SND_MEMBER_LIST,DSCNTC_RSN_NM,NONE,0,,2026-10-08 04:41:41.087000
BRONZE_CRM,SND_MEMBER_LIST,LST_BRND_CD,REACHED,1,,2026-10-08 04:41:42.891000
BRONZE_CRM,SND_MEMBER_LIST,LST_BRND_NM,REACHED,1,,2026-10-08 04:41:44.695000
BRONZE_CRM,SND_MEMBER_LIST,MNG_NO,NONE,0,,2026-10-08 04:41:46.344000
BRONZE_CRM,SND_MEMBER_LIST,LETTER_DIV_CD,NONE,0,,2026-10-08 04:41:48.207000
BRONZE_CRM,SND_MEMBER_LIST,CHILD_DTL_NM,NONE,0,,2026-10-08 04:41:49.691000
BRONZE_CRM,SND_MEMBER_LIST,RELATNSP_DSCNTC_YN,NONE,0,,2026-10-08 04:41:51.860000
BRONZE_CRM,SND_MEMBER_LIST,FRST_SPNSR,NONE,0,,2026-10-08 04:41:53.240000
BRONZE_CRM,SND_MEMBER_LIST,FRST_BRND_CD,REACHED,1,,2026-10-08 04:41:54.526000
BRONZE_CRM,SND_MEMBER_LIST,FRST_BRND_NM,REACHED,1,,2026-10-08 04:41:56.247000
BRONZE_CRM,SND_MEMBER_LIST,SND_YN,REACHED,8,,2026-10-08 04:41:57.782000
BRONZE_CRM,SND_MEMBER_LIST,SND_MSG,NONE,0,,2026-10-08 04:41:58.995000
BRONZE_CRM,SND_MEMBER_LIST,SND_HOUR,NONE,0,,2026-10-08 04:42:00.260000
BRONZE_CRM,SND_MEMBER_LIST,SND_MIN,NONE,0,,2026-10-08 04:42:01.530000
BRONZE_CRM,SND_MEMBER_LIST,NATION_NM,NONE,0,,2026-10-08 04:42:02.864000
BRONZE_CRM,SND_MEMBER_LIST,BPLC_KOR_NM,NONE,0,,2026-10-08 04:42:04.107000
BRONZE_CRM,SND_MEMBER_LIST,NEW_CHILD_PROJECT_COUNTRY,NONE,0,,2026-10-08 04:42:05.275000
BRONZE_CRM,SND_MEMBER_LIST,NEW_CHILD_WORKPLACE_NM,NONE,0,,2026-10-08 04:42:06.427000
BRONZE_CRM,SND_MEMBER_LIST,SPNSR_TYPE,NONE,0,,2026-10-08 04:42:07.997000
BRONZE_CRM,SND_MEMBER_LIST,CPR_DIV_CD,NONE,0,,2026-10-08 04:42:09.170000
BRONZE_CRM,SND_MEMBER_LIST,CURRENT_BRND,REACHED,1,,2026-10-08 04:42:10.450000
BRONZE_CRM,SND_MEMBER_LIST,CINFO,REACHED,1,,2026-10-08 04:42:11.592000
BRONZE_CRM,SND_MEMBER_LIST,RESPONSED_YN,REACHED,1,,2026-10-08 04:42:12.786000
BRONZE_CRM,SND_MEMBER_LIST,CALL_STATUS,REACHED,2,,2026-10-08 04:42:14.283000
BRONZE_CRM,TM_RM_RELATNSP_GFTMNEY_INFO,MNG_NO,REACHED,2,,2026-10-08 04:42:16.158000
BRONZE_CRM,TM_RM_RELATNSP_GFTMNEY_INFO,SETLE_CD,REACHED,1,,2026-10-08 04:42:17.449000
BRONZE_CRM,TM_RM_RELATNSP_GFTMNEY_INFO,SETLE_BANK_CD,NONE,0,,2026-10-08 04:42:18.545000
BRONZE_CRM,TM_RM_RELATNSP_GFTMNEY_INFO,GFT_DIV_CD,REACHED,1,,2026-10-08 04:42:19.750000
BRONZE_CRM,TM_RM_RELATNSP_GFTMNEY_INFO,EHGT,NONE,0,,2026-10-08 04:42:21.569000
BRONZE_CRM,TM_RM_RELATNSP_GFTMNEY_INFO,GFTMNEY_DOLLAR_AMT,REACHED,1,,2026-10-08 04:42:22.742000
BRONZE_CRM,TM_RM_RELATNSP_GFTMNEY_INFO,TRNSFER_YN,REACHED,1,,2026-10-08 04:42:24.083000
BRONZE_CRM,TD_MS_PSTMTR_SNDNG_DTL,MNG_NO,REACHED,1,,2026-10-08 04:42:25.353000
BRONZE_CRM,TM_CM_MBER_DVLP_GOAL,STDYY,REACHED,15,,2026-10-08 04:42:27.399000
BRONZE_CRM,TM_CM_MBER_DVLP_GOAL,MBER_DVLP_DIV_CD,REACHED,6,,2026-10-08 04:42:28.800000
BRONZE_CRM,TM_CM_MBER_DVLP_GOAL,DEPT_ID,REACHED,3,,2026-10-08 04:42:30.089000
BRONZE_CRM,TM_MS_EMAIL_SNDNG,SNDNG_CD_ID,REACHED,1,,2026-10-08 04:42:31.281000
BRONZE_CRM,TM_MS_EMAIL_SNDNG,SNDNG_DTL_CD_ID,REACHED,1,,2026-10-08 04:42:32.529000
BRONZE_CRM,TM_MS_EMAIL_SNDNG,SNDNG_TY_CD,REACHED,5,,2026-10-08 04:42:34.442000
BRONZE_CRM,TM_MS_EMAIL_SNDNG,PRCS_YN,REACHED,1,,2026-10-08 04:42:35.640000
BRONZE_CRM,TD_MS_EMAIL_LQY_SNDNG,MSG_ID,NONE,0,,2026-10-08 04:42:36.757000
BRONZE_CRM,TD_MS_EMAIL_LQY_SNDNG,MKT_TRGET_CTNT,NONE,0,,2026-10-08 04:42:37.810000
BRONZE_CRM,TM_MM_FDRM_MBER_RELATNSP_DVLP_AMT,BF_STAT_CD,REACHED,1,,2026-10-08 04:42:39.639000
BRONZE_CRM,TM_MM_FDRM_MBER_RELATNSP_DVLP_AMT,AF_STAT_CD,REACHED,1,,2026-10-08 04:42:40.811000
BRONZE_CRM,TM_MM_FDRM_MBER_RELATNSP_DVLP_AMT,RELATNSP_DVLP_DIV_CD,REACHED,1,,2026-10-08 04:42:42.074000
BRONZE_CRM,TM_MM_FDRM_MBER_RELATNSP_DVLP_AMT,ACCNUT_STATS_CD,REACHED,1,,2026-10-08 04:42:43.305000
BRONZE_CRM,TM_MM_FDRM_MBER_RELATNSP_DVLP_AMT,CHILD_STATS_CD,REACHED,1,,2026-10-08 04:42:44.582000
BRONZE_CRM,TM_MM_FDRM_MBER_SPNSR,ACMSLT_DEPT_CD,REACHED,2,,2026-10-08 04:42:45.966000
BRONZE_CRM,TM_MM_FDRM_MBER_SPNSR,JOIN_PATH_CD,REACHED,2,,2026-10-08 04:42:47.418000
BRONZE_CRM,TM_MM_FDRM_MBER_SPNSR_DSCNTC,DSCNTC_RSN_CD,REACHED,3,,2026-10-08 04:42:48.857000
BRONZE_CRM,TM_MM_FDRM_MBER_SPNSR_DSCNTC,DSCNTC_PATH,REACHED,2,,2026-10-08 04:42:50.111000
BRONZE_CRM,TM_MM_FDRM_MBER_SPNSR_DSCNTC,REGIST_DEPT_CD,NONE,0,,2026-10-08 04:42:51.451000
BRONZE_CRM,TM_RM_RELATNSP_CHG_INFO,CHG_YN,REACHED,1,,2026-10-08 04:42:53.488000
BRONZE_CRM,TM_RM_RELATNSP_CHG_INFO,CHG_PERSON_ID,REACHED,1,,2026-10-08 04:42:55.085000
BRONZE_CRM,TM_RM_RELATNSP_MSTR_INFO,RELATNSP_DSCNTC_YN,NONE,0,,2026-10-08 04:42:56.339000
BRONZE_CRM,TM_RM_CHILD_MSTR_INFO,BPLC_CD,REACHED,1,,2026-10-08 04:42:57.491000
BRONZE_CRM,TM_RM_CHILD_MSTR_INFO,SEX,REACHED,1,,2026-10-08 04:42:58.660000
BRONZE_CRM,TM_RM_CHILD_MSTR_INFO,RELATNSP_STAT_CD,REACHED,1,,2026-10-08 04:42:59.913000
BRONZE_CRM,TM_RM_CHILD_MSTR_INFO,CHILD_STAT_CD,REACHED,1,,2026-10-08 04:43:01.636000
BRONZE_CRM,TM_RM_CHILD_MSTR_INFO,CHILD_DTL_STAT_CD,REACHED,1,,2026-10-08 04:43:03.709000
BRONZE_CRM,TM_RM_CHILD_MSTR_INFO,REGIST_DIV_CD,REACHED,1,,2026-10-08 04:43:05.763000
BRONZE_CRM,TM_RM_CHILD_MSTR_INFO,MNYRS_NATION_CD,REACHED,1,,2026-10-08 04:43:07.492000
BRONZE_CRM,TM_MS_PSTMTR_SNDNG,SNDNG_CD_ID,REACHED,1,,2026-10-08 04:43:08.927000
BRONZE_CRM,TM_MS_PSTMTR_SNDNG,SNDNG_DTL_CD_ID,REACHED,1,,2026-10-08 04:43:10.454000
BRONZE_CRM,TM_MS_PSTMTR_SNDNG,SNDNG_TY_CD,REACHED,5,,2026-10-08 04:43:12.359000
BRONZE_CRM,TM_MS_PSTMTR_SNDNG,PCPSN_ID,NONE,0,,2026-10-08 04:43:13.521000
BRONZE_CRM,TM_MS_PSTMTR_SNDNG,PRCS_STAT_CD,NONE,0,,2026-10-08 04:43:14.831000
BRONZE_CRM,TM_MS_PSTMTR_SNDNG,LQY_YN,REACHED,1,,2026-10-08 04:43:16.706000
BRONZE_CRM,TM_MS_PSTMTR_SNDNG,RE_SNDNG_YN,REACHED,1,,2026-10-08 04:43:17.924000
BRONZE_CRM,TM_MS_EMAIL_TMPLAT_MNG,CPR_DIV_CD,REACHED,1,,2026-10-08 04:43:19.146000
BRONZE_CRM,TM_MS_EMAIL_TMPLAT_MNG,SNDNG_CD_ID,REACHED,1,,2026-10-08 04:43:20.659000
BRONZE_CRM,TM_MS_EMAIL_TMPLAT_MNG,SNDNG_DTL_CD_ID,REACHED,1,,2026-10-08 04:43:21.944000
BRONZE_CRM,TM_MS_EMAIL_TMPLAT_MNG,ATMC_YN,REACHED,1,,2026-10-08 04:43:23.219000
BRONZE_CRM,TM_MS_EMAIL_TMPLAT_MNG,TIT,REACHED,1,,2026-10-08 04:43:24.406000
BRONZE_CRM,TM_MS_EMAIL_TMPLAT_MNG,EMAIL_CTNT,REACHED,1,,2026-10-08 04:43:26.193000
BRONZE_CRM,TM_MS_EMAIL_TMPLAT_MNG,WRITNG_DEPT_ID,REACHED,1,,2026-10-08 04:43:27.388000
BRONZE_CRM,TM_MS_EMAIL_TMPLAT_MNG,WRITNG_DEPT_NM,REACHED,1,,2026-10-08 04:43:28.708000
BRONZE_CRM,TM_MS_EMAIL_TMPLAT_MNG,CHRG_DEPT_ID,REACHED,1,,2026-10-08 04:43:29.851000
BRONZE_CRM,TM_CM_CMPGN_MNG,UPPER_CMPGN_YN,REACHED,1,,2026-10-08 04:43:31.014000
BRONZE_CRM,TM_CM_CMPGN_MNG,SPNSR_DIV_CD,REACHED,6,,2026-10-08 04:43:32.399000
BRONZE_CRM,TM_CM_CMPGN_MNG,CPR_DIV_CD,REACHED,6,,2026-10-08 04:43:33.741000
BRONZE_CRM,TM_CM_CMPGN_MNG,CMPGN_TRGET_CD,REACHED,1,,2026-10-08 04:43:34.924000
BRONZE_CRM,TM_CM_CMPGN_MNG,USE_DEPT_CD,REACHED,2,,2026-10-08 04:43:36.654000
BRONZE_CRM,TM_CM_CMPGN_MNG,USE_SCOPE,REACHED,2,,2026-10-08 04:43:37.913000
BRONZE_CRM,TM_CM_CMPGN_MNG,SPNSR_ENTRPRS_ID,REACHED,2,,2026-10-08 04:43:39.109000
BRONZE_CRM,TM_CM_CMPGN_MNG,BRND_ID,REACHED,9,,2026-10-08 04:43:40.342000
BRONZE_CRM,TM_CM_CMPGN_MNG,PR_MTH_CD,REACHED,14,,2026-10-08 04:43:41.830000
BRONZE_CRM,TM_CM_CMPGN_MNG,MBRFEE_BNKB_LIST,REACHED,1,,2026-10-08 04:43:43.017000
BRONZE_CRM,TM_CM_CMPGN_MNG,INICIS_ACNT_NO,REACHED,1,,2026-10-08 04:43:44.169000
BRONZE_CRM,TM_CM_CMPGN_MNG,SPNSR_BSNS_ID,REACHED,1,,2026-10-08 04:43:45.339000
BRONZE_CRM,TM_CM_CMPGN_MNG,CMPGN_DC,REACHED,1,,2026-10-08 04:43:46.424000
BRONZE_CRM,TM_CM_CMPGN_MNG,CMPGN_PRPT_YN,REACHED,1,,2026-10-08 04:43:48.053000
BRONZE_CRM,TM_CM_CMPGN_MNG,ATCHFL_ID,REACHED,1,,2026-10-08 04:43:49.314000
BRONZE_CRM,SND_MEMBER_MAIL_LINK_LOG,MBER_NO,NONE,0,,2026-10-08 04:43:50.490000
BRONZE_CRM,SND_MEMBER_MAIL_LINK_LOG,LINK_ID,NONE,0,,2026-10-08 04:43:51.837000
BRONZE_CRM,SND_MEMBER_MAIL_LINK_LOG,LINK_IMG_URL,NONE,0,,2026-10-08 04:43:53.064000
BRONZE_CRM,SND_MEMBER_MAIL_LINK_LOG,LINK_PAGE,NONE,0,,2026-10-08 04:43:54.262000
BRONZE_CRM,SND_MEMBER_MAIL_LINK_LOG,AGENT,NONE,0,,2026-10-08 04:43:55.386000
BRONZE_CRM,TM_CM_MBER_DVLP_GOAL_DIV,GOAL_TYPE_NM,NONE,0,,2026-10-08 04:43:56.476000
BRONZE_CRM,TM_CM_MBER_DVLP_GOAL_DIV,CPR_DIV_NM,NONE,0,,2026-10-08 04:43:57.645000
BRONZE_CRM,TM_CM_MBER_DVLP_GOAL_DIV,NEW_OLD_DIV_NM,NONE,0,,2026-10-08 04:43:58.774000
BRONZE_CRM,TM_CM_MBER_DVLP_GOAL_DIV,ORG_DIV_NM,NONE,0,,2026-10-08 04:44:00.134000
BRONZE_CRM,TM_CM_MBER_DVLP_GOAL_DIV,TEAM_NM,NONE,0,,2026-10-08 04:44:01.261000
BRONZE_CRM,TM_CM_MBER_DVLP_GOAL_DIV,SPNSR_BSNS_DIV_NM,NONE,0,,2026-10-08 04:44:02.756000
BRONZE_CRM,TM_CM_MBER_DVLP_GOAL_DIV,DTL_DIV_NM,NONE,0,,2026-10-08 04:44:03.920000
BRONZE_CRM,TM_MM_FDRM_MBER_RE_SPNSR,REGIST_DEPT_CD,NONE,0,,2026-10-08 04:44:05.061000
BRONZE_CRM,TD_MS_EMAIL_SNDNG_DTLS,SNDNG_RST_CD,REACHED,8,,2026-10-08 04:44:06.521000
BRONZE_CRM,TH_PM_SETLE_INFO_HIST,CPR_DIV_CD,REACHED,1,,2026-10-08 04:44:07.754000
BRONZE_CRM,TH_PM_SETLE_INFO_HIST,SETLE_CD,REACHED,1,,2026-10-08 04:44:09.018000
BRONZE_CRM,TH_PM_SETLE_INFO_HIST,FNLT_DIV_CD,REACHED,1,,2026-10-08 04:44:10.243000
BRONZE_CRM,TH_PM_SETLE_INFO_HIST,FNLT_CD,REACHED,1,,2026-10-08 04:44:11.437000
BRONZE_CRM,TH_PM_SETLE_INFO_HIST,SETLE_ENTRPS_CD,REACHED,1,,2026-10-08 04:44:12.623000
BRONZE_CRM,TH_PM_SETLE_INFO_HIST,CARD_DIV_CD,REACHED,1,,2026-10-08 04:44:13.869000
BRONZE_CRM,TH_PM_SETLE_INFO_HIST,ETC_CTTPC_REL_CD,REACHED,1,,2026-10-08 04:44:14.992000
BRONZE_CRM,TH_PM_SETLE_INFO_HIST,PAYER_MBER_REL_CD,REACHED,1,,2026-10-08 04:44:16.166000
BRONZE_CRM,TH_PM_SETLE_INFO_HIST,CRTFC_MTH_CD,REACHED,1,,2026-10-08 04:44:18.133000
BRONZE_CRM,TH_PM_SETLE_INFO_HIST,SETLE_STAT_CD,REACHED,1,,2026-10-08 04:44:19.304000
BRONZE_CRM,TH_PM_SETLE_INFO_HIST,BF_SETLE_STAT_CD,REACHED,1,,2026-10-08 04:44:20.629000
BRONZE_CRM,TH_PM_SETLE_INFO_HIST,RQST_DIV_CD,REACHED,1,,2026-10-08 04:44:21.805000
BRONZE_CRM,TH_PM_SETLE_INFO_HIST,RCEPT_DIV_CD,REACHED,1,,2026-10-08 04:44:23.222000
BRONZE_CRM,TH_PM_SETLE_INFO_HIST,APRV_YN,REACHED,1,,2026-10-08 04:44:24.434000
BRONZE_CRM,TH_PM_SETLE_INFO_HIST,RQEST_EXCL_YN,REACHED,1,,2026-10-08 04:44:25.596000
BRONZE_CRM,TH_PM_SETLE_INFO_HIST,APPLCNT_ETC_CTTPC_REL_CD,REACHED,1,,2026-10-08 04:44:27.397000
BRONZE_CRM,TH_PM_SETLE_INFO_HIST,APPLCNT_MBER_REL_CD,REACHED,1,,2026-10-08 04:44:28.555000
BRONZE_CRM,TH_PM_SETLE_INFO_HIST,OPERT_DIV_CD,REACHED,1,,2026-10-08 04:44:29.744000
BRONZE_CRM,TH_PM_SETLE_INFO_HIST,CRTFC_TY_CD,REACHED,1,,2026-10-08 04:44:30.992000
ML,ML_RST_DATA_MKTG_CHANNEL_MBER_AVG_LTV,MKTG_CHANNEL,REACHED,1,,2026-10-08 04:44:33.445000
ML,ML_RST_DATA_CMPGN_CTGR_AMT,CMPGN_CTGR_CD,REACHED,1,,2026-10-08 04:44:35.221000
ML,ML_RST_DATA_CMPGN_SPNSR_AMT_LTV,MKTG_CHANNEL,REACHED,1,,2026-10-08 04:44:36.403000
ML,ML_RST_DATA_MONTHLY_CMPGN_DVLP_AMT,CMPGN_CD,REACHED,1,,2026-10-08 04:44:37.577000
ML,ML_RST_DATA_SPNSR_CHURN_12M,SPNSR_BSNS_ID,REACHED,1,,2026-10-08 04:44:38.817000
ML,ML_RST_DATA_SPNSR_CHURN_12M,CMPGN_CTGR_CD,REACHED,1,,2026-10-08 04:44:40.112000
BRONZE_AGENCY,REBRDC_AD_CMPGN_DTLS,DIV_NM,REACHED,14,,2026-10-08 04:44:42.483000
BRONZE_AGENCY,REBRDC_AD_CMPGN_DTLS,YEAR,REACHED,5,,2026-10-08 04:44:43.782000
BRONZE_AGENCY,REBRDC_AD_CMPGN_DTLS,MONTH,REACHED,5,,2026-10-08 04:44:45.137000
BRONZE_AGENCY,REBRDC_AD_CMPGN_DTLS,DAY,REACHED,5,,2026-10-08 04:44:46.476000
BRONZE_AGENCY,REBRDC_AD_CMPGN_DTLS,CHNNL_NM,REACHED,16,,2026-10-08 04:44:50.155000
BRONZE_AGENCY,REBRDC_AD_CMPGN_DTLS,DOW,REACHED,5,,2026-10-08 04:44:52.071000
BRONZE_AGENCY,REBRDC_AD_CMPGN_DTLS,WEEK,REACHED,5,,2026-10-08 04:44:54.137000
BRONZE_AGENCY,REBRDC_AD_CMPGN_DTLS,BRDC_TIME,REACHED,8,,2026-10-08 04:44:56.331000
BRONZE_AGENCY,REBRDC_AD_CMPGN_DTLS,BRDC_NM,REACHED,16,,2026-10-08 04:44:59.496000
BRONZE_AGENCY,REBRDC_AD_CMPGN_DTLS,BRDC_DIV_NM,REACHED,8,,2026-10-08 04:45:02.227000
BRONZE_AGENCY,REBRDC_AD_CMPGN_DTLS,INBOUND_CALL_CNT,REACHED,9,,2026-10-08 04:45:04.093000
BRONZE_AGENCY,DGT_AD_CMPGN_DTLS,YEAR,REACHED,17,,2026-10-08 04:45:05.894000
BRONZE_AGENCY,DGT_AD_CMPGN_DTLS,BDGT_SOURCE_NM,REACHED,5,,2026-10-08 04:45:07.640000
BRONZE_AGENCY,DGT_AD_CMPGN_DTLS,CMPGN_TYPE1_BSN_NM,REACHED,5,,2026-10-08 04:45:09.260000
BRONZE_AGENCY,DGT_AD_CMPGN_DTLS,CMPGN_TYPE2_BSN_NM,REACHED,5,,2026-10-08 04:45:10.808000
BRONZE_AGENCY,DGT_AD_CMPGN_DTLS,CMPGN_TYPE_BSN_NM,REACHED,5,,2026-10-08 04:45:12.183000
BRONZE_AGENCY,DGT_AD_CMPGN_DTLS,AD_TY_NM,REACHED,8,,2026-10-08 04:45:13.620000
BRONZE_AGENCY,DGT_AD_CMPGN_DTLS,MONTH,REACHED,17,,2026-10-08 04:45:15.038000
BRONZE_AGENCY,DGT_AD_CMPGN_DTLS,DEVICE,REACHED,5,,2026-10-08 04:45:16.357000
BRONZE_AGENCY,DGT_AD_CMPGN_DTLS,MEDIA_NM,REACHED,12,,2026-10-08 04:45:17.837000
BRONZE_AGENCY,DGT_AD_CMPGN_DTLS,WEEK,REACHED,5,,2026-10-08 04:45:19.287000
BRONZE_AGENCY,DGT_AD_CMPGN_DTLS,DAY,REACHED,17,,2026-10-08 04:45:21.435000
BRONZE_AGENCY,DGT_AD_CMPGN_DTLS,DOW,REACHED,5,,2026-10-08 04:45:22.797000
BRONZE_AGENCY,DGT_AD_CMPGN_DTLS,CMPGN_NM,REACHED,5,,2026-10-08 04:45:24.701000
BRONZE_AGENCY,DGT_AD_CMPGN_DTLS,MATR_TY_NM,REACHED,13,,2026-10-08 04:45:26.404000
BRONZE_AGENCY,DGT_AD_CMPGN_DTLS,UTM_CMPGN_NM,REACHED,5,,2026-10-08 04:45:27.680000
BRONZE_AGENCY,DGT_AD_CMPGN_DTLS,PAGE_TYPE_NM,REACHED,8,,2026-10-08 04:45:29.061000
BRONZE_AGENCY,DGT_AD_CMPGN_DTLS,AD_GRP_NM,REACHED,8,,2026-10-08 04:45:31.237000
BRONZE_AGENCY,VIDEO_AD_CMPGN_DTLS,CHNNL_NM,REACHED,16,,2026-10-08 04:45:32.888000
BRONZE_AGENCY,VIDEO_AD_CMPGN_DTLS,DOW,REACHED,5,,2026-10-08 04:45:34.144000
BRONZE_AGENCY,VIDEO_AD_CMPGN_DTLS,TIME_RNG,REACHED,8,,2026-10-08 04:45:35.459000
BRONZE_AGENCY,VIDEO_AD_CMPGN_DTLS,DAY_DIV_NM,REACHED,8,,2026-10-08 04:45:36.844000
BRONZE_AGENCY,VIDEO_AD_CMPGN_DTLS,CM,REACHED,5,,2026-10-08 04:45:38.125000
BRONZE_AGENCY,VIDEO_AD_CMPGN_DTLS,CM_AREA,REACHED,12,,2026-10-08 04:45:39.564000
BRONZE_AGENCY,VIDEO_AD_CMPGN_DTLS,SPOT_TY,REACHED,8,,2026-10-08 04:45:40.986000
BRONZE_AGENCY,VIDEO_AD_CMPGN_DTLS,AD_SEC,REACHED,11,,2026-10-08 04:45:42.493000
BRONZE_AGENCY,VIDEO_AD_CMPGN_DTLS,UPPER_CMPGN_NM,REACHED,5,,2026-10-08 04:45:44.455000
BRONZE_AGENCY,VIDEO_AD_CMPGN_DTLS,MATR_NM,REACHED,12,,2026-10-08 04:45:46.308000
BRONZE_AGENCY,VIDEO_AD_CMPGN_DTLS,DMST_OVSEA_DIV_NM,REACHED,5,,2026-10-08 04:45:47.671000
BRONZE_AGENCY,VIDEO_AD_CMPGN_DTLS,BSNS_CASE_DIV_NM,REACHED,5,,2026-10-08 04:45:48.969000
BRONZE_AGENCY,VIDEO_AD_CMPGN_DTLS,CMPGN_TY_NM,REACHED,10,,2026-10-08 04:45:51.125000
BRONZE_AGENCY,VIDEO_AD_CMPGN_DTLS,CHNNL_CMPNY_TY_NM,REACHED,8,,2026-10-08 04:45:52.555000
BRONZE_AGENCY,VIDEO_AD_CMPGN_DTLS,WEEK,REACHED,5,,2026-10-08 04:45:53.956000
BRONZE_AGENCY,VIDEO_AD_CMPGN_DTLS,MONTH,REACHED,17,,2026-10-08 04:45:55.640000
BRONZE_AGENCY,VIDEO_AD_CMPGN_DTLS,AD_TY_NM,REACHED,8,,2026-10-08 04:45:57.065000
BRONZE_AGENCY,VIDEO_AD_CMPGN_DTLS,DEVICE_NM,REACHED,5,,2026-10-08 04:45:59.035000
BRONZE_AGENCY,VIDEO_AD_CMPGN_DTLS,YEAR,REACHED,17,,2026-10-08 04:46:00.469000
BRONZE_AGENCY,VIDEO_AD_CMPGN_DTLS,DAY,REACHED,17,,2026-10-08 04:46:01.984000
BRONZE_AGENCY,VIDEO_AD_CMPGN_DTLS,CMPGN_NM,REACHED,5,,2026-10-08 04:46:03.411000
BRONZE_AGENCY,VIDEO_AD_CMPGN_DTLS,MATR_TY_NM,REACHED,5,,2026-10-08 04:46:04.791000
BRONZE_ERP,BDGT_ACMSLT_LEDGER,YEAR,REACHED,8,,2026-10-08 04:46:07.097000
BRONZE_ERP,BDGT_ACMSLT_LEDGER,BDGT_PRCD_NM,REACHED,2,,2026-10-08 04:46:09.310000
BRONZE_ERP,BDGT_ACMSLT_LEDGER,BDGT_UNIT_NM,REACHED,4,,2026-10-08 04:46:11.396000
BRONZE_ERP,BDGT_ACMSLT_LEDGER,JANG_NM,REACHED,3,,2026-10-08 04:46:13.462000
BRONZE_ERP,BDGT_ACMSLT_LEDGER,KWAN_NM,REACHED,3,,2026-10-08 04:46:15.380000
BRONZE_ERP,BDGT_ACMSLT_LEDGER,HANG_NM,REACHED,3,,2026-10-08 04:46:17.241000
BRONZE_ERP,BDGT_ACMSLT_LEDGER,MOK_NM,REACHED,5,,2026-10-08 04:46:19.717000
BRONZE_ERP,BDGT_ACMSLT_LEDGER,DTL_ITEM_NM,REACHED,5,,2026-10-08 04:46:21.871000
BRONZE_ERP,BDGT_ACMSLT_LEDGER,SUBDTL_ITEM_NM,REACHED,5,,2026-10-08 04:46:24.155000
BRONZE_ERP,BDGT_ACMSLT_LEDGER,FUND_SOURCE_NM,REACHED,3,,2026-10-08 04:46:26.208000
BRONZE_ERP,BDGT_ACMSLT_LEDGER,BDGT_ITEM_NM,NONE,0,,2026-10-08 04:46:27.637000
BRONZE_ERP,BDGT_ACMSLT_LEDGER,VENDOR,NONE,0,,2026-10-08 04:46:28.782000
BRONZE_ERP,BDGT_ACMSLT_LEDGER,DVLP_INBOUND_PATH,REACHED,1,,2026-10-08 04:46:30.018000
BRONZE_ERP,EXPENSE_RESOLUTION,YEAR,NONE,0,,2026-10-08 04:46:31.321000
BRONZE_ERP,EXPENSE_RESOLUTION,RESOLUTION_DEPT_NM,NONE,0,,2026-10-08 04:46:32.495000
BRONZE_ERP,EXPENSE_RESOLUTION,SOURCE_DIV_NM,NONE,0,,2026-10-08 04:46:33.603000
BRONZE_ERP,EXPENSE_RESOLUTION,BDGT_UNIT_NM,NONE,0,,2026-10-08 04:46:35.145000
BRONZE_ERP,EXPENSE_RESOLUTION,MOK_NM,NONE,0,,2026-10-08 04:46:36.312000
BRONZE_ERP,EXPENSE_RESOLUTION,DTL_ITEM_NM,NONE,0,,2026-10-08 04:46:37.382000
BRONZE_ERP,EXPENSE_RESOLUTION,SUBDTL_ITEM_NM,NONE,0,,2026-10-08 04:46:38.578000
BRONZE_ERP,EXPENSE_RESOLUTION,FUND_SOURCE_NM,NONE,0,,2026-10-08 04:46:39.806000
BRONZE_ERP,EXPENSE_RESOLUTION,BDGT_ITEM_NM,NONE,0,,2026-10-08 04:46:40.975000
BRONZE_ERP,EXPENSE_RESOLUTION,CONTENTS_DELIMITER,NONE,0,,2026-10-08 04:46:42.043000
BRONZE_GA4,GA4_USER_DEMOGRAPHIC,DEVICE_CATEGORY,NONE,0,,2026-10-08 04:46:44.457000
BRONZE_GA4,GA4_USER_DEMOGRAPHIC,USER_GENDER,NONE,0,,2026-10-08 04:46:45.610000
BRONZE_GA4,GA4_USER_DEMOGRAPHIC,USER_AGE_BRACKET,NONE,0,,2026-10-08 04:46:46.762000
BRONZE_GSC,SEARCH_CONSOLE_DATA2,COUNTRY,NONE,0,,2026-10-08 04:46:48.526000
BRONZE_GSC,SEARCH_CONSOLE_DATA2,DEVICE,NONE,0,,2026-10-08 04:46:49.652000
BRONZE_GSC,SEARCH_CONSOLE_DATA,COUNTRY,NONE,0,,2026-10-08 04:46:50.742000
BRONZE_GSC,SEARCH_CONSOLE_DATA,DEVICE,NONE,0,,2026-10-08 04:46:51.861000
SILVER,CRM_RELATION_ACTIVITY,ACTIVITY_TYPE,REACHED,1,,2026-10-08 04:46:54.793000
SILVER,CRM_RELATION_ACTIVITY,MNG_NO,REACHED,1,,2026-10-08 04:46:56.583000
SILVER,CRM_RELATION_ACTIVITY,LANG_CD,REACHED,1,,2026-10-08 04:46:57.872000
SILVER,CRM_RELATION_ACTIVITY,ONLINE_POST_WRITNG_YN,REACHED,1,,2026-10-08 04:46:59.111000
SILVER,CRM_RELATION_ACTIVITY,SETLE_CD,REACHED,1,,2026-10-08 04:47:00.613000
SILVER,CRM_RELATION_ACTIVITY,GFT_DIV_CD,REACHED,1,,2026-10-08 04:47:02.273000
SILVER,CRM_RELATION_ACTIVITY,GFTMNEY_DOLLAR_AMT,REACHED,1,,2026-10-08 04:47:03.536000
SILVER,CRM_RELATION_ACTIVITY,TRNSFER_YN,REACHED,1,,2026-10-08 04:47:04.838000
SILVER,BIGQUERY_DEVICE,DEVICE_TYPE,REACHED,10,,2026-10-08 04:47:06.705000
SILVER,BIGQUERY_DEVICE,DEVICE_CATEGORY,NONE,0,,2026-10-08 04:47:07.829000
SILVER,BIGQUERY_DEVICE,OS,NONE,0,,2026-10-08 04:47:08.944000
SILVER,BIGQUERY_DEVICE,BROWSER,NONE,0,,2026-10-08 04:47:10.106000
SILVER,BIGQUERY_DEVICE,LANGUAGE,NONE,0,,2026-10-08 04:47:11.820000
SILVER,CRM_CAMPAIGN,UPPER_CMPGN_YN,NONE,0,,2026-10-08 04:47:13.069000
SILVER,CRM_CAMPAIGN,BRND_ID,NONE,0,,2026-10-08 04:47:14.457000
SILVER,CRM_CAMPAIGN,BRND_NM,REACHED,13,,2026-10-08 04:47:16.465000
SILVER,CRM_CAMPAIGN,PR_MTH_CD,REACHED,5,,2026-10-08 04:47:17.805000
SILVER,CRM_CAMPAIGN,PROMO_METHOD_NAME,REACHED,5,,2026-10-08 04:47:19.737000
SILVER,CRM_CAMPAIGN,SPNSR_BSNS_ID,NONE,0,,2026-10-08 04:47:20.873000
SILVER,CRM_CAMPAIGN,CMPGN_TRGET_CD,NONE,0,,2026-10-08 04:47:21.970000
SILVER,CRM_CAMPAIGN,CPR_DIV_CD,REACHED,5,,2026-10-08 04:47:24.131000
SILVER,CRM_CAMPAIGN,CPR_DIV_NM,REACHED,6,,2026-10-08 04:47:25.903000
SILVER,CRM_CAMPAIGN,SPNSR_DIV_CD,REACHED,5,,2026-10-08 04:47:27.746000
SILVER,CRM_CAMPAIGN,SPNSR_DIV_NM,REACHED,6,,2026-10-08 04:47:29.546000
SILVER,CRM_CAMPAIGN,CMPGN_CTGR_NM,REACHED,11,,2026-10-08 04:47:32.079000
SILVER,CRM_CAMPAIGN,MBER_INFLOW_PATH_NM,REACHED,7,,2026-10-08 04:47:33.996000
SILVER,CRM_CAMPAIGN,CMPGN_TYPE1_NM,REACHED,7,,2026-10-08 04:47:35.431000
SILVER,CRM_CAMPAIGN,CMPGN_TYPE2_NM,REACHED,7,,2026-10-08 04:47:36.798000
SILVER,CRM_CAMPAIGN,CMMN_BRND_NM,REACHED,8,,2026-10-08 04:47:38.943000
SILVER,CRM_CAMPAIGN,MKTG_UTM_NM,REACHED,6,,2026-10-08 04:47:40.341000
SILVER,CRM_CAMPAIGN,MKTG_CHANNEL_NM,REACHED,3,,2026-10-08 04:47:41.698000
SILVER,CRM_CAMPAIGN,USE_DEPT_CD,REACHED,1,,2026-10-08 04:47:42.870000
SILVER,CRM_CAMPAIGN,USE_SCOPE,REACHED,1,,2026-10-08 04:47:44.147000
SILVER,CRM_CAMPAIGN,CMPGN_PRPT_YN,REACHED,1,,2026-10-08 04:47:45.309000
SILVER,CRM_CAMPAIGN,SPNSR_ENTRPRS_ID,REACHED,1,,2026-10-08 04:47:46.515000
SILVER,CRM_CAMPAIGN,BRND_USE_YN,REACHED,1,,2026-10-08 04:47:47.748000
SILVER,CRM_MSG_TEMPLATE_BUTTON,BTN_TY_CD,REACHED,1,,2026-10-08 04:47:48.978000
SILVER,CRM_MSG_TEMPLATE_BUTTON,ANDROID_URL,REACHED,1,,2026-10-08 04:47:50.108000
SILVER,CRM_MSG_TEMPLATE_BUTTON,IOS_URL,REACHED,1,,2026-10-08 04:47:52.390000
SILVER,CRM_PAYMENT_METHOD_HIST,CPR_DIV_CD,REACHED,1,,2026-10-08 04:47:53.535000
SILVER,CRM_PAYMENT_METHOD_HIST,SETLE_CD,REACHED,1,,2026-10-08 04:47:54.694000
SILVER,CRM_PAYMENT_METHOD_HIST,FNLT_DIV_CD,REACHED,1,,2026-10-08 04:47:55.857000
SILVER,CRM_PAYMENT_METHOD_HIST,FNLT_CD,REACHED,1,,2026-10-08 04:47:57.054000
SILVER,CRM_PAYMENT_METHOD_HIST,SETLE_ENTRPS_CD,REACHED,1,,2026-10-08 04:47:58.726000
SILVER,CRM_PAYMENT_METHOD_HIST,CARD_DIV_CD,REACHED,1,,2026-10-08 04:47:59.958000
SILVER,CRM_PAYMENT_METHOD_HIST,ETC_CTTPC_REL_CD,REACHED,1,,2026-10-08 04:48:01.251000
SILVER,CRM_PAYMENT_METHOD_HIST,PAYER_MBER_REL_CD,REACHED,1,,2026-10-08 04:48:02.571000
SILVER,CRM_PAYMENT_METHOD_HIST,CRTFC_MTH_CD,REACHED,1,,2026-10-08 04:48:03.771000
SILVER,CRM_PAYMENT_METHOD_HIST,SETLE_STAT_CD,REACHED,1,,2026-10-08 04:48:04.954000
SILVER,CRM_PAYMENT_METHOD_HIST,BF_SETLE_STAT_CD,REACHED,1,,2026-10-08 04:48:06.155000
SILVER,CRM_PAYMENT_METHOD_HIST,RQST_DIV_CD,REACHED,1,,2026-10-08 04:48:07.397000
SILVER,CRM_PAYMENT_METHOD_HIST,RCEPT_DIV_CD,REACHED,1,,2026-10-08 04:48:08.577000
SILVER,CRM_PAYMENT_METHOD_HIST,APRV_YN,REACHED,1,,2026-10-08 04:48:09.812000
SILVER,CRM_PAYMENT_METHOD_HIST,RQEST_EXCL_YN,REACHED,1,,2026-10-08 04:48:11.592000
SILVER,CRM_PAYMENT_METHOD_HIST,APPLCNT_ETC_CTTPC_REL_CD,REACHED,1,,2026-10-08 04:48:12.844000
SILVER,CRM_PAYMENT_METHOD_HIST,APPLCNT_MBER_REL_CD,REACHED,1,,2026-10-08 04:48:14.300000
SILVER,CRM_PAYMENT_METHOD_HIST,OPERT_DIV_CD,REACHED,1,,2026-10-08 04:48:15.602000
SILVER,CRM_PAYMENT_METHOD_HIST,CRTFC_TY_CD,REACHED,1,,2026-10-08 04:48:16.843000
SILVER,AGENCY_AD_ROW_VIDEO,CHNNL_NM,REACHED,4,,2026-10-08 04:48:18.596000
SILVER,AGENCY_AD_ROW_VIDEO,DOW,NONE,0,,2026-10-08 04:48:19.776000
SILVER,AGENCY_AD_ROW_VIDEO,TIME_RNG,REACHED,3,,2026-10-08 04:48:21.080000
SILVER,AGENCY_AD_ROW_VIDEO,DAY_DIV_NM,REACHED,3,,2026-10-08 04:48:22.915000
SILVER,AGENCY_AD_ROW_VIDEO,CM,NONE,0,,2026-10-08 04:48:24.021000
SILVER,AGENCY_AD_ROW_VIDEO,CM_AREA,REACHED,3,,2026-10-08 04:48:25.279000
SILVER,AGENCY_AD_ROW_VIDEO,SPOT_TY,REACHED,3,,2026-10-08 04:48:26.607000
SILVER,AGENCY_AD_ROW_VIDEO,AD_SEC,REACHED,3,,2026-10-08 04:48:27.903000
SILVER,AGENCY_AD_ROW_VIDEO,UPPER_CMPGN_NM,NONE,0,,2026-10-08 04:48:29.069000
SILVER,AGENCY_AD_ROW_VIDEO,MATR_NM,NONE,0,,2026-10-08 04:48:30.249000
SILVER,AGENCY_AD_ROW_VIDEO,DMST_OVSEA_DIV_NM,NONE,0,,2026-10-08 04:48:31.388000
SILVER,AGENCY_AD_ROW_VIDEO,BSNS_CASE_DIV_NM,NONE,0,,2026-10-08 04:48:32.462000
SILVER,AGENCY_AD_ROW_VIDEO,CMPGN_TY_NM,NONE,0,,2026-10-08 04:48:34.275000
SILVER,AGENCY_AD_ROW_VIDEO,CHNNL_CMPNY_TY_NM,REACHED,3,,2026-10-08 04:48:35.559000
SILVER,AGENCY_AD_ROW_VIDEO,WEEK,NONE,0,,2026-10-08 04:48:36.803000
SILVER,AGENCY_AD_ROW_VIDEO,MONTH,REACHED,12,,2026-10-08 04:48:38.467000
SILVER,AGENCY_AD_ROW_VIDEO,AD_TY_NM,REACHED,3,,2026-10-08 04:48:39.780000
SILVER,AGENCY_AD_ROW_VIDEO,DEVICE_NM,NONE,0,,2026-10-08 04:48:40.962000
SILVER,AGENCY_AD_ROW_VIDEO,YEAR,REACHED,12,,2026-10-08 04:48:43.972000
SILVER,AGENCY_AD_ROW_VIDEO,DAY,REACHED,12,,2026-10-08 04:48:46.491000
SILVER,AGENCY_AD_ROW_VIDEO,CMPGN_NM,NONE,0,,2026-10-08 04:48:48.073000
SILVER,AGENCY_AD_ROW_VIDEO,MATR_TY_NM,NONE,0,,2026-10-08 04:48:49.559000
SILVER,CRM_CHILD,BPLC_CD,REACHED,1,,2026-10-08 04:48:51.082000
SILVER,CRM_CHILD,SEX,REACHED,1,,2026-10-08 04:48:52.892000
SILVER,CRM_CHILD,RELATNSP_STAT_CD,REACHED,1,,2026-10-08 04:48:54.461000
SILVER,CRM_CHILD,CHILD_STAT_CD,REACHED,1,,2026-10-08 04:48:55.721000
SILVER,CRM_CHILD,CHILD_DTL_STAT_CD,REACHED,1,,2026-10-08 04:48:56.832000
SILVER,CRM_CHILD,REGIST_DIV_CD,REACHED,1,,2026-10-08 04:48:58.392000
SILVER,CRM_CHILD,MNYRS_NATION_CD,REACHED,1,,2026-10-08 04:48:59.560000
SILVER,ERP_BUDGET,BUDGET_ITEM_DK,REACHED,1,,2026-10-08 04:49:00.818000
SILVER,ERP_BUDGET,BUDGET_PROCEDURE,REACHED,1,,2026-10-08 04:49:02.049000
SILVER,ERP_BUDGET,DVLP_INBOUND_PATH,REACHED,1,,2026-10-08 04:49:03.256000
SILVER,ERP_BUDGET,BDGT_UNIT_NM,NONE,0,,2026-10-08 04:49:04.427000
SILVER,ERP_BUDGET,MONTH_KEY,REACHED,4,,2026-10-08 04:49:05.815000
SILVER,CRM_SEND_REQUEST,SEND_CHANNEL,REACHED,5,,2026-10-08 04:49:07.223000
SILVER,CRM_SEND_REQUEST,SNDNG_TY_CD,REACHED,5,,2026-10-08 04:49:08.536000
SILVER,CRM_SEND_REQUEST,SEND_GBN_TOP,REACHED,6,,2026-10-08 04:49:10.201000
SILVER,CRM_SEND_REQUEST,SEND_GBN_TOP_NM,REACHED,3,,2026-10-08 04:49:11.452000
SILVER,CRM_SEND_REQUEST,SEND_GBN_MID,REACHED,6,,2026-10-08 04:49:12.834000
SILVER,CRM_SEND_REQUEST,SEND_GBN_MID_NM,REACHED,3,,2026-10-08 04:49:14.093000
SILVER,CRM_SEND_REQUEST,SEND_GBN_BOT,REACHED,6,,2026-10-08 04:49:15.420000
SILVER,CRM_SEND_REQUEST,SEND_GBN_BOT_NM,REACHED,3,,2026-10-08 04:49:16.639000
SILVER,CRM_SEND_REQUEST,MSG_DIV_CD,NONE,0,,2026-10-08 04:49:17.801000
SILVER,CRM_SEND_REQUEST,PSTMTR_PRCS_STAT_CD,NONE,0,,2026-10-08 04:49:19.421000
SILVER,CRM_SEND_REQUEST,SNDNG_TIME_DIV_CD,NONE,0,,2026-10-08 04:49:20.566000
SILVER,CRM_SEND_REQUEST,SNDNG_CD_ID,REACHED,1,,2026-10-08 04:49:21.735000
SILVER,CRM_SEND_REQUEST,SNDNG_DTL_CD_ID,REACHED,1,,2026-10-08 04:49:22.889000
SILVER,CRM_SEND_REQUEST,PRCS_YN,REACHED,1,,2026-10-08 04:49:24.070000
SILVER,CRM_SEND_REQUEST,ALTRTV_MSG_SNDNG_YN,REACHED,1,,2026-10-08 04:49:25.379000
SILVER,CRM_SEND_REQUEST,LQY_YN,REACHED,1,,2026-10-08 04:49:26.474000
SILVER,CRM_SEND_REQUEST,RE_SNDNG_YN,REACHED,1,,2026-10-08 04:49:27.618000
SILVER,CRM_SEND_REQUEST,MSG_TYPE,REACHED,1,,2026-10-08 04:49:29.450000
SILVER,CRM_SEND_REQUEST,REGULARLY,REACHED,1,,2026-10-08 04:49:30.628000
SILVER,CRM_SEND_REQUEST,MENU_CODE,REACHED,1,,2026-10-08 04:49:31.816000
SILVER,CRM_SEND_REQUEST,SERVICE_MENU_CODE,REACHED,1,,2026-10-08 04:49:32.979000
SILVER,ANNUAL_MBRFEE_PRDT_ACTL_DATA,DATA_TYPE_NM,REACHED,1,,2026-10-08 04:49:34.222000
SILVER,ANNUAL_MBRFEE_PRDT_ACTL_DATA,SPNSR_BSNS_GRP_NM,REACHED,1,,2026-10-08 04:49:35.450000
SILVER,ANNUAL_MBRFEE_PRDT_ACTL_DATA,NEW_EXST_DIV_NM,REACHED,1,,2026-10-08 04:49:36.665000
SILVER,ANNUAL_MBRFEE_PRDT_ACTL_DATA,HDQ_BRNCH_GRP_NM,REACHED,1,,2026-10-08 04:49:38.047000
SILVER,CRM_CODE,CD_ID,REACHED,7,,2026-10-08 04:49:40.212000
SILVER,CRM_CODE,UPPER_CD_ID,NONE,0,,2026-10-08 04:49:41.377000
SILVER,CRM_CODE,CD_ATRB1,NONE,0,,2026-10-08 04:49:42.497000
SILVER,CRM_CODE,CD_ATRB2,NONE,0,,2026-10-08 04:49:43.743000
SILVER,CRM_CODE,CD_ATRB3,NONE,0,,2026-10-08 04:49:44.962000
SILVER,ERP_BUDGET_YEARLY,BUDGET_ITEM_DK,REACHED,1,,2026-10-08 04:49:46.376000
SILVER,ERP_BUDGET_YEARLY,BUDGET_PROCEDURE,REACHED,1,,2026-10-08 04:49:47.636000
SILVER,CRM_MEMBER_SPONSOR_BIZ,SPNSR_BSNS_ID,NONE,0,,2026-10-08 04:49:49.700000
SILVER,CRM_MEMBER_SPONSOR_BIZ,SPNSR_DSCNTC_YN,NONE,0,,2026-10-08 04:49:50.889000
SILVER,CRM_MEMBER_SPONSOR_BIZ,SPNSR_DSCNTC_RSN_CD,NONE,0,,2026-10-08 04:49:52.171000
SILVER,CRM_RELATION_CHANGE,CHG_YN,REACHED,1,,2026-10-08 04:49:53.332000
SILVER,CRM_RELATION_CHANGE,CHG_PERSON_ID,REACHED,1,,2026-10-08 04:49:54.497000
SILVER,CRM_MKTNG_CODE,CD_ID,NONE,0,,2026-10-08 04:49:55.679000
SILVER,CRM_MKTNG_CODE,CD_NM,NONE,0,,2026-10-08 04:49:56.896000
SILVER,CRM_MEMBER,MEMBER_TYPE,REACHED,2,,2026-10-08 04:49:58.652000
SILVER,CRM_MEMBER,MBER_DIV_CD,REACHED,7,,2026-10-08 04:50:00.031000
SILVER,CRM_MEMBER,MBER_DIV_NM,REACHED,1,,2026-10-08 04:50:01.313000
SILVER,CRM_MEMBER,CPR_DIV_CD,NONE,0,,2026-10-08 04:50:02.466000
SILVER,CRM_MEMBER,SEX,REACHED,7,,2026-10-08 04:50:04.077000
SILVER,CRM_MEMBER,SEX_NM,REACHED,7,,2026-10-08 04:50:05.423000
SILVER,CRM_MEMBER,MBER_STAT_CD,REACHED,16,,2026-10-08 04:50:07.098000
SILVER,CRM_MEMBER,MBER_STAT_NM,NONE,0,,2026-10-08 04:50:08.251000
SILVER,CRM_MEMBER,ACT_DEPT_CD,NONE,0,,2026-10-08 04:50:09.417000
SILVER,CRM_MEMBER,REGIST_DEPT_CD,NONE,0,,2026-10-08 04:50:10.564000
SILVER,CRM_MEMBER,JOIN_PATH_CD,REACHED,8,,2026-10-08 04:50:11.988000
SILVER,CRM_MEMBER,ENTRPS_NM,NONE,0,,2026-10-08 04:50:13.634000
SILVER,CRM_MEMBER,EMAIL_RECPTN,NONE,0,,2026-10-08 04:50:14.869000
SILVER,CRM_MEMBER,PSTMTR_RECPTN,NONE,0,,2026-10-08 04:50:16.001000
SILVER,CRM_MEMBER,EMAIL_STAT_CD,NONE,0,,2026-10-08 04:50:17.416000
SILVER,CRM_MEMBER,ETC_CTTPC_REL_CD,NONE,0,,2026-10-08 04:50:18.668000
SILVER,CRM_MEMBER,ETC_CTTPC_STAT_CD,NONE,0,,2026-10-08 04:50:19.963000
SILVER,CRM_MEMBER,ETC_TSTM_DIV_CD,NONE,0,,2026-10-08 04:50:21.551000
SILVER,CRM_MEMBER,MOBLPHON_STAT_CD,NONE,0,,2026-10-08 04:50:22.695000
SILVER,CRM_MEMBER,REL_CD,NONE,0,,2026-10-08 04:50:23.910000
SILVER,CRM_MEMBER,RELATNSP_DIV_CD,NONE,0,,2026-10-08 04:50:25.002000
SILVER,CRM_MEMBER,SLRCLD_LRR_CD,NONE,0,,2026-10-08 04:50:26.792000
SILVER,CRM_MEMBER,TSTM_DIV_CD,NONE,0,,2026-10-08 04:50:28.931000
SILVER,CRM_MEMBER,CHRCTR_RECPTN_YN,REACHED,1,,2026-10-08 04:50:30.647000
SILVER,CRM_MEMBER,SPECL_MNG_CD1,REACHED,1,,2026-10-08 04:50:32.192000
SILVER,MM_SPNSR_CLS_AGGR_DATA,AGGR_TY_NM,REACHED,1,,2026-10-08 04:50:33.716000
SILVER,MM_SPNSR_CLS_AGGR_DATA,SPNSR_BSNS_GRP_NM,REACHED,1,,2026-10-08 04:50:35.196000
SILVER,MM_SPNSR_CLS_AGGR_DATA,NEW_EXST_DIV_NM,REACHED,1,,2026-10-08 04:50:36.659000
SILVER,MM_SPNSR_CLS_AGGR_DATA,HDQ_BRNCH_GRP_NM,REACHED,1,,2026-10-08 04:50:39.023000
SILVER,CRM_EVENT_PARTICIPATION,PARTCPT_STAT_CD,REACHED,2,,2026-10-08 04:50:40.418000
SILVER,CRM_EVENT_PARTICIPATION,PARTCPT_CHNNL_CD,REACHED,2,,2026-10-08 04:50:41.842000
SILVER,CRM_EVENT_PARTICIPATION,PARTCPT_PATH_CD,REACHED,2,,2026-10-08 04:50:43.185000
SILVER,CRM_EVENT_PARTICIPATION,PARTCPT_STAT_GROUP,REACHED,8,,2026-10-08 04:50:45.365000
SILVER,CRM_EVENT_PARTICIPATION,PARTCPT_STAT_NM,REACHED,10,,2026-10-08 04:50:46.948000
SILVER,CRM_EVENT_PARTICIPATION,PARTCPT_CHNNL_NM,REACHED,2,,2026-10-08 04:50:48.392000
SILVER,CRM_EVENT_PARTICIPATION,PARTCPT_PATH_GROUP,REACHED,2,,2026-10-08 04:50:49.618000
SILVER,CRM_EVENT_PARTICIPATION,PARTCPT_PATH_NM,REACHED,2,,2026-10-08 04:50:50.960000
SILVER,CRM_EVENT_PARTICIPATION,EVENT_PARTCPT_DIV_CD,REACHED,1,,2026-10-08 04:50:52.270000
SILVER,CRM_EVENT_PARTICIPATION,SELF_PARTCPT_CD,REACHED,3,,2026-10-08 04:50:53.597000
SILVER,CRM_EVENT_PARTICIPATION,RCPMNY_STAT_CD,REACHED,1,,2026-10-08 04:50:54.989000
SILVER,CRM_EVENT_PARTICIPATION,REFND_DATE,REACHED,1,,2026-10-08 04:50:56.869000
SILVER,BIGQUERY_TRAFFIC_SOURCE,UTM_SOURCE,REACHED,4,,2026-10-08 04:50:58.386000
SILVER,BIGQUERY_TRAFFIC_SOURCE,UTM_MEDIUM,REACHED,4,,2026-10-08 04:50:59.753000
SILVER,BIGQUERY_TRAFFIC_SOURCE,SOURCE_MEDIUM,REACHED,2,,2026-10-08 04:51:01.055000
SILVER,BIGQUERY_TRAFFIC_SOURCE,XCHAN_SOURCE,NONE,0,,2026-10-08 04:51:02.668000
SILVER,BIGQUERY_TRAFFIC_SOURCE,XCHAN_MEDIUM,NONE,0,,2026-10-08 04:51:03.839000
SILVER,BIGQUERY_TRAFFIC_SOURCE,DEFAULT_CHANNEL_GROUP,REACHED,1,,2026-10-08 04:51:05.111000
SILVER,CRM_SEND_RESULT,SEND_CHANNEL,NONE,0,,2026-10-08 04:51:06.252000
SILVER,CRM_ORG,UPPER_DEPT_ID,NONE,0,,2026-10-08 04:51:07.373000
SILVER,CRM_ORG,ACMSLT_UPPER_DEPT_ID,REACHED,1,,2026-10-08 04:51:08.561000
SILVER,CRM_ORG,ACMSLT_DEPT_YN,REACHED,1,,2026-10-08 04:51:09.653000
SILVER,CRM_MEMBER_STATUS_HIST,BF_STAT_CD,REACHED,3,,2026-10-08 04:51:10.928000
SILVER,CRM_MEMBER_STATUS_HIST,BF_STAT_NM,NONE,0,,2026-10-08 04:51:12.070000
SILVER,CRM_MEMBER_STATUS_HIST,CHN_STAT_CD,REACHED,16,,2026-10-08 04:51:13.640000
SILVER,CRM_MEMBER_STATUS_HIST,CHN_STAT_NM,NONE,0,,2026-10-08 04:51:14.908000
SILVER,CRM_CAMPAIGN_SPONSOR_BIZ_BRIDGE,SPNSR_BSNS_ID,NONE,0,,2026-10-08 04:51:16.033000
SILVER,CRM_MEMBER_DEV,SPNSR_BSNS_ID,REACHED,3,,2026-10-08 04:51:17.711000
SILVER,CRM_MEMBER_DEV,DVLP_DIV_CD,REACHED,20,,2026-10-08 04:51:19.542000
SILVER,CRM_MEMBER_DEV,DVLP_DIV_NM,REACHED,2,,2026-10-08 04:51:20.758000
SILVER,CRM_MEMBER_DEV,ACT_DEPT_CD,NONE,0,,2026-10-08 04:51:22.018000
SILVER,CRM_MEMBER_DEV,ACMSLT_DEPT_CD,NONE,0,,2026-10-08 04:51:23.203000
SILVER,CRM_MEMBER_DEV,SETLE_CD,NONE,0,,2026-10-08 04:51:24.442000
SILVER,CRM_MEMBER_DEV,AREA_CD,REACHED,9,,2026-10-08 04:51:26.556000
SILVER,CRM_MEMBER_DEV,AREA_NM,REACHED,6,,2026-10-08 04:51:27.953000
SILVER,CRM_MEMBER_DEV,CANCL_RDCAMT_RSN_CD,NONE,0,,2026-10-08 04:51:29.198000
SILVER,CRM_MEMBER_DEV,MBER_DIV_CD,NONE,0,,2026-10-08 04:51:30.310000
SILVER,CRM_MEMBER_DEV,SEX,REACHED,3,,2026-10-08 04:51:31.579000
SILVER,CRM_MEMBER_DEV,SPNSR_AMT_CD,NONE,0,,2026-10-08 04:51:32.750000
SILVER,CRM_MEMBER_DEV,MBER_INFLOW_PATH_NM,REACHED,7,,2026-10-08 04:51:34.089000
SILVER,CRM_MEMBER_DEV,CMPGN_CTGR_NM,REACHED,7,,2026-10-08 04:51:35.482000
SILVER,CRM_MEMBER_DEV,CMPGN_TYPE1_NM,REACHED,6,,2026-10-08 04:51:37.549000
SILVER,CRM_MEMBER_DEV,CMPGN_TYPE2_NM,REACHED,6,,2026-10-08 04:51:38.891000
SILVER,CRM_MEMBER_DEV,CMMN_BRND_NM,REACHED,6,,2026-10-08 04:51:40.460000
SILVER,CRM_MEMBER_DEV,MKTG_UTM_NM,REACHED,6,,2026-10-08 04:51:41.798000
SILVER,CRM_MEMBER_DEV,MKTG_CHANNEL_NM,REACHED,1,,2026-10-08 04:51:42.988000
SILVER,CRM_MEMBER_DEV,SPNSR_DIV_CD,REACHED,4,,2026-10-08 04:51:44.260000
SILVER,CRM_MEMBER_DEV,SPNSR_DIV_NM,REACHED,6,,2026-10-08 04:51:46.226000
SILVER,CRM_MEMBER_DEV,CPR_DIV_CD,REACHED,4,,2026-10-08 04:51:47.482000
SILVER,CRM_MEMBER_DEV,CPR_DIV_NM,REACHED,7,,2026-10-08 04:51:48.850000
SILVER,CRM_MEMBER_DEV,BRND_NM,REACHED,6,,2026-10-08 04:51:50.085000
SILVER,CRM_MEMBER_DEV,PROMO_METHOD_NAME,REACHED,5,,2026-10-08 04:51:51.409000
SILVER,AGENCY_AD_ROW_REBRDC,DIV_NM,REACHED,4,,2026-10-08 04:51:52.822000
SILVER,AGENCY_AD_ROW_REBRDC,YEAR,NONE,0,,2026-10-08 04:51:53.943000
SILVER,AGENCY_AD_ROW_REBRDC,MONTH,NONE,0,,2026-10-08 04:51:55.058000
SILVER,AGENCY_AD_ROW_REBRDC,DAY,NONE,0,,2026-10-08 04:51:56.264000
SILVER,AGENCY_AD_ROW_REBRDC,CHNNL_NM,REACHED,4,,2026-10-08 04:51:57.576000
SILVER,AGENCY_AD_ROW_REBRDC,DOW,NONE,0,,2026-10-08 04:51:58.711000
SILVER,AGENCY_AD_ROW_REBRDC,WEEK,NONE,0,,2026-10-08 04:51:59.836000
SILVER,AGENCY_AD_ROW_REBRDC,BRDC_TIME,REACHED,3,,2026-10-08 04:52:01.378000
SILVER,AGENCY_AD_ROW_REBRDC,BRDC_NM,REACHED,4,,2026-10-08 04:52:03.341000
SILVER,AGENCY_AD_ROW_REBRDC,BRDC_DIV_NM,REACHED,3,,2026-10-08 04:52:04.724000
SILVER,AGENCY_AD_ROW_REBRDC,INBOUND_CALL_CNT,REACHED,4,,2026-10-08 04:52:06.244000
SILVER,CRM_MEMBER_AMT_CHANGE,RDCAMT_YN,NONE,0,,2026-10-08 04:52:07.429000
SILVER,CRM_MEMBER_AMT_CHANGE,ACMSLT_DEPT_CD,NONE,0,,2026-10-08 04:52:08.526000
SILVER,CRM_MEMBER_AMT_CHANGE,AREA_CD,NONE,0,,2026-10-08 04:52:09.633000
SILVER,CRM_MEMBER_AMT_CHANGE,AREA_NM,NONE,0,,2026-10-08 04:52:10.776000
SILVER,CRM_MEMBER_AMT_CHANGE,MBER_DIV_CD,NONE,0,,2026-10-08 04:52:11.887000
SILVER,CRM_MEMBER_AMT_CHANGE,SETLE_CD,NONE,0,,2026-10-08 04:52:13.057000
SILVER,CRM_MEMBER_AMT_CHANGE,SEX,NONE,0,,2026-10-08 04:52:14.703000
SILVER,CRM_MEMBER_AMT_CHANGE,SPNSR_AMT_CD,NONE,0,,2026-10-08 04:52:16.362000
SILVER,CRM_BIZ_PLACE,BPLC_CD,REACHED,3,,2026-10-08 04:52:18.124000
SILVER,CRM_BIZ_PLACE,NATION_CD,REACHED,1,,2026-10-08 04:52:19.835000
SILVER,CRM_BIZ_PLACE,BPLC_KORNM,REACHED,1,,2026-10-08 04:52:21.597000
SILVER,CRM_BIZ_PLACE,BPLC_ENGNM,REACHED,1,,2026-10-08 04:52:22.976000
SILVER,CRM_BIZ_PLACE,RELATNSP_BSNS_YN,REACHED,1,,2026-10-08 04:52:24.409000
SILVER,CRM_BIZ_PLACE,GFTMNEY_PSBL_YN,REACHED,1,,2026-10-08 04:52:25.810000
SILVER,CRM_BIZ_PLACE,LETTER_PSBL_YN,REACHED,1,,2026-10-08 04:52:27.151000
SILVER,CRM_BIZ_PLACE,BPLC_DC,REACHED,1,,2026-10-08 04:52:28.354000
SILVER,CRM_BIZ_PLACE,CNCSN_RSN,REACHED,1,,2026-10-08 04:52:29.468000
SILVER,CRM_BIZ_PLACE,BPLC_MTCHG_MNG_YN,REACHED,1,,2026-10-08 04:52:30.609000
SILVER,CRM_MSG_TEMPLATE,SEND_CHANNEL,REACHED,2,,2026-10-08 04:52:32.178000
SILVER,CRM_MSG_TEMPLATE,CPR_DIV_CD,REACHED,1,,2026-10-08 04:52:33.335000
SILVER,CRM_MSG_TEMPLATE,SNDNG_CD_ID,REACHED,1,,2026-10-08 04:52:34.538000
SILVER,CRM_MSG_TEMPLATE,SNDNG_DTL_CD_ID,REACHED,1,,2026-10-08 04:52:35.773000
SILVER,CRM_MSG_TEMPLATE,ATMC_YN,REACHED,1,,2026-10-08 04:52:36.968000
SILVER,CRM_MSG_TEMPLATE,WRITNG_DEPT_ID,REACHED,1,,2026-10-08 04:52:38.126000
SILVER,CRM_MSG_TEMPLATE,WRITNG_DEPT_NM,REACHED,1,,2026-10-08 04:52:39.258000
SILVER,CRM_MSG_TEMPLATE,CHRG_DEPT_ID,REACHED,1,,2026-10-08 04:52:40.818000
SILVER,CRM_MSG_TEMPLATE,APRV_STAT_CD,REACHED,1,,2026-10-08 04:52:42.097000
SILVER,CRM_MSG_TEMPLATE,APRV_FAILR_CTNT,REACHED,1,,2026-10-08 04:52:43.303000
SILVER,CRM_MSG_TEMPLATE,TEMPLATE_RM,REACHED,1,,2026-10-08 04:52:44.405000
SILVER,CRM_SEND_MEMBER_LINK_LOG,MBER_NO,NONE,0,,2026-10-08 04:52:45.540000
SILVER,CRM_SEND_MEMBER_LINK_LOG,LINK_ID,NONE,0,,2026-10-08 04:52:46.676000
SILVER,CRM_SEND_MEMBER_LINK_LOG,LINK_PAGE,NONE,0,,2026-10-08 04:52:47.896000
SILVER,CRM_SEND_MEMBER_LINK_LOG,LINK_IMG_URL,NONE,0,,2026-10-08 04:52:49.073000
SILVER,CRM_SEND_MEMBER_LINK_LOG,AGENT,NONE,0,,2026-10-08 04:52:50.293000
SILVER,BIGQUERY_IDENTITY,ID_SCHEME,NONE,0,,2026-10-08 04:52:52.317000
SILVER,BIGQUERY_IDENTITY,MEMBER_TYPE,NONE,0,,2026-10-08 04:52:53.563000
SILVER,CRM_RELATION_DEV,BF_STAT_CD,REACHED,1,,2026-10-08 04:52:55.169000
SILVER,CRM_RELATION_DEV,AF_STAT_CD,REACHED,1,,2026-10-08 04:52:56.522000
SILVER,CRM_RELATION_DEV,RELATNSP_DVLP_DIV_CD,REACHED,1,,2026-10-08 04:52:57.708000
SILVER,CRM_RELATION_DEV,ACCNUT_STATS_CD,REACHED,1,,2026-10-08 04:52:58.903000
SILVER,CRM_RELATION_DEV,CHILD_STATS_CD,REACHED,1,,2026-10-08 04:53:00.097000
SILVER,CRM_INSTT_ACCOUNT,CPR_DIV_CD,REACHED,1,,2026-10-08 04:53:01.422000
SILVER,CRM_INSTT_ACCOUNT,ACNUT_DIV_CD,REACHED,1,,2026-10-08 04:53:03.301000
SILVER,CRM_INSTT_ACCOUNT,BANK_CD,REACHED,1,,2026-10-08 04:53:04.683000
SILVER,CRM_INSTT_ACCOUNT,ACNUT_PRP,REACHED,1,,2026-10-08 04:53:05.896000
SILVER,CRM_INSTT_ACCOUNT,ACNUT_ABRV,REACHED,1,,2026-10-08 04:53:07.359000
SILVER,CRM_INSTT_ACCOUNT,CHRG_DEPT_CD,REACHED,1,,2026-10-08 04:53:08.549000
SILVER,CRM_INSTT_ACCOUNT,REGIST_USE_YN,REACHED,1,,2026-10-08 04:53:09.810000
SILVER,BIGQUERY_EVENT,EVENT_NAME,NONE,0,,2026-10-08 04:53:11.309000
SILVER,BIGQUERY_EVENT,EVENT_DATE,NONE,0,,2026-10-08 04:53:12.579000
SILVER,BIGQUERY_EVENT,ID_SCHEME,NONE,0,,2026-10-08 04:53:14.554000
SILVER,BIGQUERY_EVENT,ID_RESOLUTION,NONE,0,,2026-10-08 04:53:15.889000
SILVER,BIGQUERY_EVENT,SESSION_ENGAGED,NONE,0,,2026-10-08 04:53:17.085000
SILVER,BIGQUERY_EVENT,EVENT_CATEGORY,NONE,0,,2026-10-08 04:53:18.519000
SILVER,BIGQUERY_EVENT,DEVICE_TYPE,NONE,0,,2026-10-08 04:53:19.756000
SILVER,BIGQUERY_EVENT,DEVICE_CATEGORY,NONE,0,,2026-10-08 04:53:20.904000
SILVER,BIGQUERY_EVENT,OS,NONE,0,,2026-10-08 04:53:22.036000
SILVER,BIGQUERY_EVENT,GEO_COUNTRY,NONE,0,,2026-10-08 04:53:23.943000
SILVER,BIGQUERY_EVENT,UTM_SOURCE,NONE,0,,2026-10-08 04:53:25.089000
SILVER,BIGQUERY_EVENT,UTM_MEDIUM,NONE,0,,2026-10-08 04:53:26.297000
SILVER,BIGQUERY_EVENT,DEFAULT_CHANNEL_GROUP,NONE,0,,2026-10-08 04:53:27.670000
SILVER,CRM_PAYMENT_METHOD,SETLE_CD,REACHED,5,,2026-10-08 04:53:29.079000
SILVER,CRM_PAYMENT_METHOD,SETLE_NM,REACHED,3,,2026-10-08 04:53:30.457000
SILVER,CRM_PAYMENT_METHOD,CARD_DIV_CD,NONE,0,,2026-10-08 04:53:31.699000
SILVER,CRM_PAYMENT_METHOD,FNLT_CD,NONE,0,,2026-10-08 04:53:32.818000
SILVER,CRM_PAYMENT_METHOD,SETLE_STAT_CD,NONE,0,,2026-10-08 04:53:33.934000
SILVER,CRM_PAYMENT_METHOD,APPLCNT_MBER_REL_CD,NONE,0,,2026-10-08 04:53:35.080000
SILVER,CRM_PAYMENT_METHOD,CPR_DIV_CD,NONE,0,,2026-10-08 04:53:36.204000
SILVER,CRM_PAYMENT_METHOD,CRTFC_MTH_CD,NONE,0,,2026-10-08 04:53:37.431000
SILVER,CRM_PAYMENT_METHOD,FNLT_DIV_CD,NONE,0,,2026-10-08 04:53:40.372000
SILVER,CRM_PAYMENT_METHOD,RCEPT_DIV_CD,NONE,0,,2026-10-08 04:53:41.844000
SILVER,CRM_PAYMENT_METHOD,RQST_DIV_CD,NONE,0,,2026-10-08 04:53:43.286000
SILVER,CRM_PAYMENT_METHOD,SETLE_ENTRPS_CD,NONE,0,,2026-10-08 04:53:44.685000
SILVER,CRM_PAYMENT_METHOD,PAYER_MBER_REL_CD,NONE,0,,2026-10-08 04:53:46.083000
SILVER,CRM_PAYMENT_METHOD,APRV_YN,NONE,0,,2026-10-08 04:53:47.583000
SILVER,CRM_PAYMENT_METHOD,RQEST_EXCL_YN,NONE,0,,2026-10-08 04:53:48.988000
SILVER,CRM_PAYMENT_METHOD,OPERT_DIV_CD,NONE,0,,2026-10-08 04:53:50.356000
SILVER,CRM_PAYMENT_METHOD,CRTFC_TY_CD,NONE,0,,2026-10-08 04:53:51.504000
SILVER,ERP_BUDGET_ITEM,BUDGET_ITEM_DK,REACHED,1,,2026-10-08 04:53:52.687000
SILVER,ERP_BUDGET_ITEM,BDGT_UNIT_NM,REACHED,1,,2026-10-08 04:53:53.895000
SILVER,ERP_BUDGET_ITEM,JANG_NM,NONE,0,,2026-10-08 04:53:55.111000
SILVER,ERP_BUDGET_ITEM,KWAN_NM,NONE,0,,2026-10-08 04:53:56.237000
SILVER,ERP_BUDGET_ITEM,HANG_NM,NONE,0,,2026-10-08 04:53:57.579000
SILVER,ERP_BUDGET_ITEM,MOK_NM,REACHED,2,,2026-10-08 04:53:59.174000
SILVER,ERP_BUDGET_ITEM,DTL_ITEM_NM,REACHED,2,,2026-10-08 04:54:00.377000
SILVER,ERP_BUDGET_ITEM,SUBDTL_ITEM_NM,REACHED,2,,2026-10-08 04:54:01.603000
SILVER,ERP_BUDGET_ITEM,FUND_SOURCE_NM,NONE,0,,2026-10-08 04:54:02.713000
SILVER,CRM_BIZ_TARGET,MONTH_KEY,REACHED,4,,2026-10-08 04:54:03.976000
SILVER,CRM_BIZ_TARGET,ORG_NM,REACHED,2,,2026-10-08 04:54:05.173000
SILVER,CRM_BIZ_TARGET,SPONSOR_BIZ_NM,REACHED,2,,2026-10-08 04:54:06.310000
SILVER,CRM_BIZ_TARGET,GOAL_TYPE_NM,REACHED,2,,2026-10-08 04:54:07.430000
SILVER,CRM_BIZ_TARGET,CPR_DIV_NM,REACHED,2,,2026-10-08 04:54:08.576000
SILVER,CRM_BIZ_TARGET,NEW_OLD_DIV_NM,REACHED,2,,2026-10-08 04:54:09.836000
SILVER,CRM_BIZ_TARGET,ORG_DIV_NM,REACHED,2,,2026-10-08 04:54:11.146000
SILVER,CRM_BIZ_TARGET,DTL_DIV_NM,REACHED,2,,2026-10-08 04:54:12.455000
SILVER,CRM_SEND_MEMBER,SNDNG_RST_CD,REACHED,2,,2026-10-08 04:54:13.713000
SILVER,CRM_SEND_MEMBER,SEND_CHANNEL,REACHED,2,,2026-10-08 04:54:14.868000
SILVER,CRM_SEND_MEMBER,SEND_STATUS_NAME,REACHED,2,,2026-10-08 04:54:16.146000
SILVER,CRM_SEND_MEMBER,SEND_RESULT_CD,REACHED,2,,2026-10-08 04:54:17.373000
SILVER,CRM_SEND_MEMBER,SEND_RESULT_GROUP,REACHED,2,,2026-10-08 04:54:19.087000
SILVER,CRM_SEND_MEMBER,SEND_RESULT_NAME,REACHED,2,,2026-10-08 04:54:20.262000
SILVER,CRM_SEND_MEMBER,FRST_BRND_CD,REACHED,1,,2026-10-08 04:54:21.401000
SILVER,CRM_SEND_MEMBER,FRST_BRND_NM,REACHED,1,,2026-10-08 04:54:22.523000
SILVER,CRM_SEND_MEMBER,LST_BRND_CD,REACHED,1,,2026-10-08 04:54:23.617000
SILVER,CRM_SEND_MEMBER,LST_BRND_NM,REACHED,1,,2026-10-08 04:54:24.730000
SILVER,CRM_SEND_MEMBER,CURRENT_BRND,REACHED,1,,2026-10-08 04:54:25.880000
SILVER,CRM_SEND_MEMBER,MNG_NO,REACHED,1,,2026-10-08 04:54:26.969000
SILVER,CRM_SEND_MEMBER,CINFO,REACHED,1,,2026-10-08 04:54:28.133000
SILVER,CRM_SEND_MEMBER,RESPONSED_YN,REACHED,1,,2026-10-08 04:54:29.269000
SILVER,BIGQUERY_BASIC,EVENT_NAME,NONE,0,,2026-10-08 04:54:30.579000
SILVER,BIGQUERY_BASIC,EVENT_DATE,NONE,0,,2026-10-08 04:54:31.720000
SILVER,BIGQUERY_BASIC,ID_SCHEME,NONE,0,,2026-10-08 04:54:32.863000
SILVER,BIGQUERY_BASIC,SESSION_ENGAGED,NONE,0,,2026-10-08 04:54:34.001000
SILVER,BIGQUERY_BASIC,EVENT_CATEGORY,REACHED,4,,2026-10-08 04:54:35.322000
SILVER,BIGQUERY_BASIC,DEVICE_TYPE,REACHED,10,,2026-10-08 04:54:36.803000
SILVER,BIGQUERY_BASIC,DEVICE_CATEGORY,NONE,0,,2026-10-08 04:54:38.572000
SILVER,BIGQUERY_BASIC,OS,NONE,0,,2026-10-08 04:54:39.669000
SILVER,BIGQUERY_BASIC,BROWSER,NONE,0,,2026-10-08 04:54:41.058000
SILVER,BIGQUERY_BASIC,LANGUAGE,NONE,0,,2026-10-08 04:54:42.182000
SILVER,BIGQUERY_BASIC,GEO_COUNTRY,NONE,0,,2026-10-08 04:54:43.268000
SILVER,BIGQUERY_BASIC,UTM_SOURCE,REACHED,4,,2026-10-08 04:54:44.659000
SILVER,BIGQUERY_BASIC,UTM_MEDIUM,REACHED,4,,2026-10-08 04:54:45.999000
SILVER,BIGQUERY_BASIC,SOURCE_MEDIUM,REACHED,2,,2026-10-08 04:54:47.212000
SILVER,BIGQUERY_BASIC,XCHAN_SOURCE,NONE,0,,2026-10-08 04:54:48.370000
SILVER,BIGQUERY_BASIC,XCHAN_MEDIUM,NONE,0,,2026-10-08 04:54:49.571000
SILVER,BIGQUERY_BASIC,DEFAULT_CHANNEL_GROUP,REACHED,1,,2026-10-08 04:54:50.776000
SILVER,BIGQUERY_BASIC,GAC_AD_GROUP_ID,NONE,0,,2026-10-08 04:54:51.996000
SILVER,BIGQUERY_BASIC,GAC_AD_GROUP_NAME,NONE,0,,2026-10-08 04:54:53.247000
SILVER,BIGQUERY_BASIC,GAC_CAMPAIGN_NAME,NONE,0,,2026-10-08 04:54:54.614000
SILVER,BIGQUERY_REFINED_DATA,EVENT_DATE,REACHED,2,,2026-10-08 04:54:56.273000
SILVER,BIGQUERY_REFINED_DATA,EVENT_NAME,NONE,0,,2026-10-08 04:54:58.211000
SILVER,BIGQUERY_REFINED_DATA,EVENT_VALUE_IN_USD,NONE,0,,2026-10-08 04:54:59.407000
SILVER,BIGQUERY_REFINED_DATA,EP_CHANGE_DONATION_UP_AMOUNT,NONE,0,,2026-10-08 04:55:00.516000
SILVER,BIGQUERY_REFINED_DATA,EP_DONATION_ONCE_AMOUNT,NONE,0,,2026-10-08 04:55:01.738000
SILVER,BIGQUERY_REFINED_DATA,EP_DONATION_REGULAR_AMOUNT,NONE,0,,2026-10-08 04:55:02.976000
SILVER,BIGQUERY_REFINED_DATA,EP_EVENT_CATEGORY,REACHED,4,,2026-10-08 04:55:04.213000
SILVER,BIGQUERY_REFINED_DATA,EP_GAD_CAMPAIGNID,NONE,0,,2026-10-08 04:55:05.279000
SILVER,BIGQUERY_REFINED_DATA,EP_GAD_SOURCE,NONE,0,,2026-10-08 04:55:06.391000
SILVER,BIGQUERY_REFINED_DATA,EP_LINK_DOMAIN,NONE,0,,2026-10-08 04:55:07.546000
SILVER,BIGQUERY_REFINED_DATA,EP_LINK_ID,NONE,0,,2026-10-08 04:55:08.717000
SILVER,BIGQUERY_REFINED_DATA,EP_LINK_TITLE,NONE,0,,2026-10-08 04:55:09.852000
SILVER,BIGQUERY_REFINED_DATA,EP_MEDIUM,NONE,0,,2026-10-08 04:55:11.043000
SILVER,BIGQUERY_REFINED_DATA,EP_PAYMENT_TYPE,NONE,0,,2026-10-08 04:55:12.142000
SILVER,BIGQUERY_REFINED_DATA,EP_PERCENT_SCROLLED,REACHED,2,,2026-10-08 04:55:13.377000
SILVER,BIGQUERY_REFINED_DATA,EP_SESSION_ENGAGED,NONE,0,,2026-10-08 04:55:15.138000
SILVER,BIGQUERY_REFINED_DATA,EP_VALUE,NONE,0,,2026-10-08 04:55:17.051000
SILVER,BIGQUERY_REFINED_DATA,EP_VIDEO_CURRENT_TIME,NONE,0,,2026-10-08 04:55:18.503000
SILVER,BIGQUERY_REFINED_DATA,EP_VIDEO_DURATION,NONE,0,,2026-10-08 04:55:20.051000
SILVER,BIGQUERY_REFINED_DATA,EP_VIDEO_PERCENT,NONE,0,,2026-10-08 04:55:21.365000
SILVER,BIGQUERY_REFINED_DATA,EP_VIDEO_TITLE,NONE,0,,2026-10-08 04:55:22.733000
SILVER,BIGQUERY_REFINED_DATA,UP_BIZ_TYPE,NONE,0,,2026-10-08 04:55:24.105000
SILVER,BIGQUERY_REFINED_DATA,UP_DONATION_TYPE,NONE,0,,2026-10-08 04:55:25.319000
SILVER,BIGQUERY_REFINED_DATA,UP_DONOR_TYPE,NONE,0,,2026-10-08 04:55:26.652000
SILVER,BIGQUERY_REFINED_DATA,UP_LOGIN_STATUS,NONE,0,,2026-10-08 04:55:27.837000
SILVER,BIGQUERY_REFINED_DATA,UP_MEMBER_TYPE,NONE,0,,2026-10-08 04:55:28.963000
SILVER,BIGQUERY_REFINED_DATA,DEVICE_CATEGORY,REACHED,9,,2026-10-08 04:55:30.343000
SILVER,BIGQUERY_REFINED_DATA,DEVICE_LANGUAGE,NONE,0,,2026-10-08 04:55:31.519000
SILVER,BIGQUERY_REFINED_DATA,DEVICE_MOBILE_BRAND_NAME,NONE,0,,2026-10-08 04:55:32.602000
SILVER,BIGQUERY_REFINED_DATA,DEVICE_OPERATING_SYSTEM,NONE,0,,2026-10-08 04:55:33.887000
SILVER,BIGQUERY_REFINED_DATA,DEVICE_WEB_INFO_BROWSER,NONE,0,,2026-10-08 04:55:35.104000
SILVER,BIGQUERY_REFINED_DATA,DEVICE_WEB_INFO_HOSTNAME,NONE,0,,2026-10-08 04:55:36.189000
SILVER,BIGQUERY_REFINED_DATA,GEO_CONTINENT,NONE,0,,2026-10-08 04:55:37.708000
SILVER,BIGQUERY_REFINED_DATA,GEO_COUNTRY,NONE,0,,2026-10-08 04:55:38.838000
SILVER,BIGQUERY_REFINED_DATA,GEO_METRO,NONE,0,,2026-10-08 04:55:39.952000
SILVER,BIGQUERY_REFINED_DATA,GEO_SUB_CONTINENT,NONE,0,,2026-10-08 04:55:40.984000
SILVER,BIGQUERY_REFINED_DATA,CTS_MANUAL_MEDIUM,NONE,0,,2026-10-08 04:55:42.075000
SILVER,BIGQUERY_REFINED_DATA,STSLC_CRC_DEFAULT_CHANNEL_GROUP,REACHED,1,,2026-10-08 04:55:43.230000
SILVER,BIGQUERY_REFINED_DATA,STSLC_CRC_MEDIUM,REACHED,2,,2026-10-08 04:55:44.436000
SILVER,BIGQUERY_REFINED_DATA,STSLC_CRC_PRIMARY_CHANNEL_GROUP,NONE,0,,2026-10-08 04:55:45.574000
SILVER,BIGQUERY_REFINED_DATA,STSLC_CRC_SOURCE,REACHED,2,,2026-10-08 04:55:46.828000
SILVER,BIGQUERY_REFINED_DATA,STSLC_CRC_SOURCE_PLATFORM,NONE,0,,2026-10-08 04:55:47.925000
SILVER,BIGQUERY_REFINED_DATA,STSLC_GAC_AD_GROUP_ID,NONE,0,,2026-10-08 04:55:48.999000
SILVER,BIGQUERY_REFINED_DATA,STSLC_GAC_AD_GROUP_NAME,NONE,0,,2026-10-08 04:55:50.199000
SILVER,BIGQUERY_REFINED_DATA,STSLC_GAC_CAMPAIGN_NAME,NONE,0,,2026-10-08 04:55:51.329000
SILVER,BIGQUERY_REFINED_DATA,STSLC_MC_MEDIUM,REACHED,4,,2026-10-08 04:55:52.569000
SILVER,BIGQUERY_REFINED_DATA,STSLC_MC_SOURCE,REACHED,4,,2026-10-08 04:55:53.844000
SILVER,BIGQUERY_REFINED_DATA,TS_MEDIUM,NONE,0,,2026-10-08 04:55:54.916000
SILVER,BIGQUERY_REFINED_DATA,TS_SOURCE,NONE,0,,2026-10-08 04:55:56.003000
SILVER,BIGQUERY_REFINED_DATA,STREAM_ID,NONE,0,,2026-10-08 04:55:58.341000
SILVER,BIGQUERY_REFINED_DATA,ECOMMERCE_PURCHASE_REVENUE,NONE,0,,2026-10-08 04:55:59.403000
SILVER,BIGQUERY_REFINED_DATA,ECOMMERCE_TOTAL_ITEM_QUANTITY,NONE,0,,2026-10-08 04:56:00.507000
SILVER,BIGQUERY_REFINED_DATA,ECOMMERCE_UNIQUE_ITEMS,NONE,0,,2026-10-08 04:56:01.783000
SILVER,CRM_MEMBER_RESPONSOR,REGIST_DEPT_CD,NONE,0,,2026-10-08 04:56:02.953000
SILVER,AGENCY_AD_BROADCAST,TIME_BAND,REACHED,3,,2026-10-08 04:56:04.174000
SILVER,AGENCY_AD_BROADCAST,CM_POSITION,REACHED,3,,2026-10-08 04:56:05.374000
SILVER,AGENCY_AD_BROADCAST,RT_TYPE,REACHED,4,,2026-10-08 04:56:06.580000
SILVER,AGENCY_AD_BROADCAST,CHANNEL_COMPANY,REACHED,4,,2026-10-08 04:56:07.883000
SILVER,AGENCY_AD_BROADCAST,CHANNEL_COMPANY_TYPE,REACHED,3,,2026-10-08 04:56:09.155000
SILVER,AGENCY_AD_BROADCAST,SPOT_TYPE,REACHED,3,,2026-10-08 04:56:10.362000
SILVER,AGENCY_AD_BROADCAST,DAY_DIV,REACHED,3,,2026-10-08 04:56:11.850000
SILVER,AGENCY_AD_BROADCAST,CTV_DIV,REACHED,3,,2026-10-08 04:56:13.114000
SILVER,AGENCY_AD_BROADCAST,BRDC_DIV,REACHED,3,,2026-10-08 04:56:14.773000
SILVER,BIGQUERY_EVENT_DIM,EVENT_NAME,NONE,0,,2026-10-08 04:56:15.919000
SILVER,BIGQUERY_EVENT_DIM,EVENT_CATEGORY,REACHED,4,,2026-10-08 04:56:17.182000
SILVER,AGENCY_AD_CREATIVE,SOURCE_SYSTEM,REACHED,2,,2026-10-08 04:56:18.492000
SILVER,AGENCY_AD_CREATIVE,MEDIA_CHANNEL_NM,REACHED,4,,2026-10-08 04:56:19.783000
SILVER,AGENCY_AD_CREATIVE,CREATIVE_TYPE_NM,REACHED,2,,2026-10-08 04:56:21.040000
SILVER,AGENCY_AD_CREATIVE,CM_AREA_NM,REACHED,1,,2026-10-08 04:56:22.167000
SILVER,AGENCY_AD_CREATIVE,AD_SEC_NM,NONE,0,,2026-10-08 04:56:23.389000
SILVER,CRM_SPONSOR_RELATION,SPNSR_BSNS_ID,NONE,0,,2026-10-08 04:56:24.543000
SILVER,CRM_SPONSOR_RELATION,RELATNSP_DSCNTC_YN,NONE,0,,2026-10-08 04:56:25.705000
SILVER,CRM_SPONSOR_RELATION,RELATNSP_DSCNTC_RSN_CD,NONE,0,,2026-10-08 04:56:26.859000
SILVER,IDENTITY_MEMBER_XREF,ID_SCHEME,NONE,0,,2026-10-08 04:56:27.956000
SILVER,IDENTITY_MEMBER_XREF,MEMBER_TYPE,NONE,0,,2026-10-08 04:56:29.110000
SILVER,IDENTITY_MEMBER_XREF,MATCH_METHOD,NONE,0,,2026-10-08 04:56:30.184000
SILVER,IDENTITY_MEMBER_XREF,MATCH_CONFIDENCE,NONE,0,,2026-10-08 04:56:31.985000
SILVER,AGENCY_AD_ROW_DGT,YEAR,REACHED,12,,2026-10-08 04:56:33.655000
SILVER,AGENCY_AD_ROW_DGT,BDGT_SOURCE_NM,NONE,0,,2026-10-08 04:56:34.880000
SILVER,AGENCY_AD_ROW_DGT,CMPGN_TYPE1_BSN_NM,NONE,0,,2026-10-08 04:56:36.132000
SILVER,AGENCY_AD_ROW_DGT,CMPGN_TYPE2_BSN_NM,NONE,0,,2026-10-08 04:56:37.429000
SILVER,AGENCY_AD_ROW_DGT,CMPGN_TYPE_BSN_NM,NONE,0,,2026-10-08 04:56:38.612000
SILVER,AGENCY_AD_ROW_DGT,AD_TY_NM,REACHED,3,,2026-10-08 04:56:40.022000
SILVER,AGENCY_AD_ROW_DGT,MONTH,REACHED,12,,2026-10-08 04:56:41.733000
SILVER,AGENCY_AD_ROW_DGT,DEVICE,NONE,0,,2026-10-08 04:56:44.670000
SILVER,AGENCY_AD_ROW_DGT,MEDIA_NM,NONE,0,,2026-10-08 04:56:46.917000
SILVER,AGENCY_AD_ROW_DGT,WEEK,NONE,0,,2026-10-08 04:56:48.916000
SILVER,AGENCY_AD_ROW_DGT,DAY,REACHED,12,,2026-10-08 04:56:51.226000
SILVER,AGENCY_AD_ROW_DGT,DOW,NONE,0,,2026-10-08 04:56:52.784000
SILVER,AGENCY_AD_ROW_DGT,CMPGN_NM,NONE,0,,2026-10-08 04:56:54.487000
SILVER,AGENCY_AD_ROW_DGT,MATR_TY_NM,REACHED,3,,2026-10-08 04:56:56.382000
SILVER,AGENCY_AD_ROW_DGT,UTM_CMPGN_NM,NONE,0,,2026-10-08 04:56:57.549000
SILVER,AGENCY_AD_ROW_DGT,PAGE_TYPE_NM,REACHED,3,,2026-10-08 04:56:59.527000
SILVER,AGENCY_AD_ROW_DGT,AD_GRP_NM,REACHED,3,,2026-10-08 04:57:00.835000
SILVER,CRM_DEV_TARGET,STDYY,REACHED,8,,2026-10-08 04:57:02.298000
SILVER,CRM_DEV_TARGET,MBER_DVLP_DIV_CD,REACHED,3,,2026-10-08 04:57:03.664000
SILVER,CRM_DEV_TARGET,DEPT_ID,NONE,0,,2026-10-08 04:57:04.827000
SILVER,AGENCY_AD_DIGITAL,PAGE_TYPE_NM,REACHED,3,,2026-10-08 04:57:06.151000
SILVER,AGENCY_AD_DIGITAL,AD_GRP_NM,REACHED,3,,2026-10-08 04:57:07.358000
SILVER,AGENCY_AD_DIGITAL,MATR_TY_NM,REACHED,3,,2026-10-08 04:57:09.030000
SILVER,AGENCY_AD_DIGITAL,AD_TY_NM,REACHED,3,,2026-10-08 04:57:10.314000
SILVER,CRM_MEMBER_DISCONTINUE,DSCNTC_RSN_CD,REACHED,3,,2026-10-08 04:57:11.558000
SILVER,CRM_MEMBER_DISCONTINUE,DSCNTC_RSN_NM,REACHED,10,,2026-10-08 04:57:13.013000
SILVER,CRM_MEMBER_DISCONTINUE,DSCNTC_PATH,REACHED,2,,2026-10-08 04:57:14.304000
SILVER,CRM_MEMBER_DISCONTINUE,DSCNTC_PATH_NM,REACHED,3,,2026-10-08 04:57:15.800000
SILVER,CRM_MEMBER_DISCONTINUE,REGIST_DEPT_CD,NONE,0,,2026-10-08 04:57:16.941000
SILVER,CRM_EVENT,EVENT_SOURCE,REACHED,4,,2026-10-08 04:57:18.220000
SILVER,CRM_EVENT,EVENT_DIV_CD,REACHED,3,,2026-10-08 04:57:19.459000
SILVER,CRM_EVENT,BRNCH_DEPT_ID,NONE,0,,2026-10-08 04:57:20.605000
SILVER,CRM_EVENT,EVENT_DIV_GROUP,REACHED,2,,2026-10-08 04:57:21.774000
SILVER,CRM_EVENT,EVENT_DIV_NM,REACHED,2,,2026-10-08 04:57:23.030000
SILVER,CRM_EVENT,PRZWIN_GFT_SNDNG_DE,REACHED,1,,2026-10-08 04:57:24.727000
SILVER,CRM_EVENT,CRMN_PLACE_NM,REACHED,1,,2026-10-08 04:57:25.875000
SILVER,CRM_EVENT,CRMN_PART_STRT_DE,REACHED,1,,2026-10-08 04:57:27.004000
SILVER,CRM_EVENT,CRMN_PART_END_DE,REACHED,1,,2026-10-08 04:57:28.076000
SILVER,CRM_EVENT,CPR_DIV_CD,REACHED,1,,2026-10-08 04:57:29.195000
SILVER,AGENCY_AD_PERFORMANCE,AD_SOURCE_TYPE,REACHED,6,,2026-10-08 04:57:30.559000
SILVER,AGENCY_AD_PERFORMANCE,SOURCE_SYSTEM,NONE,0,,2026-10-08 04:57:31.824000
SILVER,AGENCY_AD_PERFORMANCE,CAMPAIGN_NM,NONE,0,,2026-10-08 04:57:32.942000
SILVER,AGENCY_AD_PERFORMANCE,UPPER_CAMPAIGN_NM,NONE,0,,2026-10-08 04:57:34.072000
SILVER,AGENCY_AD_PERFORMANCE,MEDIA_CHANNEL_NM,NONE,0,,2026-10-08 04:57:35.164000
SILVER,AGENCY_AD_PERFORMANCE,DEVICE_NM,NONE,0,,2026-10-08 04:57:36.222000
SILVER,AGENCY_AD_PERFORMANCE,COST_TYPE,NONE,0,,2026-10-08 04:57:37.306000
SILVER,CRM_MEMBER_SPONSOR_SPAN,SPNSR_BSNS_ID,NONE,0,,2026-10-08 04:57:38.421000
SILVER,CRM_MEMBER_SPONSOR_SPAN,SPNSR_DSCNTC_YN,NONE,0,,2026-10-08 04:57:39.566000
SILVER,CRM_MEMBER_SPONSOR_SPAN,JOIN_PATH_CD,REACHED,1,,2026-10-08 04:57:40.628000
SILVER,CRM_MEMBER_SPONSOR_SPAN,ACMSLT_DEPT_CD,REACHED,1,,2026-10-08 04:57:42.487000
SILVER,CRM_PAYMENT_BILLING,PAYMENT_TYPE,REACHED,2,,2026-10-08 04:57:43.780000
SILVER,CRM_PAYMENT_BILLING,SPNSR_BSNS_ID,REACHED,1,,2026-10-08 04:57:44.941000
SILVER,CRM_PAYMENT_BILLING,MBRFEE_MT,REACHED,29,,2026-10-08 04:57:46.878000
SILVER,CRM_PAYMENT_BILLING,PAY_STAT_CD,REACHED,13,,2026-10-08 04:57:48.321000
SILVER,CRM_PAYMENT_BILLING,SETLE_CD,REACHED,2,,2026-10-08 04:57:49.566000
SILVER,CRM_PAYMENT_BILLING,GFT_DIV_CD,NONE,0,,2026-10-08 04:57:50.638000
SILVER,CRM_PAYMENT_BILLING,RQEST_RST_CD,NONE,0,,2026-10-08 04:57:52.578000
SILVER,CRM_PAYMENT_BILLING,PRCS_RST_CD,NONE,0,,2026-10-08 04:57:53.657000
SILVER,CRM_PAYMENT_BILLING,CPR_DIV_CD,NONE,0,,2026-10-08 04:57:54.842000
SILVER,CRM_PAYMENT_BILLING,MBER_DIV_CD,NONE,0,,2026-10-08 04:57:56.005000
SILVER,CRM_PAYMENT_BILLING,MBRFEE_DIV_CD,REACHED,2,,2026-10-08 04:57:57.362000
SILVER,CRM_PAYMENT_BILLING,OPERT_DIV_CD,NONE,0,,2026-10-08 04:57:58.506000
SILVER,CRM_PAYMENT_BILLING,MBRFEE_PRCS_STAT_CD,NONE,0,,2026-10-08 04:57:59.614000
SILVER,CRM_PAYMENT_BILLING,RETUN_RSN_CD,NONE,0,,2026-10-08 04:58:00.675000
SILVER,CRM_PAYMENT_BILLING,RQEST_DIV_CD,NONE,0,,2026-10-08 04:58:01.885000
SILVER,CRM_PAYMENT_BILLING,RQEST_MT,NONE,0,,2026-10-08 04:58:03.324000
SILVER,CRM_PAYMENT_BILLING,TOGETH_WTDRW_YN,NONE,0,,2026-10-08 04:58:04.590000
SILVER,CRM_PAYMENT_BILLING,SETLE_ENTRPS_CD,NONE,0,,2026-10-08 04:58:05.674000
SILVER,CRM_PAYMENT_BILLING,ACMSLT_DEPT_CD,NONE,0,,2026-10-08 04:58:07.172000
SILVER,CRM_CODE_GROUP,CD_ID,REACHED,1,,2026-10-08 04:58:08.320000
SILVER,CRM_CODE_GROUP,CD_NM,REACHED,1,,2026-10-08 04:58:09.461000
SILVER,CRM_CODE_GROUP,CD_DC,REACHED,1,,2026-10-08 04:58:10.552000
SILVER,CRM_CODE_GROUP,RM,REACHED,1,,2026-10-08 04:58:11.698000
