데이터플랫폼 공통지표,,,,,,,,,,
,,,,,,,,,,
,,,,,,,,,,
구분,순서,지표명,정의,계산식,데이터 출처,합의 필요사항,,,,
개발,1,월 목표대비 개발(%),월 목표 달성율,월 개발건/월 회원개발목표,매체별 목표 : 신규 테이블 마련 필요,,,,,
,,,,,개발(건) : crm,,,,,
개발,2,누계 목표대비 개발(%),누계 목표 달성율,누계 개발건/누계 회원개발목표,매체별 목표 : 신규 테이블 마련 필요,,,,,
,,,,,개발(건) : crm,,,,,
개발,3,연 목표대비 개발(%),연 목표 달성율,연 개발건/연 회원개발목표,매체별 목표 : 신규 테이블 마련 필요,,,,,
,,,,,개발(건) : crm,,,,,
개발,4,CRM 개발(건),조회일시 기준 CRM 회원개발실적,"회원번호 기준, 회원의 CRM 개발 건( =전체 후원금액/10,000)",CRM,,,,,
개발,5,GA 개발(건),조회일시 기준 GA 회원개발실적,"GA 개발 건( =전체 후원금액/10,000)",디지털 대행사 일별레포트,,,,,
개발,6,GA 광고비,조회일시 기준 GA 광고비,"GA 광고비( =전체 후원금액/10,000)",디지털 대행사 일별레포트,,,,,
개발,7,CRM 개발단가,투입 광고비 대비 CRM 개발(건),광고비 / CRM 개발 건,"투입예산 : 대행사(디지털,영상광고,재송출_쉐어포인트)",,,,,
,,,,,개발건 : CRM,,,,,
개발,8,GA 개발단가,투입 GA광고비 대비 GA개발(건),GA 광고비 / GA 개발 건,투입예산 : 대행사(디지털),,,,,
,,,,,개발건 : 대행사(디지털),,,,,
개발,9,GA CTR,노출수 대비 클릭률(%),(광고 클릭수 / 광고 노출수) * 100,대행사(디지털),,,,,
개발,10,GA CVR,클릭수 대비 전환율(%),(광고 전환수 / 광고 클릭수) * 100 ,대행사(디지털),,,,,
개발,11,매체명(=개발인입경로),"디지털,재송출,방송,영상광고 등 15개",,(공통)브랜드 및 상위캠페인_26.02활동기준.xlsx,,,,,
개발,12,플랫폼,광고 송출 수단,"YOUTUBE, KBS, 당근 등 광고를 송출하는 플랫폼","대행사(디지털,영상광고,재송출_쉐어포인트)",,,,,
개발,13,플랫폼 유형,"DA,SA,BSA,CPT,지상파 등 플랫폼 유형으로 분류",,"대행사(디지털,영상광고,재송출_쉐어포인트)",,,,,
개발,14,기기,"디지털 매체에 한하며 PC, M 두개 유형으로 분류",,"대행사(디지털,영상광고,재송출_쉐어포인트)",,,,,
개발,17,캠페인 유형,캠페인 소재 기준 6개 유형으로  분류,1) 국내 사례 2) 국내 사업 3) 해외 사례 4) 해외 굿즈 5) 전체 굿즈 6) 통합 통합,대행사(디지털) ,,,,,
개발,18,캠페인명,캠페인명,,CRM,,,,,
개발,19,캠페인 오픈일자,CRM 내 상위캠페인의 실적이 발생한 최초 일자,,CRM,,,,,
개발,20,소재,디지털 매체에 한하며 광고 배너 구분 값,,대행사(디지털),,,,,
개발,21,CM위치,영상광고 매체에 한하며 광고 삽입 위치,,대행사(영상광고),,,,,
개발,22,초수,영상광고 매체에 한하며 광고 구성 시간,,대행사(영상광고),,,,,
개발,23,노출수,"디지털매체, 영상광고(YTTV)에 한하며 노출된 횟수",,"대행사(디지털, 영상광고)",,,,,
개발,24,클릭수,"디지털매체, 영상광고(YTTV)에 한하며 클릭된 횟수",,"대행사(디지털, 영상광고)",,,,,
개발,25,인입콜,"미디어(방송,영상광고) 컨텐츠 ",,"대행사(영상광고,재송출)",,,,,
개발,26,가입캠페인 중단일,가입캠페인 중단일자,,CRM,,,,,
개발,27,캠페인 가입일,가입캠페인 가입일자,,CRM,,,,,
개발,28,최초가입일(회원번호 생성일),회원의 최초가입일자,,CRM,,,,,
개발,29,최초캠페인,회원이 최초가입한 캠페인,회원이 최초가입 시 가입캠페인 ,CRM,,,,,
중단,30,최종중단일,회원의 가장 마지막 중단일자,회원이 최종중단일자,,,,,,
중단,31,최종캠페인,회원이 최종중단 시 캠페인,회원이 최종중단 시 최종캠페인,,,,,,
개발,32,신규,조회년월 기준 당해년도 개발,,CRM,,,,,
개발,33,증액,조회년월 기준 최초개발 이후 추가개발,,CRM,,,,,
개발,34,재후원,조회년월 기준 중단이후 재개발,,CRM,,,,,
중단,35,중단(건),조회일시 기준 중단 건 ,"회원번호 기준, 후원중단한 회원의 총 개발 건( =전체 후원금액/10,000)",,,,,,
미납,36,미납(건),조회일시 기준 미납 건 ,"회원번호 기준, 회원상태가 미납인 회원의 총 개발 건( =전체 후원금액/10,000)",,,,,,
활동,37,활동(건),조회일시 기준 활동 건 ,"회원번호 기준, 회원상태가 활동인 회원의 총 개발 건( =전체 후원금액/10,000)",,,,,,
개발,38,감액(건),조회일시 기준 감액 건,"회원번호 기준, 후원사업(세부캠페인)별 총 감액 건(=전체 감액금액/10,000)",CRM,,,,,
개발,39,개발회원,"조회년월 기준 가입한 회원(신규,재후원,증액)",,CRM,,,,,
활동,40,활동회원,"조회년월 기준 회원상태가 활동,미납인 회원",,,,,,,
중단,41,중단회원,조회년월 기준 회원상태가 중단인 회원,,,,,,,
미납,42,미납회원,"조회년월 기준 회원상태가 미납1,미납2,미납3,미납4,미납5 인 회원",,,,,,,
공통,43,신규회원,조회년월 기준 당해년도 개발된 회원,,,,,,,
공통,44,기존회원,조회년월 기준 당해년도 이전에 개발된 회원,,,,,,,
활동,45,활동율(%),전체회원 활동율,월말활동회원건/총 개발회원건(연도초활동회원건+누계개발건),,,,,,
활동,46,신규 활동율(%),신규개발 회원의 활동율,누계개발 건/활동건,,,,,,
활동,47,기존 활동율(%),기존개발 회원의 활동율,활동 건/(누계개발 건+연도초활동 건) ,,,,,,
활동,48,연도초 활동회원,직전 년도말(12월) 활동회원,,,,,,,
활동,49,연도초 활동회원(건),"조회년도 기준, 직전년도말(12월) 활동회원 건",전년도 연도말 활동회원 건수,,,,,,
활동,50,연도말 활동회원(건),"조회년도 기준, 당해년도(12월) 활동회원 건",,,,,,,
활동,51,월말활동회원,"조회년월 기준, 해당월 활동회원","활동, 미납1~미납5까지의 회원 포함",,해당 월을 기준으로 했을 때 마지막 중단일이 마지막 재후원일보다 커야함,,,,
활동,52,월말활동회원(건),"조회년월 기준, 해당월 활동회원 전체 활동건수","월 활동회원(회원상태가 활동, 미납1~미납5)의 전체후원사업금액/10,000",,"이럴 때 같은 날이면 문제가 생기는데 지금 시간으로 구분하기는 어려워서, 재후원을 진행한 후원사업의 넘버링(후원을 할 경우 발생되는 숫자)이 후원사업의 넘버링보다 크다는 조건이 필요",,,,
활동,53,전월말 활동회원(건),"조회년월 기준, 이전월 활동회원 건",,,,,,,
중단,54,중단율1(%),활동 대비 중단,중단(건)/(개발(건)+연도초활동회원(건)),,,,,,
중단,55,중단율2(%),개발 대비 중단,중단(건)/개발(건),,,,,,
중단,56,신규 중단율,신규회원 중단율,신규중단(건)/(당월 신규개발(건)+전월말 신규활동회원건),,,,,,
중단,57,기존 중단율,기존회원 중단율,기존중단(건)/(당월 기존개발(건)+전월말 기존활동회원건),,,,,,
중단,58,주간 평균 1일 중단(건),주간 평균 1일 중단건수,해당주간 총 중단건수/ 해당 주간 일수,,,,,,
공통,59,증감(건),"전주/전월/전년 대비 개발,중단,미납,활동(건) 증감",(당해년도 전주/전월/전년 수치 - 전주/전월/전년 수치),,,,,,
공통,60,증감율(%),"전주/전월/전년 대비 개발,중단,미납,활동율(%) 증감",(당해년도 전주/전월/전년 수치 - 전주/전월/전년 수치)/(전주/전월/전년 수치)*100,,,,,,
활동,61,1명당 건수,정기회원 1명당 후원건수,활동회원 건/ 활동회원 명,,,,,,
납입,62,납입율(%),전체 납입율,"납입회비 원/(활동회원 건*10,000)",,,,,,
납입,63,누계납입율(%),전체 누계납입율,"누계납입회비 원/(누계 활동회원 건*10,000)",,,,,,
납입,64,납부율(%),전체 납부율,(납입회비 원/청구회비 원)*100       *청구회비금액: 재청구 중복 포함,,,,,,
납입,65,누계납부율(%),전체 누계납부율,(누계납부회비 원/누계 청구회비 원)*100   *청구회비금액: 재청구 중복 포함,,,,,,
납입,66,정기회비,정기회원이 정기후원사업으로 납입하는 회비,,,,,,,
납입,67,정기회원 일시회비,정기회원이 납부하는 일시회비,"정기회원이 정기후원사업 외 비지정(기타,국내사업,해외사업)으로 납부하는 일시회비",,,,,,
납입,68,일시회원 일시회비,일시회원이 납부하는 일시회비,일시회원이 납부하는 회비,,,,,,
납입,69,납입회비,정기회원이 매월 납입하는 회비,,,,,,,
납입,70,납입,"정기회원이 매월 납입하는 회비 명, 원","납입회원명수, 회원이 납입한 금액(원)",,,,,,
납입,71,청구,매월 정기회원의 회비납부 실행을 위한 납입방식별 결제 요청 프로세스,,,,,,,
개발/활동,72,후원금액대1,5만원 단위 후원금액대,"조회년월 기준 후원 약정금액 기준 5만원 단위로 구분(1만원~5만원,6만원~10만원,,,)",CRM,,,,,
개발/활동,73,후원금액대2,1만원 단위 후원금액대,조회년월 기준 후원 약정금액 기준 1만원 단위로 구분,CRM,,,,,
개발/활동,74,후원기간대1,5년 단위 후원기간대,"캠페인 가입일자부터 조회년월까지의 기간을 개월기준, 년 기준으로 5년단위 구분",CRM,,,,,
개발/활동,75,후원기간대2,1년 단위 후원기간대,"캠페인 가입일자부터 조회년월까지의 기간을 개월기준, 년 기준으로 1년단위 구분 ",CRM,,,,,
미납,76,미납율(%),활동회원 대비 미납회원 비중,미납(건)/활동(건),,,,,,
미납,77,신규 미납율(%),활동회원 대비 신규미납회원 비중,신규미납(건)/신규활동(건),,,,,,
미납,78,기존 미납율(%),활동회원 대비 기존미납회원 비중,기존미납(건)/기존활동(건),,,,,,
미납,79,후원사업별 미납율(%),후원사업별 활동회원 대비 미납회원 비중,후원사업 미납(건)/후원사업 활동(건),,,,,,
미납,80,미납회원 감소율(%),월초미납명수 대비 월말미납명수 감소비중,(월초미납명수-월말미납명수)/월초미납명수,,,,,,
미납,81,미납서비스 전환율(%),미납서비스 대상회원의 전환비중,납입회원(명)/미납서비스 클릭회원(명)*100,,*미납서비스 클릭회원명수는 GA값으로 가져와야함,,,,
미납,82,미납사유,매월 정기회원의 회비미납 시 사유,crm>회원요약정보>회비내역>미납/환급정보>미납내역,,*캠페인별 미납사유는 볼수없음,,,,
미납,83,캠페인별 미납(건),캠페인별 미납 건수,"캠페인별 미납회비금액/10,000원",,,,,,
미납,84,회원상태별 미납(건),회원상태(미납1~미납5)별 미납 건수,"회원상태별 미납회비금액/10,000원",,,,,,
서비스,85,발송수(명),발송수(명),회원번호 개수 기준(중복을 포함한),,,,,,
서비스,86,성공수(명),성공수(명),회원번호 개수 기준(중복을 포함한),,,,,,
서비스,87,실패수(명),실패수(명),회원번호 개수 기준(중복을 포함한),,,,,,
서비스,88,서신참여(명),서신참여(명),회원번호 개수 기준(중복을 포함한),,,,,,
서비스,89,서신참여(건),서신참여(건),,,,,,,
서비스,90,선물금참여(명),선물금참여(명),회원번호 개수 기준(중복을 포함한),,,,,,
서비스,91,선물금참여(원),선물금참여(원),,,,,,,
서비스,92,방문수(명),GA 방문수,,,,,,,
서비스,93,활성사용자수(명),GA 활성사용자수,,,,,,,
서비스,94,총사용자(명),GA 총사용자수,,,,,,,
서비스,95,이벤트수(명),GA 이벤트수,,,,,,,
서비스,96,조회수(명),GA 조회수,,,,,,,
서비스,97,세션수(명),GA 세션수,,,,,,,
서비스,98,평균세션시간,GA 평균세션시간,,,,,,,
서비스,99,event_category,GA event_category,member_id가 (not set)이 아닌 데이터,,,,,,
서비스,100,event_label,GA event_label,"후원b1, 후원b2, 1단_대문, 퀵버튼 등등 ",,,,,,
서비스,101,event_action,GA event_action,member_id가 (not set)이 아닌 데이터,,,,,,
서비스,102,세션캠페인,GA 세션캠페인,2024 기념일 캠페인/ 2024 ACL 등,,,,,,
서비스,103,세션 수동 광고 콘텐츠,GA 세션 수동 광고 콘텐츠,기부금영수증 인쇄/ 로그인하기/ 전체메뉴보기 등,,,,,,
서비스,104,세션 수동 검색어,GA 세션 수동 검색어,,,,,,,
서비스,105,페이지경로+쿼리문자열,GA 페이지경로+쿼리문자열,,,,,,,
서비스,106,페이지위치,GA 페이지위치,https://m.goodneighbors.kr/campaign/turn25b,,,,,,
서비스,107,스크롤깊이,GA 스크롤깊이,,,,,,,
서비스,108,이탈율,GA 이탈율,,,,,,,
서비스,109,세션 소스/매체,GA 세션 소스/매체,,,,,,,
공통,110,회원번호,crm 회원번호,,,,,,,
공통,111,memnum,링크 내 회원번호,,,,,,,
공통,112,member id,GA 회원번호,,,,,,,
공통,113,신규기존구분,신규기존구분,"신규: 당해년도개발,  기존: 당해년도 이전 개발",,,,,,
공통,114,법인,"사단법인, 사회복지법인",,,,,,,
공통,115,본부/지부,본부/지부,,,,,,,
공통,116,부서,부서,"본부, 시도본부 및 지부",,,,,,
공통,117,공통브랜드,공통브랜드,,,,,,,
공통,118,홍보방법,홍보방법,,,,,,,
공통,119,공통상위캠페인,공통상위캠페인,,,,,,,
공통,120,캠페인,캠페인,,,,,,,
공통,121,개발구분,"신규,증액,재후원",,,,,,,
공통,122,결연아동코드,결연아동코드,"페이지 경로+쿼리 문자열""에서 파생. URL에서 chilenum= 뒤에 오는 13자리",,,,,,
,,,,예) https://gni.kr/url/25acl_25ABC.gn?memnum=1831636&childnum=CMR-0102-002758,,,,,,
,,,,결연아동코드 = CMR-0102-002758,,,,,,
공통,123,후원사업(후원사업전체),정기후원사업,,,,,,,
공통,124,후원사업(약칭),정기후원사업을 분야별 약칭한것,"국내(국내아동권리보호사업(사단법인),결식아동지원,아동학대예방,저소득가정지원) *법인이 사단인 경우, 국내(국내아동권리보호사업(사회복지법인), 국내사업) *법인이 사복인 경우, 결연(해외아동결연), 해외구호(희망학교지원사업,해외교육지원사업,보건의료지원사업,식수위생지원사업,재난구호지원사업,해외지역개발지원사업), 기타(대북지원사업,좋은이웃,전체사업지원) *법인이 사단인 경우, 기타(좋은이웃(사복)) *법인이 사복인 경우",,,,,,
공통,125,납입방식,자동이체/ 신용카드/ 네이버페이/ 전자결제/ OCR/ 회비통장,,,,,,,
공통,126,캠페인별 납입방식,개발당시 납입방식,,,,,,,
공통,127,후원기간(개월),최초가입일로부터 기준년월일까지의 개월수,,,,,,,
공통,128,후원기간(년),최초가입일로부터 기준년월일까지의 년수,,,,,,,
공통,129,납입개월수,최초가입일로부터 기준년월일까지 기간 중 정기납입이력이 있는 달수,,,,,,,
공통,130,성별,남/여/기업/단체/기타,,,,,,,
공통,131,지역,서울/인천/경기/강원….우편코드기준,,,,,,,
공통,132,회원상태,활동/신규미납/장기미납/중단,"조회시점(조회년월)기준, 회원의 상태",,,,,,
공통,133,발송구분(대),결연/회비/서비스/사업보고/참여/기타,,,,,,,
공통,134,발송구분(중),선물금/신규결연회원발송/회원서신/만18세아동종결/일반퇴소….,,,,,,,
공통,135,발송구분(소),선물금접수확인/신규결연우편물(PF)/결연100일/서신접수확인/첫출금안내(사단)….,,,,,,,
공통,136,제목(발송),텍스트길이 김,,,,,,,
공통,137,발송일,YYYY-MM-DD,,,,,,,
공통,138,발송상태,발송성공,,,,,,,
공통,139,발송(+5일차) 서신참여(명),발송일로부터 +5일차까지의 발송대상X서신참여 매칭되는 사람수(중복포함),,,,,,,
공통,140,발송(+5일차) 서신참여(건),발송일로부터 +5일차까지의 발송대상X서신참여 매칭되는 사람의 활동건,,,,,,,
공통,141,발송(+5일차) 선물금참여(명),발송일로부터 +5일차까지의 발송대상X선물금참여 매칭되는 사람수(중복포함),,,,,,,
공통,142,발송(+5일차) 선물금참여(건),발송일로부터 +5일차까지의 발송대상X선물금참여 매칭되는 사람의 활동건,,,,,,,
공통,143,발송(+5일차) 증액참여(명),발송일로부터 +5일차까지의 발송대상X증액으로 매칭되는 사람수(중복포함),,,,,,,
공통,144,발송(+5일차) 증액참여(건),발송일로부터 +5일차까지의 발송대상X증액으로 매칭되는 사람의 활동건,,,,,,,
공통,145,발송(+5일차) 중단(명),발송일로부터 +5일차까지의 발송대상X중단으로 매칭되는 사람수(중복포함),,,,,,,
공통,146,발송(+5일차) 중단(건),발송일로부터 +5일차까지의 발송대상X중단으로 매칭되는 사람의 활동건,,,,,,,
공통,147,공통캠페인,현재 세부캠페인기준으로 25년 26년 정리된 캠페인,,,,,,,
공통,148,개발(명),당월 개발 명수(회원번호 생성기준),,,,,,,
공통,149,개발(건),당월 개발 건수,,,,,,,
공통,150,증액(명),월 마감시 전월대비 활동(건)이 증가한 사람들의 회원번호 기준의 명수,,,,,,,
공통,151,증액(건),월 마감시 전월대비 활동(건)이 증가한 사람들의 증가분(건),,,,,,,
공통,152,연사업목표(건),"연사업으로 확정된 본부/지부별, 각 팀별, 후원사업별 당월 목표(건)",,,,,,,
공통,153,추경목표(건),"추경으로 확정된 본부/지부별, 각 팀별, 후원사업별 당월 누계목표(건)",,,,,,,
공통,154,연사업누계목표(건),"연사업으로 확정된 본부/지부별, 각 팀별, 후원사업별 당해년 누계목표(건)",,,,,,,
공통,155,추경누계목표(건),"추경으로 확정된 본부/지부별, 각 팀별, 후원사업별 당해년 누계목표(건)",,,,,,,
공통,156,활동(명),월 마감시 활동하고 있는 사람들의 명수(회원번호 개수),,,,,,,
공통,157,활동(건),월 마감시 활동하고 있는 사람들의 약정금액÷10000원,,,,,,,
공통,158,활동누계(명),월 마감시 활동하고 있는 사람들의 당해년도 명수 누계(회원번호 개수 누계),,,,,,,
공통,159,활동누계(건),월 마감시 활동하고 있는 사람들의 당해년도 약정금액÷10000원 누계,,,,,,,
공통,160,서비스(명),총 서비스 나간 사람들의 회원번호 개수(명),,,,,,,
공통,161,서비스(건),총 서비스 나간 사람들의 약정금액÷10000원,,,,,,,
공통,162,중단사유,중단한 회원의 중단사유,"개인적(경제적)사유, 명의변경,일시후원이었음,약정후원,이중가입,회원항의,다른곳지원,사업장종결,아동퇴소,기업후원종료,기타,만18세아동퇴소",,,,,,
,,,,,,,,,,
공통,163,신규미납,"조회시점(조회년월) 기준, 회원상태값이 '신규미납1~신규미납5'인 회원","신규미납(명)=회원번호당 1명,     신규미납(건)=신규미납회원 개발금액/10,000",,,,,,
공통,164,장기미납,"조회시점(조회년월) 기준, 회원상태값이 '장기미납1~장기미납5'인 회원","장기미납(명)=회원번호당 1명,     장기미납(건)=장기미납회원 개발금액/10,000",,,,,,
활동,165,월말활동회원(명),"조회시점(조회년월) 기준, 해당월말 활동회원 명수(회원번호 기준)","월 활동회원(회원상태가 활동, 미납1~미납5)의 회원명수  *회원번호당 1명",,,,,,
활동,166,월말활동목표(건),월별 활동회원건 목표,숫자,,,,,,
활동,167,연활동율목표(%),당해년도 연간 활동율 목표,%,,,,,,
공통,168,월 목표(건),"연사업으로 확정된 본부/지부별, 각 팀별, 후원사업별 월 목표(건)",,,,,,,
공통,169,월 누계목표(건),"조회시점(조회년월)기준 연사업으로 확정된 본부/지부별, 각 팀별, 후원사업별 월 누계목표(건)",,CRM,,,,,
개발,170,월 누계개발(건),조회시점(조회년월)기준 당해년도 월 누계 개발건수,,CRM,,,,,
공통,171,월 목표(원),"연사업으로 확정된 본부/지부별, 각 팀별, 후원사업별 정기회비 월 목표(원)",,,,,,,
공통,172,월 누계 목표(원),"조회시점(조회년월) 기준 당해년도 연사업으로 확정된 본부/지부별, 각 팀별, 후원사업별 정기회비 월 누계 목표(원)",,,,,,,
납입,173,납입회비(원),조회시점(조회년월)기준 월 납입회비 금액,,,,,,,
납입,174,누계 납입회비(원),조회시점(조회년월)기준 누계 납입회비 금액,,,,,,,
활동,175,월말 신규활동회원(건),"조회년월 기준, 해당월 신규활동건수","월 활동회원(회원상태가 활동, 미납1~미납5)의 신규 후원사업금액/10,000",,,,,,
활동,176,월말 기존활동회원(건),"조회년월 기준, 해당월 기존활동건수","월 활동회원(회원상태가 활동, 미납1~미납5)의 기존 후원사업금액/10,000",,,,,,
개발,177,평균 약정금액(원),후원자가 후원신청 시 약정한 후원금액의 평균,"(활동건*10,000원)/활동명",,,,,,
납입,178,평균 납입금액(원),후원자가 납입하는 후원금액의 평균,납입회비금액/납입명,,,,,,
