구분_팀,세부구분,구분_후원사업,기준년월,기준일자,법인,본부/지부,팀/지부,부서,브랜드,상위캠페인,캠페인,CP,개발구분,후원사업2,성별,연령대, 개발(건) ,개발(명),비고,CP
매체운영팀,디지털,해외,Jan-26,2026-01-01,사단,본부,온라인부,매체운영팀,M모바일앱,모바일앱,모바일앱_M_정기후원,7564,신규,재난구호지원사업,국내(남자),20대, 1.00 ,1,,디지털
매체운영팀,디지털,기타,Jan-26,2026-01-01,사단,본부,온라인부,매체운영팀,M모바일앱,모바일앱,모바일앱_M_정기후원,7564,신규,전체사업지원,국내(남자),40대, 5.00 ,1,,디지털
매체운영팀,디지털,국내,Jan-26,2026-01-01,사단,본부,온라인부,매체운영팀,M모바일앱,모바일앱,모바일앱_M_정기후원,7564,재후원,국내아동권리보호사업(사단법인),국내(여자),30대, 2.00 ,1,,디지털
매체운영팀,디지털,국내,Jan-26,2026-01-01,사단,본부,온라인부,매체운영팀,M홈페이지,모바일웹 사업후원,모바일웹_M_기관소개 하단,9071,신규,국내아동권리보호사업(사단법인),국내(남자),30대, 2.00 ,1,,디지털
매체운영팀,디지털,해외,Jan-26,2026-01-01,사단,본부,온라인부,매체운영팀,M홈페이지,모바일웹 사업후원,모바일웹_M_기관소개 하단,9071,신규,보건의료지원사업,국내(여자),40대, 1.00 ,1,,디지털
매체운영팀,디지털,국내,Jan-26,2026-01-01,사단,본부,온라인부,매체운영팀,M홈페이지,모바일웹 퀵메뉴,"[모바일]TV,라디오",5837,재후원,국내아동권리보호사업(사단법인),국내(여자),50대, 2.00 ,1,,디지털
매체운영팀,디지털,국내,Jan-26,2026-01-01,사단,본부,온라인부,매체운영팀,M홈페이지,홈페이지_퀵메뉴_정기후원,모바일 정기후원 퀵메뉴_인터넷,5833,신규,국내아동권리보호사업(사단법인),국내(남자),30대, 2.00 ,1,,디지털
매체운영팀,디지털,국내,Jan-26,2026-01-01,사단,본부,온라인부,매체운영팀,M홈페이지,홈페이지_퀵메뉴_정기후원,모바일 정기후원 퀵메뉴_인터넷,5833,신규,국내아동권리보호사업(사단법인),국내(남자),40대, 2.00 ,1,,디지털
매체운영팀,디지털,국내,Jan-26,2026-01-01,사단,본부,온라인부,매체운영팀,M홈페이지,홈페이지_퀵메뉴_정기후원,모바일 정기후원 퀵메뉴_인터넷,5833,신규,국내아동권리보호사업(사단법인),국내(여자),20대, 1.00 ,1,,디지털
매체운영팀,디지털,국내,Jan-26,2026-01-01,사단,본부,온라인부,매체운영팀,M홈페이지,홈페이지_퀵메뉴_정기후원,모바일 정기후원 퀵메뉴_인터넷,5833,신규,국내아동권리보호사업(사단법인),국내(여자),50대, 2.00 ,1,,디지털
매체운영팀,디지털,기타,Jan-26,2026-01-01,사단,본부,온라인부,매체운영팀,M홈페이지,홈페이지_퀵메뉴_정기후원,모바일 정기후원 퀵메뉴_인터넷,5833,신규,전체사업지원,국내(남자),50대, 3.00 ,1,,디지털
매체운영팀,디지털,국내,Jan-26,2026-01-01,사단,본부,온라인부,매체운영팀,M홈페이지,홈페이지_퀵메뉴_정기후원,모바일 정기후원 퀵메뉴_(기타),5835,신규,국내아동권리보호사업(사단법인),국내(여자),10대 미만, 1.00 ,1,,디지털
매체운영팀,디지털,국내,Jan-26,2026-01-01,사단,본부,온라인부,매체운영팀,M홈페이지,홈페이지_퀵메뉴_정기후원,모바일 정기후원 퀵메뉴_(기타),5835,신규,국내아동권리보호사업(사단법인),국내(여자),60대, 2.00 ,1,,디지털
매체운영팀,디지털,국내,Jan-26,2026-01-01,사단,본부,온라인부,매체운영팀,M홈페이지,2014 모바일웹 사업후원,[기타]2014 모바일웹 사업후원_국내,5248,신규,국내아동권리보호사업(사단법인),국내(여자),20대, 1.00 ,1,,디지털
매체운영팀,디지털,국내,Jan-26,2026-01-01,사단,본부,온라인부,매체운영팀,M홈페이지,2014 모바일웹 로그인메뉴 퀵후원,홈페이지/M _ 로그인메뉴 퀵후원_정기후원,5659,신규,국내아동권리보호사업(사단법인),국내(남자),10대 미만, 1.00 ,1,,디지털
매체운영팀,디지털,국내,Jan-26,2026-01-01,사단,본부,온라인부,매체운영팀,M홈페이지,2014 모바일웹 로그인메뉴 퀵후원,홈페이지/M _ 로그인메뉴 퀵후원_정기후원,5659,신규,국내아동권리보호사업(사단법인),국내(남자),10대, 2.00 ,1,,디지털
매체운영팀,디지털,국내,Jan-26,2026-01-01,사단,본부,온라인부,매체운영팀,M홈페이지,2014 모바일웹 로그인메뉴 퀵후원,홈페이지/M _ 로그인메뉴 퀵후원_정기후원,5659,신규,국내아동권리보호사업(사단법인),국내(여자),20대, 3.00 ,1,,디지털
매체운영팀,디지털,국내,Jan-26,2026-01-01,사단,본부,온라인부,매체운영팀,M홈페이지,2014 모바일웹 퀵후원(하단푸터),[기타]모바일웹 퀵후원(하단푸터)_정기후원,5282,신규,국내아동권리보호사업(사단법인),국내(남자),30대, 1.00 ,1,,디지털
매체운영팀,디지털,결연,Jan-26,2026-01-01,사단,본부,온라인부,매체운영팀,PC공동캠페인,홈페이지후원메뉴-해외아동1:1결연,기타/P_메인퀵메뉴_지정결연,610,신규,해외아동결연,국내(여자),10대 미만, 6.00 ,2,,디지털
매체운영팀,디지털,결연,Jan-26,2026-01-01,사단,본부,온라인부,매체운영팀,PC공동캠페인,홈페이지후원메뉴-해외아동1:1결연,기타/P_메인퀵메뉴_지정결연,610,신규,해외아동결연,국내(여자),20대, 3.00 ,1,,디지털
매체운영팀,디지털,결연,Jan-26,2026-01-01,사단,본부,온라인부,매체운영팀,PC공동캠페인,홈페이지후원메뉴-해외아동1:1결연,기타/P_메인퀵메뉴_지정결연,610,증액,해외아동결연,국내(여자),40대, 3.00 ,1,,디지털
매체운영팀,디지털,국내,Jan-26,2026-01-01,사단,본부,온라인부,매체운영팀,PC홈페이지,홈페이지_퀵메뉴_정기후원,홈페이지/P_메인퀵메뉴_인터넷(신규),335,신규,국내아동권리보호사업(사단법인),국내(남자),20대, 2.00 ,1,,디지털
매체운영팀,디지털,국내,Jan-26,2026-01-01,사단,본부,온라인부,매체운영팀,PC홈페이지,홈페이지_퀵메뉴_정기후원,홈페이지/P_메인퀵메뉴_인터넷(신규),335,신규,국내아동권리보호사업(사단법인),국내(남자),40대, 2.00 ,1,,디지털
매체운영팀,디지털,기타,Jan-26,2026-01-01,사단,본부,온라인부,매체운영팀,PC홈페이지,홈페이지_퀵메뉴_정기후원,홈페이지/P_메인퀵메뉴_인터넷(신규),335,신규,전체사업지원,국내(여자),20대, 2.00 ,1,,디지털
매체운영팀,디지털,해외,Jan-26,2026-01-01,사단,본부,온라인부,매체운영팀,PC홈페이지,홈페이지_퀵메뉴_정기후원,홈페이지/P_메인퀵메뉴_인터넷(신규),335,증액,해외교육지원사업,국내(남자),70대, 3.00 ,1,,디지털
매체운영팀,디지털,국내,Jan-26,2026-01-01,사단,본부,온라인부,매체운영팀,PC홈페이지,홈페이지_퀵메뉴_정기후원,홈페이지/P_메인퀵메뉴_인터넷(신규),335,재후원,국내아동권리보호사업(사단법인),국내(남자),20대, 3.00 ,1,,디지털
매체운영팀,디지털,국내,Jan-26,2026-01-01,사단,본부,온라인부,매체운영팀,PC홈페이지,홈페이지후원메뉴-퀵메뉴,메인 퀵메뉴/홈페이지 - 정기후원,338,신규,국내아동권리보호사업(사단법인),국내(남자),30대, 2.00 ,1,,디지털
매체운영팀,디지털,국내,Jan-26,2026-01-01,사단,본부,온라인부,매체운영팀,PC홈페이지,홈페이지후원메뉴-퀵메뉴,메인 퀵메뉴/홈페이지 - 정기후원,338,신규,국내아동권리보호사업(사단법인),국내(여자),30대, 1.00 ,1,,디지털
매체운영팀,디지털,기타,Jan-26,2026-01-01,사단,본부,온라인부,매체운영팀,PC홈페이지,홈페이지후원메뉴-퀵메뉴,메인 퀵메뉴/홈페이지 - 정기후원,338,신규,전체사업지원,국내(남자),50대, 3.00 ,1,,디지털
매체운영팀,디지털,해외,Jan-26,2026-01-01,사단,본부,온라인부,매체운영팀,PC홈페이지,홈페이지후원메뉴-퀵메뉴,메인 퀵메뉴/홈페이지 - 정기후원,338,증액,해외교육지원사업,국내(남자),70대, 3.00 ,1,,디지털
매체운영팀,디지털,국내,Jan-26,2026-01-02,사단,본부,온라인부,매체운영팀,M모바일앱,모바일앱,모바일앱_M_정기후원,7564,신규,국내아동권리보호사업(사단법인),국내(여자),20대, 2.00 ,1,,디지털
매체운영팀,디지털,결연,Jan-26,2026-01-02,사단,본부,온라인부,매체운영팀,M모바일앱,모바일앱,모바일앱_M_상단GNB후원하기,7566,신규,해외아동결연,국내(여자),30대, 3.00 ,1,,디지털
매체운영팀,디지털,국내,Jan-26,2026-01-02,사단,본부,온라인부,매체운영팀,M모바일앱,모바일앱,모바일앱_M_상단GNB후원하기,7566,신규,국내아동권리보호사업(사단법인),국내(여자),30대, 1.00 ,1,,디지털
매체운영팀,디지털,해외,Jan-26,2026-01-02,사단,본부,온라인부,매체운영팀,M홈페이지,홈페이지_퀵메뉴_정기후원,모바일 정기후원 퀵메뉴_인터넷,5833,신규,보건의료지원사업,국내(여자),40대, 2.00 ,1,,디지털
매체운영팀,디지털,국내,Jan-26,2026-01-02,사단,본부,온라인부,매체운영팀,M홈페이지,홈페이지_퀵메뉴_정기후원,모바일 정기후원 퀵메뉴_인터넷,5833,재후원,국내아동권리보호사업(사단법인),국내(여자),20대, 2.00 ,1,,디지털
매체운영팀,디지털,결연,Jan-26,2026-01-02,사단,본부,온라인부,매체운영팀,M홈페이지,홈페이지_퀵메뉴_정기후원,모바일 정기후원 퀵메뉴_(기타),5835,신규,해외아동결연,국내(여자),60대, 3.00 ,1,,디지털
매체운영팀,디지털,국내,Jan-26,2026-01-02,사단,본부,온라인부,매체운영팀,M홈페이지,홈페이지_퀵메뉴_정기후원,모바일 정기후원 퀵메뉴_(기타),5835,신규,국내아동권리보호사업(사단법인),국내(여자),60대, 2.00 ,1,,디지털
매체운영팀,디지털,해외,Jan-26,2026-01-02,사단,본부,온라인부,매체운영팀,M홈페이지,홈페이지_퀵메뉴_정기후원,모바일 정기후원 퀵메뉴_(기타),5835,신규,식수위생지원사업,국내(여자),30대, 2.00 ,1,,디지털
매체운영팀,디지털,기타,Jan-26,2026-01-02,사단,본부,온라인부,매체운영팀,M홈페이지,홈페이지_퀵메뉴_정기후원,모바일 정기후원 퀵메뉴_(기타),5835,신규,전체사업지원,국내(여자),40대, 1.00 ,1,,디지털
매체운영팀,디지털,해외,Jan-26,2026-01-02,사단,본부,온라인부,매체운영팀,M홈페이지,홈페이지_퀵메뉴_정기후원,모바일 정기후원 퀵메뉴_(기타),5835,증액,식수위생지원사업,국내(남자),60대, 1.00 ,1,,디지털
매체운영팀,디지털,해외,Jan-26,2026-01-02,사단,본부,온라인부,매체운영팀,M홈페이지,2014 모바일웹 로그인메뉴 퀵후원,기타/M _ 로그인메뉴 퀵후원_정기후원,5658,재후원,식수위생지원사업,국내(여자),50대, 2.00 ,1,,디지털
매체운영팀,디지털,국내,Jan-26,2026-01-02,사단,본부,온라인부,매체운영팀,M홈페이지,2014 모바일웹 로그인메뉴 퀵후원,홈페이지/M _ 로그인메뉴 퀵후원_정기후원,5659,신규,국내아동권리보호사업(사단법인),국내(남자),40대, 5.00 ,1,,디지털
매체운영팀,디지털,국내,Jan-26,2026-01-02,사단,본부,온라인부,매체운영팀,M홈페이지,2014 모바일웹 로그인메뉴 퀵후원,홈페이지/M _ 로그인메뉴 퀵후원_정기후원,5659,신규,국내아동권리보호사업(사단법인),국내(여자),10대, 2.00 ,1,,디지털
매체운영팀,디지털,해외,Jan-26,2026-01-02,사단,본부,온라인부,매체운영팀,M홈페이지,2014 모바일웹 로그인메뉴 퀵후원,홈페이지/M _ 로그인메뉴 퀵후원_정기후원,5659,신규,해외지역개발사업,국내(남자),40대, 2.00 ,1,,디지털
매체운영팀,디지털,해외,Jan-26,2026-01-02,사단,본부,온라인부,매체운영팀,M홈페이지,2014 모바일웹 로그인메뉴 퀵후원,홈페이지/M _ 로그인메뉴 퀵후원_정기후원,5659,신규,해외지역개발사업,국내(남자),50대, 2.00 ,1,,디지털
매체운영팀,디지털,해외,Jan-26,2026-01-02,사단,본부,온라인부,매체운영팀,M홈페이지,2014 모바일웹 로그인메뉴 퀵후원,홈페이지/M _ 로그인메뉴 퀵후원_정기후원,5659,신규,해외지역개발사업,국내(남자),60대, 2.00 ,1,,디지털
매체운영팀,디지털,결연,Jan-26,2026-01-02,사단,본부,온라인부,매체운영팀,M홈페이지,2014 모바일웹 로그인메뉴 퀵후원,홈페이지/M _ 로그인메뉴 퀵후원_정기후원,5659,증액,해외아동결연,국내(남자),20대, 3.00 ,1,,디지털
매체운영팀,디지털,결연,Jan-26,2026-01-02,사단,본부,온라인부,매체운영팀,PC공동캠페인,홈페이지후원메뉴-해외아동1:1결연,기타/P_메인퀵메뉴_지정결연,610,증액,해외아동결연,국내(남자),20대, 6.00 ,1,,디지털
매체운영팀,디지털,국내,Jan-26,2026-01-02,사단,본부,온라인부,매체운영팀,PC광고마케팅,홈페이지후원메뉴-후원하기,기타/P_후원하기 메인_정기후원,4882,증액,국내아동권리보호사업(사단법인),국내(여자),50대, 3.00 ,1,,디지털
매체운영팀,디지털,기타,Jan-26,2026-01-02,사단,본부,온라인부,매체운영팀,PC광고마케팅,홈페이지후원메뉴-후원하기,기타/P_후원하기 메인_정기후원,4882,증액,대북지원사업,국내(여자),50대, 3.00 ,1,,디지털
매체운영팀,디지털,결연,Jan-26,2026-01-02,사단,본부,온라인부,매체운영팀,PC홈페이지,홈페이지_퀵메뉴_정기후원,홈페이지/P_메인퀵메뉴_인터넷(신규),335,신규,해외아동결연,국내(남자),40대, 3.00 ,1,,디지털
매체운영팀,디지털,결연,Jan-26,2026-01-02,사단,본부,온라인부,매체운영팀,PC홈페이지,홈페이지_퀵메뉴_정기후원,홈페이지/P_메인퀵메뉴_인터넷(신규),335,신규,해외아동결연,국내(남자),70대 이상, 3.00 ,1,,디지털
매체운영팀,디지털,국내,Jan-26,2026-01-02,사단,본부,온라인부,매체운영팀,PC홈페이지,홈페이지_퀵메뉴_정기후원,홈페이지/P_메인퀵메뉴_인터넷(신규),335,신규,국내아동권리보호사업(사단법인),국내(남자),40대, 2.00 ,1,,디지털
매체운영팀,디지털,기타,Jan-26,2026-01-02,사단,본부,온라인부,매체운영팀,PC홈페이지,홈페이지_퀵메뉴_정기후원,홈페이지/P_메인퀵메뉴_인터넷(신규),335,신규,전체사업지원,국내(남자),20대, 2.00 ,1,,디지털
매체운영팀,디지털,국내,Jan-26,2026-01-02,사단,본부,온라인부,매체운영팀,PC홈페이지,홈페이지후원메뉴-퀵메뉴,메인 퀵메뉴/홈페이지 - 정기후원,338,신규,국내아동권리보호사업(사단법인),국내(남자),70대, 2.00 ,1,,디지털
매체운영팀,디지털,해외,Jan-26,2026-01-02,사단,본부,온라인부,매체운영팀,PC홈페이지,홈페이지후원메뉴-퀵메뉴,메인 퀵메뉴/홈페이지 - 정기후원,338,신규,식수위생지원사업,국내(남자),50대, 2.00 ,1,,디지털
매체운영팀,디지털,해외,Jan-26,2026-01-02,사단,본부,온라인부,매체운영팀,PC홈페이지,홈페이지후원메뉴-퀵메뉴,메인 퀵메뉴/홈페이지 - 정기후원,338,신규,보건의료지원사업,국내(여자),60대, 3.00 ,1,,디지털
매체운영팀,디지털,해외,Jan-26,2026-01-02,사단,본부,온라인부,매체운영팀,PC홈페이지,홈페이지후원메뉴-퀵메뉴,메인 퀵메뉴/홈페이지 - 정기후원,338,재후원,재난구호지원사업,국내(여자),30대, 2.00 ,1,,디지털
매체운영팀,디지털,국내,Jan-26,2026-01-03,사단,본부,온라인부,매체운영팀,M모바일앱,모바일앱,모바일앱_M_정기후원,7564,신규,국내아동권리보호사업(사단법인),국내(남자),30대, 2.00 ,1,,디지털
매체운영팀,디지털,해외,Jan-26,2026-01-03,사단,본부,온라인부,매체운영팀,M홈페이지,모바일웹 퀵메뉴,"[모바일]TV,라디오",5837,신규,식수위생지원사업,국내(여자),30대, 1.00 ,1,,디지털
매체운영팀,디지털,해외,Jan-26,2026-01-03,사단,본부,온라인부,매체운영팀,M홈페이지,모바일웹 퀵메뉴,"[모바일]TV,라디오",5837,신규,보건의료지원사업,국내(여자),30대, 1.00 ,1,,디지털
매체운영팀,디지털,국내,Jan-26,2026-01-03,사단,본부,온라인부,매체운영팀,M홈페이지,모바일웹 퀵메뉴,"[모바일]TV,라디오",5837,재후원,국내아동권리보호사업(사단법인),국내(여자),50대, 2.00 ,1,,디지털
매체운영팀,디지털,국내,Jan-26,2026-01-03,사단,본부,온라인부,매체운영팀,M홈페이지,홈페이지_퀵메뉴_정기후원,모바일 정기후원 퀵메뉴_인터넷,5833,신규,국내아동권리보호사업(사단법인),국내(남자),50대, 2.00 ,1,,디지털
매체운영팀,디지털,국내,Jan-26,2026-01-03,사단,본부,온라인부,매체운영팀,M홈페이지,홈페이지_퀵메뉴_정기후원,모바일 정기후원 퀵메뉴_인터넷,5833,신규,국내아동권리보호사업(사단법인),국내(여자),40대, 2.00 ,1,,디지털
매체운영팀,디지털,국내,Jan-26,2026-01-03,사단,본부,온라인부,매체운영팀,M홈페이지,홈페이지_퀵메뉴_정기후원,모바일 정기후원 퀵메뉴_인터넷,5833,신규,국내아동권리보호사업(사단법인),단체,기타, 3.00 ,1,,디지털
매체운영팀,디지털,결연,Jan-26,2026-01-03,사단,본부,온라인부,매체운영팀,M홈페이지,홈페이지_퀵메뉴_정기후원,모바일 정기후원 퀵메뉴_(기타),5835,신규,해외아동결연,국내(남자),10대, 6.00 ,2,,디지털
매체운영팀,디지털,결연,Jan-26,2026-01-03,사단,본부,온라인부,매체운영팀,M홈페이지,홈페이지_퀵메뉴_정기후원,모바일 정기후원 퀵메뉴_(기타),5835,신규,해외아동결연,국내(남자),20대, 3.00 ,1,,디지털
매체운영팀,디지털,기타,Jan-26,2026-01-03,사단,본부,온라인부,매체운영팀,M홈페이지,홈페이지_퀵메뉴_정기후원,모바일 정기후원 퀵메뉴_(기타),5835,신규,전체사업지원,국내(남자),10대, 1.00 ,1,,디지털
매체운영팀,디지털,해외,Jan-26,2026-01-03,사단,본부,온라인부,매체운영팀,M홈페이지,2014 모바일웹 로그인메뉴 퀵후원,홈페이지/M _ 로그인메뉴 퀵후원_정기후원,5659,신규,보건의료지원사업,국내(여자),10대, 1.00 ,1,,디지털
매체운영팀,디지털,결연,Jan-26,2026-01-03,사단,본부,온라인부,매체운영팀,PC공동캠페인,홈페이지후원메뉴-해외아동1:1결연,기타/P_메인퀵메뉴_지정결연,610,신규,해외아동결연,국내(여자),20대, 3.00 ,1,,디지털
매체운영팀,디지털,결연,Jan-26,2026-01-03,사단,본부,온라인부,매체운영팀,PC공동캠페인,홈페이지후원메뉴-해외아동1:1결연,기타/P_메인퀵메뉴_지정결연,610,재후원,해외아동결연,국내(여자),30대, 3.00 ,1,,디지털
매체운영팀,디지털,국내,Jan-26,2026-01-03,사단,본부,온라인부,매체운영팀,PC광고마케팅,홈페이지후원메뉴-후원하기,기타/P_후원하기 메인_정기후원,4882,신규,국내아동권리보호사업(사단법인),국내(남자),60대, 3.00 ,1,,디지털
매체운영팀,디지털,결연,Jan-26,2026-01-03,사단,본부,온라인부,매체운영팀,PC홈페이지,홈페이지_퀵메뉴_정기후원,홈페이지/P_메인퀵메뉴_인터넷(신규),335,신규,해외아동결연,국내(남자),10대, 3.00 ,1,,디지털
매체운영팀,디지털,해외,Jan-26,2026-01-03,사단,본부,온라인부,매체운영팀,PC홈페이지,홈페이지_퀵메뉴_정기후원,홈페이지/P_메인퀵메뉴_인터넷(신규),335,신규,보건의료지원사업,국내(여자),40대, 2.00 ,1,,디지털
매체운영팀,디지털,국내,Jan-26,2026-01-03,사단,본부,온라인부,매체운영팀,PC홈페이지,홈페이지_후원메뉴_사업후원,홈페이지후원메뉴-사업후원(국내아동권리),355,신규,국내아동권리보호사업(사단법인),국내(남자),40대, 2.00 ,1,,디지털
매체운영팀,디지털,국내,Jan-26,2026-01-03,사단,본부,온라인부,매체운영팀,PC홈페이지,홈페이지후원메뉴-퀵메뉴,메인 퀵메뉴/홈페이지 - 정기후원,338,신규,국내아동권리보호사업(사단법인),단체,기타, 2.00 ,1,,디지털
매체운영팀,디지털,해외,Jan-26,2026-01-03,사단,본부,온라인부,매체운영팀,PC홈페이지,홈페이지후원메뉴-퀵메뉴,메인 퀵메뉴/홈페이지 - 정기후원,338,신규,해외교육지원사업,국내(여자),20대, 2.00 ,1,,디지털
매체운영팀,디지털,국내,Jan-26,2026-01-04,사단,본부,온라인부,매체운영팀,M홈페이지,홈페이지_퀵메뉴_정기후원,모바일 정기후원 퀵메뉴_인터넷,5833,신규,국내아동권리보호사업(사단법인),국내(남자),30대, 5.00 ,1,,디지털
매체운영팀,디지털,국내,Jan-26,2026-01-04,사단,본부,온라인부,매체운영팀,M홈페이지,홈페이지_퀵메뉴_정기후원,모바일 정기후원 퀵메뉴_인터넷,5833,신규,국내아동권리보호사업(사단법인),국내(여자),20대, 1.00 ,1,,디지털
매체운영팀,디지털,국내,Jan-26,2026-01-04,사단,본부,온라인부,매체운영팀,M홈페이지,홈페이지_퀵메뉴_정기후원,모바일 정기후원 퀵메뉴_인터넷,5833,재후원,국내아동권리보호사업(사단법인),국내(남자),20대, 1.00 ,1,,디지털
매체운영팀,디지털,해외,Jan-26,2026-01-04,사단,본부,온라인부,매체운영팀,M홈페이지,홈페이지_퀵메뉴_정기후원,모바일 정기후원 퀵메뉴_(기타),5835,신규,식수위생지원사업,국내(남자),20대, 2.00 ,1,,디지털
매체운영팀,디지털,결연,Jan-26,2026-01-04,사단,본부,온라인부,매체운영팀,M홈페이지,2014 모바일웹 로그인메뉴 퀵후원,기타/M _ 로그인메뉴 퀵후원_정기후원,5658,신규,해외아동결연,국내(남자),20대, 3.00 ,1,,디지털
매체운영팀,디지털,국내,Jan-26,2026-01-04,사단,본부,온라인부,매체운영팀,M홈페이지,2014 모바일웹 로그인메뉴 퀵후원,홈페이지/M _ 로그인메뉴 퀵후원_정기후원,5659,신규,국내아동권리보호사업(사단법인),국내(남자),40대, 2.00 ,1,,디지털
매체운영팀,디지털,국내,Jan-26,2026-01-04,사단,본부,온라인부,매체운영팀,M홈페이지,2014 모바일웹 로그인메뉴 퀵후원,홈페이지/M _ 로그인메뉴 퀵후원_정기후원,5659,신규,국내아동권리보호사업(사단법인),국내(여자),10대,-1.00 ,1,,디지털
매체운영팀,디지털,기타,Jan-26,2026-01-04,사단,본부,온라인부,매체운영팀,M홈페이지,2014 모바일웹 로그인메뉴 퀵후원,홈페이지/M _ 로그인메뉴 퀵후원_정기후원,5659,신규,전체사업지원,국내(남자),50대, 2.00 ,1,,디지털
매체운영팀,디지털,국내,Jan-26,2026-01-04,사단,본부,온라인부,매체운영팀,M홈페이지,2014 모바일웹 퀵후원(하단푸터),[기타]모바일웹 퀵후원(하단푸터)_정기후원,5282,신규,국내아동권리보호사업(사단법인),국내(여자),50대, 1.00 ,1,,디지털
매체운영팀,디지털,결연,Jan-26,2026-01-04,사단,본부,온라인부,매체운영팀,PC공동캠페인,홈페이지후원메뉴-해외아동1:1결연,기타/P_메인퀵메뉴_지정결연,610,증액,해외아동결연,국내(여자),10대, 6.00 ,1,,디지털
매체운영팀,디지털,결연,Jan-26,2026-01-04,사단,본부,온라인부,매체운영팀,PC공동캠페인,홈페이지후원메뉴-해외아동1:1결연,기타/P_메인퀵메뉴_지정결연,610,증액,해외아동결연,국내(여자),40대, 3.00 ,1,,디지털
매체운영팀,디지털,결연,Jan-26,2026-01-04,사단,본부,온라인부,매체운영팀,PC공동캠페인,홈페이지후원메뉴-해외아동1:1결연,기타/P_메인퀵메뉴_지정결연,610,재후원,해외아동결연,국내(여자),20대, 3.00 ,1,,디지털
매체운영팀,디지털,국내,Jan-26,2026-01-04,사단,본부,온라인부,매체운영팀,PC홈페이지,홈페이지_퀵메뉴_정기후원,홈페이지/P_메인퀵메뉴_인터넷(신규),335,신규,국내아동권리보호사업(사단법인),국내(남자),50대, 2.00 ,1,,디지털
매체운영팀,디지털,국내,Jan-26,2026-01-04,사단,본부,온라인부,매체운영팀,PC홈페이지,홈페이지_퀵메뉴_정기후원,홈페이지/P_메인퀵메뉴_인터넷(신규),335,신규,국내아동권리보호사업(사단법인),단체,기타, 5.00 ,1,,디지털
매체운영팀,디지털,해외,Jan-26,2026-01-04,사단,본부,온라인부,매체운영팀,PC홈페이지,홈페이지_퀵메뉴_정기후원,홈페이지/P_메인퀵메뉴_인터넷(신규),335,신규,보건의료지원사업,단체,기타, 5.00 ,1,,디지털
매체운영팀,디지털,기타,Jan-26,2026-01-04,사단,본부,온라인부,매체운영팀,PC홈페이지,홈페이지_퀵메뉴_정기후원,홈페이지/P_메인퀵메뉴_인터넷(신규),335,신규,전체사업지원,국내(남자),20대, 2.00 ,1,,디지털
매체운영팀,디지털,국내,Jan-26,2026-01-04,사단,본부,온라인부,매체운영팀,PC홈페이지,홈페이지_후원메뉴_사업후원,홈페이지후원메뉴-사업후원(국내아동권리),355,신규,국내아동권리보호사업(사단법인),국내(남자),60대, 2.00 ,1,,디지털
매체운영팀,디지털,국내,Jan-26,2026-01-05,사단,본부,온라인부,매체운영팀,M모바일앱,모바일앱,모바일앱_M_정기후원,7564,신규,국내아동권리보호사업(사단법인),국내(남자),30대, 2.00 ,1,,디지털
매체운영팀,디지털,해외,Jan-26,2026-01-05,사단,본부,온라인부,매체운영팀,M모바일앱,모바일앱,모바일앱_M_정기후원,7564,신규,식수위생지원사업,국내(여자),50대, 2.00 ,1,,디지털
매체운영팀,디지털,결연,Jan-26,2026-01-05,사단,본부,온라인부,매체운영팀,M홈페이지,모바일웹 퀵메뉴,"[모바일]TV,라디오",5837,증액,해외아동결연,국내(남자),60대, 3.00 ,1,,디지털
매체운영팀,디지털,결연,Jan-26,2026-01-05,사단,본부,온라인부,매체운영팀,M홈페이지,홈페이지_퀵메뉴_정기후원,모바일 정기후원 퀵메뉴_인터넷,5833,신규,해외아동결연,국내(여자),10대, 3.00 ,1,,디지털
매체운영팀,디지털,국내,Jan-26,2026-01-05,사단,본부,온라인부,매체운영팀,M홈페이지,홈페이지_퀵메뉴_정기후원,모바일 정기후원 퀵메뉴_인터넷,5833,신규,국내아동권리보호사업(사단법인),국내(여자),40대, 10.00 ,1,,디지털
매체운영팀,디지털,기타,Jan-26,2026-01-05,사단,본부,온라인부,매체운영팀,M홈페이지,홈페이지_퀵메뉴_정기후원,모바일 정기후원 퀵메뉴_인터넷,5833,신규,전체사업지원,국내(여자),20대, 1.00 ,1,,디지털
매체운영팀,디지털,기타,Jan-26,2026-01-05,사단,본부,온라인부,매체운영팀,M홈페이지,홈페이지_퀵메뉴_정기후원,모바일 정기후원 퀵메뉴_(기타),5835,신규,전체사업지원,국내(여자),30대, 1.00 ,1,,디지털
매체운영팀,디지털,국내,Jan-26,2026-01-05,사단,본부,온라인부,매체운영팀,M홈페이지,2014 모바일웹 로그인메뉴 퀵후원,홈페이지/M _ 로그인메뉴 퀵후원_정기후원,5659,신규,국내아동권리보호사업(사단법인),국내(남자),30대, 1.00 ,1,,디지털
매체운영팀,디지털,기타,Jan-26,2026-01-05,사단,본부,온라인부,매체운영팀,M홈페이지,2014 모바일웹 로그인메뉴 퀵후원,홈페이지/M _ 로그인메뉴 퀵후원_정기후원,5659,신규,전체사업지원,국내(여자),20대, 1.00 ,1,,디지털
매체운영팀,디지털,결연,Jan-26,2026-01-05,사단,본부,온라인부,매체운영팀,PC공동캠페인,홈페이지후원메뉴-해외아동1:1결연,기타/P_메인퀵메뉴_지정결연,610,신규,해외아동결연,국내(남자),40대, 3.00 ,1,,디지털
매체운영팀,디지털,결연,Jan-26,2026-01-05,사단,본부,온라인부,매체운영팀,PC공동캠페인,홈페이지후원메뉴-해외아동1:1결연,기타/P_메인퀵메뉴_지정결연,610,증액,해외아동결연,국내(남자),10대, 3.00 ,1,,디지털
매체운영팀,디지털,국내,Jan-26,2026-01-05,사단,본부,온라인부,매체운영팀,PC홈페이지,홈페이지_퀵메뉴_정기후원,홈페이지/P_메인퀵메뉴_인터넷(신규),335,신규,국내아동권리보호사업(사단법인),국내(남자),20대, 1.00 ,1,,디지털
매체운영팀,디지털,국내,Jan-26,2026-01-05,사단,본부,온라인부,매체운영팀,PC홈페이지,홈페이지_퀵메뉴_정기후원,홈페이지/P_메인퀵메뉴_인터넷(신규),335,신규,국내아동권리보호사업(사단법인),국내(남자),50대, 2.00 ,1,,디지털
매체운영팀,디지털,기타,Jan-26,2026-01-05,사단,본부,온라인부,매체운영팀,PC홈페이지,홈페이지_퀵메뉴_정기후원,홈페이지/P_메인퀵메뉴_인터넷(신규),335,신규,전체사업지원,국내(남자),60대, 1.00 ,1,,디지털
매체운영팀,디지털,해외,Jan-26,2026-01-05,사단,본부,온라인부,매체운영팀,PC홈페이지,홈페이지_후원메뉴_사업후원,홈페이지후원메뉴-사업후원(보건의료),4996,신규,보건의료지원사업,국내(여자),10대, 1.00 ,1,,디지털
매체운영팀,디지털,해외,Jan-26,2026-01-05,사단,본부,온라인부,매체운영팀,PC홈페이지,홈페이지후원메뉴-퀵메뉴,메인 퀵메뉴/홈페이지 - 정기후원,338,신규,보건의료지원사업,국내(여자),20대, 2.00 ,1,,디지털
매체운영팀,디지털,해외,Jan-26,2026-01-06,사단,본부,온라인부,매체운영팀,M모바일앱,모바일앱,모바일앱_M_정기후원,7564,신규,보건의료지원사업,국내(남자),30대, 2.00 ,1,,디지털
매체운영팀,디지털,해외,Jan-26,2026-01-06,사단,본부,온라인부,매체운영팀,M홈페이지,모바일웹 사업후원,모바일웹_M_기관소개 하단,9071,재후원,보건의료지원사업,국내(여자),30대, 2.00 ,1,,디지털
매체운영팀,디지털,결연,Jan-26,2026-01-06,사단,본부,온라인부,매체운영팀,M홈페이지,홈페이지_퀵메뉴_정기후원,모바일 정기후원 퀵메뉴_인터넷,5833,신규,해외아동결연,단체,기타, 3.00 ,1,,디지털
매체운영팀,디지털,국내,Jan-26,2026-01-06,사단,본부,온라인부,매체운영팀,M홈페이지,홈페이지_퀵메뉴_정기후원,모바일 정기후원 퀵메뉴_인터넷,5833,신규,국내아동권리보호사업(사단법인),국내(남자),60대, 1.00 ,1,,디지털
매체운영팀,디지털,해외,Jan-26,2026-01-06,사단,본부,온라인부,매체운영팀,M홈페이지,홈페이지_퀵메뉴_정기후원,모바일 정기후원 퀵메뉴_인터넷,5833,신규,보건의료지원사업,국내(여자),40대, 3.00 ,1,,디지털
매체운영팀,디지털,국내,Jan-26,2026-01-06,사단,본부,온라인부,매체운영팀,M홈페이지,2014 모바일웹 로그인메뉴 퀵후원,기타/M _ 로그인메뉴 퀵후원_정기후원,5658,재후원,국내아동권리보호사업(사단법인),국내(남자),30대, 2.00 ,1,,디지털
매체운영팀,디지털,국내,Jan-26,2026-01-06,사단,본부,온라인부,매체운영팀,M홈페이지,2014 모바일웹 로그인메뉴 퀵후원,홈페이지/M _ 로그인메뉴 퀵후원_정기후원,5659,신규,국내아동권리보호사업(사단법인),국내(여자),40대, 2.00 ,1,,디지털
매체운영팀,디지털,해외,Jan-26,2026-01-06,사단,본부,온라인부,매체운영팀,M홈페이지,2014 모바일웹 로그인메뉴 퀵후원,홈페이지/M _ 로그인메뉴 퀵후원_정기후원,5659,신규,식수위생지원사업,국내(여자),40대, 2.00 ,1,,디지털
매체운영팀,디지털,해외,Jan-26,2026-01-06,사단,본부,온라인부,매체운영팀,M홈페이지,2014 모바일웹 로그인메뉴 퀵후원,홈페이지/M _ 로그인메뉴 퀵후원_정기후원,5659,재후원,식수위생지원사업,국내(여자),50대, 2.00 ,1,,디지털
매체운영팀,디지털,결연,Jan-26,2026-01-06,사단,본부,온라인부,매체운영팀,PC공동캠페인,홈페이지후원메뉴-해외아동1:1결연,기타/P_메인퀵메뉴_지정결연,610,신규,해외아동결연,국내(남자),40대, 3.00 ,1,,디지털
매체운영팀,디지털,결연,Jan-26,2026-01-06,사단,본부,온라인부,매체운영팀,PC공동캠페인,홈페이지후원메뉴-해외아동1:1결연,기타/P_메인퀵메뉴_지정결연,610,신규,해외아동결연,국내(여자),30대, 3.00 ,1,,디지털
매체운영팀,디지털,결연,Jan-26,2026-01-06,사단,본부,온라인부,매체운영팀,PC공동캠페인,홈페이지후원메뉴-해외아동1:1결연,기타/P_메인퀵메뉴_지정결연,610,재후원,해외아동결연,국내(여자),30대, 3.00 ,1,,디지털
매체운영팀,디지털,결연,Jan-26,2026-01-06,사단,본부,온라인부,매체운영팀,PC홈페이지,홈페이지_퀵메뉴_정기후원,홈페이지/P_메인퀵메뉴_인터넷(신규),335,신규,해외아동결연,단체,기타, 3.00 ,1,,디지털
매체운영팀,디지털,국내,Jan-26,2026-01-06,사단,본부,온라인부,매체운영팀,PC홈페이지,홈페이지_퀵메뉴_정기후원,홈페이지/P_메인퀵메뉴_인터넷(신규),335,신규,국내아동권리보호사업(사단법인),국내(여자),50대, 2.00 ,1,,디지털
매체운영팀,디지털,국내,Jan-26,2026-01-06,사단,본부,온라인부,매체운영팀,PC홈페이지,홈페이지_퀵메뉴_정기후원,홈페이지/P_메인퀵메뉴_인터넷(신규),335,신규,국내아동권리보호사업(사단법인),단체,기타, 2.00 ,1,,디지털
매체운영팀,디지털,해외,Jan-26,2026-01-06,사단,본부,온라인부,매체운영팀,PC홈페이지,홈페이지_퀵메뉴_정기후원,홈페이지/P_메인퀵메뉴_인터넷(신규),335,신규,보건의료지원사업,국내(여자),10대, 2.00 ,1,,디지털
매체운영팀,디지털,해외,Jan-26,2026-01-06,사단,본부,온라인부,매체운영팀,PC홈페이지,홈페이지_후원메뉴_사업후원,홈페이지후원메뉴-사업후원(재난구호),2121,신규,재난구호지원사업,국내(여자),50대, 10.00 ,1,,디지털
매체운영팀,디지털,국내,Jan-26,2026-01-06,사단,본부,온라인부,매체운영팀,PC홈페이지,홈페이지_후원메뉴_사업후원,홈페이지후원메뉴-사업후원(국내아동권리),355,증액,국내아동권리보호사업(사단법인),국내(남자),50대, 1.00 ,1,,디지털
매체운영팀,디지털,해외,Jan-26,2026-01-06,사단,본부,온라인부,매체운영팀,PC홈페이지,홈페이지_후원메뉴_사업후원,홈페이지후원메뉴-사업후원(보건의료),4996,신규,보건의료지원사업,국내(남자),50대, 3.00 ,1,,디지털
매체운영팀,디지털,결연,Jan-26,2026-01-06,사단,본부,온라인부,매체운영팀,PC홈페이지,홈페이지후원메뉴-퀵메뉴,메인 퀵메뉴/홈페이지 - 정기후원,338,신규,해외아동결연,국내(여자),20대, 3.00 ,1,,디지털
매체운영팀,디지털,결연,Jan-26,2026-01-06,사단,본부,온라인부,매체운영팀,PC홈페이지,홈페이지후원메뉴-퀵메뉴,메인 퀵메뉴/홈페이지 - 정기후원,338,신규,해외아동결연,국내(여자),50대, 3.00 ,1,,디지털
매체운영팀,디지털,국내,Jan-26,2026-01-06,사단,본부,온라인부,매체운영팀,PC홈페이지,홈페이지후원메뉴-퀵메뉴,메인 퀵메뉴/홈페이지 - 정기후원,338,신규,국내아동권리보호사업(사단법인),국내(여자),20대, 2.00 ,1,,디지털
매체운영팀,디지털,기타,Jan-26,2026-01-06,사단,본부,온라인부,매체운영팀,PC홈페이지,홈페이지후원메뉴-퀵메뉴,메인 퀵메뉴/홈페이지 - 정기후원,338,증액,전체사업지원,국내(여자),40대, 2.00 ,1,,디지털
매체운영팀,디지털,국내,Jan-26,2026-01-07,사단,본부,온라인부,매체운영팀,M모바일앱,모바일앱,모바일앱_M_상단GNB후원하기,7566,신규,국내아동권리보호사업(사단법인),국내(남자),40대, 2.00 ,1,,디지털
매체운영팀,디지털,결연,Jan-26,2026-01-07,사단,본부,온라인부,매체운영팀,M홈페이지,모바일웹 퀵메뉴,"[모바일]TV,라디오",5837,신규,해외아동결연,국내(남자),20대, 3.00 ,1,,디지털
매체운영팀,디지털,기타,Jan-26,2026-01-07,사단,본부,온라인부,매체운영팀,M홈페이지,모바일웹 퀵메뉴,"[모바일]TV,라디오",5837,재후원,전체사업지원,국내(남자),50대, 1.00 ,1,,디지털
매체운영팀,디지털,국내,Jan-26,2026-01-07,사단,본부,온라인부,매체운영팀,M홈페이지,홈페이지_퀵메뉴_정기후원,모바일 정기후원 퀵메뉴_인터넷,5833,신규,국내아동권리보호사업(사단법인),국내(여자),50대, 1.00 ,1,,디지털
매체운영팀,디지털,해외,Jan-26,2026-01-07,사단,본부,온라인부,매체운영팀,M홈페이지,홈페이지_퀵메뉴_정기후원,모바일 정기후원 퀵메뉴_인터넷,5833,신규,보건의료지원사업,국내(여자),20대, 1.00 ,1,,디지털
매체운영팀,디지털,기타,Jan-26,2026-01-07,사단,본부,온라인부,매체운영팀,M홈페이지,홈페이지_퀵메뉴_정기후원,모바일 정기후원 퀵메뉴_인터넷,5833,신규,대북지원사업,국내(여자),50대, 1.00 ,1,,디지털
매체운영팀,디지털,기타,Jan-26,2026-01-07,사단,본부,온라인부,매체운영팀,M홈페이지,홈페이지_퀵메뉴_정기후원,모바일 정기후원 퀵메뉴_인터넷,5833,신규,전체사업지원,국내(여자),50대, 1.00 ,1,,디지털
매체운영팀,디지털,국내,Jan-26,2026-01-07,사단,본부,온라인부,매체운영팀,M홈페이지,홈페이지_퀵메뉴_정기후원,모바일 정기후원 퀵메뉴_(기타),5835,신규,국내아동권리보호사업(사단법인),국내(남자),40대, 2.00 ,1,,디지털
매체운영팀,디지털,기타,Jan-26,2026-01-07,사단,본부,온라인부,매체운영팀,M홈페이지,홈페이지_퀵메뉴_정기후원,모바일 정기후원 퀵메뉴_(기타),5835,신규,전체사업지원,국내(남자),10대, 1.00 ,1,,디지털
매체운영팀,디지털,국내,Jan-26,2026-01-07,사단,본부,온라인부,매체운영팀,M홈페이지,2014 모바일웹 사업후원,[기타]2014 모바일웹 사업후원_국내,5248,신규,국내아동권리보호사업(사단법인),국내(여자),30대, 2.00 ,1,,디지털
매체운영팀,디지털,국내,Jan-26,2026-01-07,사단,본부,온라인부,매체운영팀,M홈페이지,2014 모바일웹 사업후원,[기타]2014 모바일웹 사업후원_국내,5248,재후원,국내아동권리보호사업(사단법인),국내(여자),30대, 1.00 ,1,,디지털
매체운영팀,디지털,기타,Jan-26,2026-01-07,사단,본부,온라인부,매체운영팀,M홈페이지,2014 모바일웹 로그인메뉴 퀵후원,기타/M _ 로그인메뉴 퀵후원_정기후원,5658,신규,전체사업지원,국내(여자),30대, 1.00 ,1,,디지털
매체운영팀,디지털,결연,Jan-26,2026-01-07,사단,본부,온라인부,매체운영팀,M홈페이지,2014 모바일웹 로그인메뉴 퀵후원,홈페이지/M _ 로그인메뉴 퀵후원_정기후원,5659,신규,해외아동결연,단체,단체, 3.00 ,1,,디지털
매체운영팀,디지털,기타,Jan-26,2026-01-07,사단,본부,온라인부,매체운영팀,M홈페이지,2014 모바일웹 로그인메뉴 퀵후원,홈페이지/M _ 로그인메뉴 퀵후원_정기후원,5659,신규,전체사업지원,국내(남자),40대, 1.00 ,1,,디지털
매체운영팀,디지털,기타,Jan-26,2026-01-07,사단,본부,온라인부,매체운영팀,M홈페이지,2014 모바일웹 로그인메뉴 퀵후원,홈페이지/M _ 로그인메뉴 퀵후원_정기후원,5659,신규,전체사업지원,국내(여자),20대, 1.00 ,1,,디지털
매체운영팀,디지털,국내,Jan-26,2026-01-07,사단,본부,온라인부,매체운영팀,M홈페이지,2014 모바일웹 로그인메뉴 퀵후원,홈페이지/M _ 로그인메뉴 퀵후원_정기후원,5659,증액,국내아동권리보호사업(사단법인),국내(남자),60대, 2.00 ,1,,디지털
매체운영팀,디지털,결연,Jan-26,2026-01-07,사단,본부,온라인부,매체운영팀,PC광고마케팅,홈페이지후원메뉴-해외아동1:1결연,페북/P_ 메인퀵메뉴_비지정결연,4890,신규,해외아동결연,국내(여자),30대, 3.00 ,1,,디지털
매체운영팀,디지털,국내,Jan-26,2026-01-07,사단,본부,온라인부,매체운영팀,PC광고마케팅,홈페이지후원메뉴-후원하기,기타/P_후원하기 메인_정기후원,4882,신규,국내아동권리보호사업(사단법인),국내(남자),30대, 2.00 ,1,,디지털
매체운영팀,디지털,해외,Jan-26,2026-01-07,사단,본부,온라인부,매체운영팀,PC광고마케팅,홈페이지후원메뉴-후원하기,기타/P_후원하기 메인_정기후원,4882,신규,식수위생지원사업,국내(남자),50대, 1.00 ,1,,디지털
매체운영팀,디지털,결연,Jan-26,2026-01-07,사단,본부,온라인부,매체운영팀,PC홈페이지,홈페이지_퀵메뉴_정기후원,홈페이지/P_메인퀵메뉴_인터넷(신규),335,신규,해외아동결연,국내(남자),30대, 3.00 ,1,,디지털
매체운영팀,디지털,국내,Jan-26,2026-01-07,사단,본부,온라인부,매체운영팀,PC홈페이지,홈페이지_퀵메뉴_정기후원,홈페이지/P_메인퀵메뉴_인터넷(신규),335,신규,국내아동권리보호사업(사단법인),국내(남자),30대, 1.00 ,1,,디지털
매체운영팀,디지털,국내,Jan-26,2026-01-07,사단,본부,온라인부,매체운영팀,PC홈페이지,홈페이지_퀵메뉴_정기후원,홈페이지/P_메인퀵메뉴_인터넷(신규),335,신규,국내아동권리보호사업(사단법인),국내(여자),30대, 3.00 ,1,,디지털
매체운영팀,디지털,국내,Jan-26,2026-01-07,사단,본부,온라인부,매체운영팀,PC홈페이지,홈페이지_후원메뉴_사업후원,홈페이지후원메뉴-사업후원(국내아동권리),355,재후원,국내아동권리보호사업(사단법인),국내(남자),50대, 1.00 ,1,,디지털
매체운영팀,디지털,결연,Jan-26,2026-01-07,사단,본부,온라인부,매체운영팀,PC홈페이지,홈페이지후원메뉴-퀵메뉴,메인 퀵메뉴/홈페이지 - 정기후원,338,신규,해외아동결연,국내(남자),10대, 3.00 ,1,,디지털
매체운영팀,디지털,국내,Jan-26,2026-01-07,사단,본부,온라인부,매체운영팀,PC홈페이지,홈페이지후원메뉴-퀵메뉴,메인 퀵메뉴/홈페이지 - 정기후원,338,신규,국내아동권리보호사업(사단법인),국내(남자),50대, 2.00 ,1,,디지털
매체운영팀,디지털,국내,Jan-26,2026-01-07,사단,본부,온라인부,매체운영팀,PC홈페이지,홈페이지후원메뉴-퀵메뉴,메인 퀵메뉴/홈페이지 - 정기후원,338,신규,국내아동권리보호사업(사단법인),국내(여자),20대, - ,2,,디지털
매체운영팀,디지털,해외,Jan-26,2026-01-07,사단,본부,온라인부,매체운영팀,PC홈페이지,홈페이지후원메뉴-퀵메뉴,메인 퀵메뉴/홈페이지 - 정기후원,338,신규,보건의료지원사업,국내(여자),30대, 1.00 ,1,,디지털
매체운영팀,디지털,국내,Jan-26,2026-01-08,사단,본부,온라인부,매체운영팀,M홈페이지,홈페이지_퀵메뉴_정기후원,모바일 정기후원 퀵메뉴_인터넷,5833,신규,국내아동권리보호사업(사단법인),국내(남자),50대, 2.00 ,1,,디지털
매체운영팀,디지털,국내,Jan-26,2026-01-08,사단,본부,온라인부,매체운영팀,M홈페이지,홈페이지_퀵메뉴_정기후원,모바일 정기후원 퀵메뉴_인터넷,5833,증액,국내아동권리보호사업(사단법인),국내(여자),20대, 3.00 ,1,,디지털
매체운영팀,디지털,기타,Jan-26,2026-01-08,사단,본부,온라인부,매체운영팀,M홈페이지,홈페이지_퀵메뉴_정기후원,모바일 정기후원 퀵메뉴_인터넷,5833,재후원,전체사업지원,국내(여자),40대, 1.00 ,1,,디지털
매체운영팀,디지털,결연,Jan-26,2026-01-08,사단,본부,온라인부,매체운영팀,M홈페이지,홈페이지_퀵메뉴_정기후원,모바일 정기후원 퀵메뉴_(기타),5835,신규,해외아동결연,국내(남자),30대, 3.00 ,1,,디지털
매체운영팀,디지털,기타,Jan-26,2026-01-08,사단,본부,온라인부,매체운영팀,M홈페이지,홈페이지_퀵메뉴_정기후원,모바일 정기후원 퀵메뉴_(기타),5835,신규,전체사업지원,국내(남자),60대, 2.00 ,1,,디지털
매체운영팀,디지털,국내,Jan-26,2026-01-08,사단,본부,온라인부,매체운영팀,M홈페이지,2014 모바일웹 사업후원,[기타]2014 모바일웹 사업후원_국내,5248,재후원,국내아동권리보호사업(사단법인),국내(남자),30대, 2.00 ,1,,디지털
매체운영팀,디지털,국내,Jan-26,2026-01-08,사단,본부,온라인부,매체운영팀,M홈페이지,2014 모바일웹 로그인메뉴 퀵후원,홈페이지/M _ 로그인메뉴 퀵후원_정기후원,5659,신규,국내아동권리보호사업(사단법인),국내(여자),20대, 1.00 ,1,,디지털
매체운영팀,디지털,결연,Jan-26,2026-01-08,사단,본부,온라인부,매체운영팀,PC공동캠페인,홈페이지후원메뉴-해외아동1:1결연,기타/P_메인퀵메뉴_지정결연,610,신규,해외아동결연,국내(남자),20대, 3.00 ,1,,디지털
매체운영팀,디지털,결연,Jan-26,2026-01-08,사단,본부,온라인부,매체운영팀,PC공동캠페인,홈페이지후원메뉴-해외아동1:1결연,기타/P_메인퀵메뉴_지정결연,610,신규,해외아동결연,국내(남자),30대, 3.00 ,1,,디지털
매체운영팀,디지털,결연,Jan-26,2026-01-08,사단,본부,온라인부,매체운영팀,PC공동캠페인,홈페이지후원메뉴-해외아동1:1결연,기타/P_메인퀵메뉴_지정결연,610,증액,해외아동결연,국내(여자),30대, 3.00 ,1,,디지털
매체운영팀,디지털,결연,Jan-26,2026-01-08,사단,본부,온라인부,매체운영팀,PC광고마케팅,홈페이지후원메뉴-해외아동1:1결연,페북/P_ 메인퀵메뉴_비지정결연,4890,증액,해외아동결연,국내(여자),50대, 3.00 ,1,,디지털
매체운영팀,디지털,결연,Jan-26,2026-01-08,사단,본부,온라인부,매체운영팀,PC광고마케팅,홈페이지후원메뉴-해외아동1:1결연,페북/P_ 메인퀵메뉴_비지정결연,4890,재후원,해외아동결연,국내(남자),50대, 9.00 ,1,,디지털
매체운영팀,디지털,국내,Jan-26,2026-01-08,사단,본부,온라인부,매체운영팀,PC광고마케팅,홈페이지후원메뉴-후원하기,기타/P_후원하기 메인_정기후원,4882,신규,국내아동권리보호사업(사단법인),국내(남자),60대, 2.00 ,1,,디지털
매체운영팀,디지털,국내,Jan-26,2026-01-08,사단,본부,온라인부,매체운영팀,PC홈페이지,홈페이지_퀵메뉴_정기후원,홈페이지/P_메인퀵메뉴_인터넷(신규),335,신규,국내아동권리보호사업(사단법인),국내(남자),50대, 2.00 ,1,,디지털
매체운영팀,디지털,국내,Jan-26,2026-01-08,사단,본부,온라인부,매체운영팀,PC홈페이지,홈페이지_퀵메뉴_정기후원,홈페이지/P_메인퀵메뉴_인터넷(신규),335,신규,국내아동권리보호사업(사단법인),국내(여자),50대, 5.00 ,1,,디지털
매체운영팀,디지털,해외,Jan-26,2026-01-08,사단,본부,온라인부,매체운영팀,PC홈페이지,홈페이지후원메뉴-퀵메뉴,메인 퀵메뉴/홈페이지 - 정기후원,338,신규,해외지역개발사업,국내(여자),40대, 2.00 ,1,,디지털
매체운영팀,디지털,국내,Jan-26,2026-01-08,사단,본부,온라인부,매체운영팀,PC홈페이지,홈페이지후원메뉴-퀵메뉴,메인 퀵메뉴/홈페이지 - 정기후원,338,재후원,국내아동권리보호사업(사단법인),국내(남자),70대, 2.00 ,1,,디지털
매체운영팀,디지털,국내,Jan-26,2026-01-09,사단,본부,온라인부,매체운영팀,M모바일앱,모바일앱,모바일앱_M_상단GNB후원하기,7566,신규,국내아동권리보호사업(사단법인),국내(남자),10대, 1.00 ,1,,디지털
매체운영팀,디지털,해외,Jan-26,2026-01-09,사단,본부,온라인부,매체운영팀,M홈페이지,모바일웹 퀵메뉴,"[모바일]TV,라디오",5837,신규,보건의료지원사업,국내(여자),50대, 2.00 ,1,,디지털
매체운영팀,디지털,해외,Jan-26,2026-01-09,사단,본부,온라인부,매체운영팀,M홈페이지,홈페이지_퀵메뉴_정기후원,모바일 정기후원 퀵메뉴_인터넷,5833,신규,식수위생지원사업,국내(여자),50대, 1.00 ,1,,디지털
매체운영팀,디지털,국내,Jan-26,2026-01-09,사단,본부,온라인부,매체운영팀,M홈페이지,홈페이지_퀵메뉴_정기후원,모바일 정기후원 퀵메뉴_인터넷,5833,재후원,국내아동권리보호사업(사단법인),국내(여자),20대, 1.00 ,1,,디지털
매체운영팀,디지털,해외,Jan-26,2026-01-09,사단,본부,온라인부,매체운영팀,M홈페이지,홈페이지_퀵메뉴_정기후원,모바일 정기후원 퀵메뉴_(기타),5835,증액,보건의료지원사업,국내(남자),50대, 1.00 ,1,,디지털
매체운영팀,디지털,국내,Jan-26,2026-01-09,사단,본부,온라인부,매체운영팀,M홈페이지,2014 모바일웹 로그인메뉴 퀵후원,홈페이지/M _ 로그인메뉴 퀵후원_정기후원,5659,신규,국내아동권리보호사업(사단법인),국내(남자),10대 미만, 2.00 ,1,,디지털
매체운영팀,디지털,결연,Jan-26,2026-01-09,사단,본부,온라인부,매체운영팀,PC공동캠페인,홈페이지후원메뉴-해외아동1:1결연,기타/P_메인퀵메뉴_지정결연,610,재후원,해외아동결연,국내(여자),30대, 3.00 ,1,,디지털
매체운영팀,디지털,국내,Jan-26,2026-01-09,사단,본부,온라인부,매체운영팀,PC광고마케팅,홈페이지후원메뉴-후원하기,기타/P_후원하기 메인_정기후원,4882,신규,국내아동권리보호사업(사단법인),국내(남자),50대, 5.00 ,1,,디지털
매체운영팀,디지털,국내,Jan-26,2026-01-09,사단,본부,온라인부,매체운영팀,PC홈페이지,홈페이지_퀵메뉴_정기후원,홈페이지/P_메인퀵메뉴_인터넷(신규),335,신규,국내아동권리보호사업(사단법인),국내(여자),30대, 1.00 ,1,,디지털
매체운영팀,디지털,해외,Jan-26,2026-01-09,사단,본부,온라인부,매체운영팀,PC홈페이지,홈페이지_퀵메뉴_정기후원,홈페이지/P_메인퀵메뉴_인터넷(신규),335,신규,식수위생지원사업,국내(남자),70대, 2.00 ,1,,디지털
매체운영팀,디지털,국내,Jan-26,2026-01-09,사단,본부,온라인부,매체운영팀,PC홈페이지,홈페이지후원메뉴-퀵메뉴,메인 퀵메뉴/홈페이지 - 정기후원,338,신규,국내아동권리보호사업(사단법인),국내(여자),40대, 2.00 ,1,,디지털
매체운영팀,디지털,해외,Jan-26,2026-01-09,사단,본부,온라인부,매체운영팀,PC홈페이지,홈페이지후원메뉴-퀵메뉴,메인 퀵메뉴/홈페이지 - 정기후원,338,신규,보건의료지원사업,국내(남자),10대, 2.00 ,1,,디지털
매체운영팀,디지털,해외,Jan-26,2026-01-09,사단,본부,온라인부,매체운영팀,PC홈페이지,홈페이지후원메뉴-퀵메뉴,메인 퀵메뉴/홈페이지 - 정기후원,338,신규,재난구호지원사업,국내(남자),60대, 2.00 ,1,,디지털
매체운영팀,디지털,기타,Jan-26,2026-01-10,사단,본부,온라인부,매체운영팀,M모바일앱,모바일앱,모바일앱_M_정기후원,7564,신규,전체사업지원,국내(여자),20대, 1.00 ,1,,디지털
매체운영팀,디지털,국내,Jan-26,2026-01-10,사단,본부,온라인부,매체운영팀,M홈페이지,홈페이지_퀵메뉴_정기후원,모바일 정기후원 퀵메뉴_인터넷,5833,신규,국내아동권리보호사업(사단법인),국내(남자),40대, 2.00 ,1,,디지털
매체운영팀,디지털,해외,Jan-26,2026-01-10,사단,본부,온라인부,매체운영팀,M홈페이지,홈페이지_퀵메뉴_정기후원,모바일 정기후원 퀵메뉴_인터넷,5833,신규,보건의료지원사업,국내(여자),50대, 2.00 ,1,,디지털
매체운영팀,디지털,결연,Jan-26,2026-01-10,사단,본부,온라인부,매체운영팀,M홈페이지,홈페이지_퀵메뉴_정기후원,모바일 정기후원 퀵메뉴_(기타),5835,신규,해외아동결연,국내(남자),60대, 3.00 ,1,,디지털
매체운영팀,디지털,결연,Jan-26,2026-01-10,사단,본부,온라인부,매체운영팀,M홈페이지,홈페이지_퀵메뉴_정기후원,모바일 정기후원 퀵메뉴_(기타),5835,신규,해외아동결연,국내(여자),20대, 3.00 ,1,,디지털
매체운영팀,디지털,기타,Jan-26,2026-01-10,사단,본부,온라인부,매체운영팀,M홈페이지,홈페이지_퀵메뉴_정기후원,모바일 정기후원 퀵메뉴_(기타),5835,신규,전체사업지원,단체,기타, 18.00 ,1,,디지털
매체운영팀,디지털,기타,Jan-26,2026-01-10,사단,본부,온라인부,매체운영팀,M홈페이지,홈페이지_퀵메뉴_정기후원,모바일 정기후원 퀵메뉴_(기타),5835,증액,전체사업지원,국내(남자),50대, 1.00 ,1,,디지털
매체운영팀,디지털,국내,Jan-26,2026-01-10,사단,본부,온라인부,매체운영팀,M홈페이지,2014 모바일웹 로그인메뉴 퀵후원,홈페이지/M _ 로그인메뉴 퀵후원_정기후원,5659,신규,국내아동권리보호사업(사단법인),국내(남자),50대, 2.00 ,1,,디지털
매체운영팀,디지털,국내,Jan-26,2026-01-10,사단,본부,온라인부,매체운영팀,M홈페이지,2014 모바일웹 로그인메뉴 퀵후원,홈페이지/M _ 로그인메뉴 퀵후원_정기후원,5659,신규,국내아동권리보호사업(사단법인),국내(여자),30대, 2.00 ,1,,디지털
매체운영팀,디지털,기타,Jan-26,2026-01-10,사단,본부,온라인부,매체운영팀,M홈페이지,2014 모바일웹 로그인메뉴 퀵후원,홈페이지/M _ 로그인메뉴 퀵후원_정기후원,5659,신규,전체사업지원,국내(여자),20대, 1.00 ,1,,디지털
매체운영팀,디지털,해외,Jan-26,2026-01-10,사단,본부,온라인부,매체운영팀,M홈페이지,2014 모바일웹 로그인메뉴 퀵후원,홈페이지/M _ 로그인메뉴 퀵후원_정기후원,5659,증액,보건의료지원사업,국내(여자),60대, 2.00 ,1,,디지털
매체운영팀,디지털,결연,Jan-26,2026-01-10,사단,본부,온라인부,매체운영팀,PC공동캠페인,홈페이지후원메뉴-해외아동1:1결연,기타/P_메인퀵메뉴_지정결연,610,신규,해외아동결연,국내(남자),30대, 3.00 ,1,,디지털
매체운영팀,디지털,결연,Jan-26,2026-01-10,사단,본부,온라인부,매체운영팀,PC공동캠페인,홈페이지후원메뉴-해외아동1:1결연,기타/P_메인퀵메뉴_지정결연,610,신규,해외아동결연,국내(여자),20대, 3.00 ,1,,디지털
매체운영팀,디지털,결연,Jan-26,2026-01-10,사단,본부,온라인부,매체운영팀,PC공동캠페인,홈페이지후원메뉴-해외아동1:1결연,기타/P_메인퀵메뉴_지정결연,610,신규,해외아동결연,국내(여자),30대, 3.00 ,1,,디지털
매체운영팀,디지털,결연,Jan-26,2026-01-10,사단,본부,온라인부,매체운영팀,PC광고마케팅,홈페이지후원메뉴-해외아동1:1결연,페북/P_ 메인퀵메뉴_비지정결연,4890,신규,해외아동결연,국내(남자),70대, 9.00 ,1,,디지털
매체운영팀,디지털,국내,Jan-26,2026-01-10,사단,본부,온라인부,매체운영팀,PC광고마케팅,홈페이지후원메뉴-후원하기,기타/P_후원하기 메인_정기후원,4882,신규,국내아동권리보호사업(사단법인),국내(여자),40대, 1.00 ,1,,디지털
매체운영팀,디지털,국내,Jan-26,2026-01-10,사단,본부,온라인부,매체운영팀,PC홈페이지,홈페이지_퀵메뉴_정기후원,홈페이지/P_메인퀵메뉴_인터넷(신규),335,신규,국내아동권리보호사업(사단법인),국내(남자),60대, 3.00 ,1,,디지털
매체운영팀,디지털,국내,Jan-26,2026-01-10,사단,본부,온라인부,매체운영팀,PC홈페이지,홈페이지후원메뉴-퀵메뉴,메인 퀵메뉴/홈페이지 - 정기후원,338,신규,국내아동권리보호사업(사단법인),국내(남자),30대, 2.00 ,1,,디지털
매체운영팀,디지털,국내,Jan-26,2026-01-10,사단,본부,온라인부,매체운영팀,PC홈페이지,홈페이지후원메뉴-퀵메뉴,메인 퀵메뉴/홈페이지 - 정기후원,338,증액,국내아동권리보호사업(사단법인),국내(남자),40대, 4.00 ,1,,디지털
매체운영팀,디지털,해외,Jan-26,2026-01-10,사단,본부,온라인부,매체운영팀,PC홈페이지,홈페이지후원메뉴-퀵메뉴,메인 퀵메뉴/홈페이지 - 정기후원,338,재후원,해외지역개발사업,국내(남자),50대, 2.00 ,1,,디지털
매체운영팀,디지털,결연,Jan-26,2026-01-11,사단,본부,온라인부,매체운영팀,M모바일앱,모바일앱,모바일앱_M_정기후원,7564,신규,해외아동결연,국내(여자),40대, 3.00 ,1,,디지털
매체운영팀,디지털,결연,Jan-26,2026-01-11,사단,본부,온라인부,매체운영팀,M모바일앱,모바일앱,모바일앱_M_상단GNB후원하기,7566,신규,해외아동결연,국내(남자),10대 미만, 3.00 ,1,,디지털
매체운영팀,디지털,국내,Jan-26,2026-01-11,사단,본부,온라인부,매체운영팀,M모바일앱,모바일앱,모바일앱_M_상단GNB후원하기,7566,신규,국내아동권리보호사업(사단법인),국내(남자),40대, 2.00 ,1,,디지털
매체운영팀,디지털,국내,Jan-26,2026-01-11,사단,본부,온라인부,매체운영팀,M모바일앱,모바일앱,모바일앱_M_상단GNB후원하기,7566,신규,국내아동권리보호사업(사단법인),국내(여자),50대, 2.00 ,1,,디지털
매체운영팀,디지털,기타,Jan-26,2026-01-11,사단,본부,온라인부,매체운영팀,M홈페이지,모바일웹 퀵메뉴,"[모바일]TV,라디오",5837,신규,전체사업지원,국내(남자),60대, 2.00 ,1,,디지털
매체운영팀,디지털,국내,Jan-26,2026-01-11,사단,본부,온라인부,매체운영팀,M홈페이지,홈페이지_퀵메뉴_정기후원,모바일 정기후원 퀵메뉴_인터넷,5833,신규,국내아동권리보호사업(사단법인),국내(남자),50대, 1.00 ,1,,디지털
매체운영팀,디지털,기타,Jan-26,2026-01-11,사단,본부,온라인부,매체운영팀,M홈페이지,홈페이지_퀵메뉴_정기후원,모바일 정기후원 퀵메뉴_인터넷,5833,신규,전체사업지원,국내(남자),50대, 2.00 ,1,,디지털
매체운영팀,디지털,국내,Jan-26,2026-01-11,사단,본부,온라인부,매체운영팀,M홈페이지,2014 모바일웹 사업후원,[기타]2014 모바일웹 사업후원_국내,5248,신규,국내아동권리보호사업(사단법인),국내(남자),20대, 3.00 ,1,,디지털
매체운영팀,디지털,국내,Jan-26,2026-01-11,사단,본부,온라인부,매체운영팀,M홈페이지,2014 모바일웹 사업후원,[기타]2014 모바일웹 사업후원_국내,5248,신규,국내아동권리보호사업(사단법인),국내(여자),30대, 1.00 ,1,,디지털
매체운영팀,디지털,국내,Jan-26,2026-01-11,사단,본부,온라인부,매체운영팀,M홈페이지,2014 모바일웹 퀵후원(하단푸터),[기타]모바일웹 퀵후원(하단푸터)_정기후원,5282,신규,국내아동권리보호사업(사단법인),국내(여자),30대, 1.00 ,1,,디지털
매체운영팀,디지털,국내,Jan-26,2026-01-11,사단,본부,온라인부,매체운영팀,PC홈페이지,홈페이지후원메뉴-퀵메뉴,메인 퀵메뉴/홈페이지 - 정기후원,338,신규,국내아동권리보호사업(사단법인),국내(남자),50대, 2.00 ,1,,디지털
매체운영팀,디지털,해외,Jan-26,2026-01-11,사단,본부,온라인부,매체운영팀,PC홈페이지,홈페이지후원메뉴-퀵메뉴,메인 퀵메뉴/홈페이지 - 정기후원,338,신규,해외지역개발사업,국내(남자),60대, 2.00 ,1,,디지털
매체운영팀,디지털,기타,Jan-26,2026-01-11,사단,본부,온라인부,매체운영팀,PC홈페이지,홈페이지후원메뉴-퀵메뉴,메인 퀵메뉴/홈페이지 - 정기후원,338,신규,전체사업지원,국내(남자),70대, 1.00 ,1,,디지털
매체운영팀,디지털,기타,Jan-26,2026-01-11,사단,본부,온라인부,매체운영팀,PC홈페이지,홈페이지후원메뉴-퀵메뉴,메인 퀵메뉴/홈페이지 - 정기후원,338,신규,전체사업지원,국내(여자),20대, 5.00 ,1,,디지털
매체운영팀,디지털,기타,Jan-26,2026-01-12,사단,본부,온라인부,매체운영팀,M홈페이지,모바일웹 퀵메뉴,"[모바일]TV,라디오",5837,신규,전체사업지원,국내(남자),50대, 5.00 ,1,,디지털
매체운영팀,디지털,결연,Jan-26,2026-01-12,사단,본부,온라인부,매체운영팀,M홈페이지,2014 모바일웹 로그인메뉴 퀵후원,기타/M _ 로그인메뉴 퀵후원_정기후원,5658,증액,해외아동결연,국내(여자),20대, 9.00 ,1,,디지털
매체운영팀,디지털,국내,Jan-26,2026-01-12,사단,본부,온라인부,매체운영팀,M홈페이지,2014 모바일웹 로그인메뉴 퀵후원,홈페이지/M _ 로그인메뉴 퀵후원_정기후원,5659,신규,국내아동권리보호사업(사단법인),국내(남자),40대, 2.00 ,1,,디지털
매체운영팀,디지털,국내,Jan-26,2026-01-12,사단,본부,온라인부,매체운영팀,M홈페이지,2014 모바일웹 로그인메뉴 퀵후원,홈페이지/M _ 로그인메뉴 퀵후원_정기후원,5659,신규,국내아동권리보호사업(사단법인),국내(여자),40대, 2.00 ,1,,디지털
매체운영팀,디지털,국내,Jan-26,2026-01-12,사단,본부,온라인부,매체운영팀,M홈페이지,2014 모바일웹 로그인메뉴 퀵후원,홈페이지/M _ 로그인메뉴 퀵후원_정기후원,5659,신규,국내아동권리보호사업(사단법인),국내(여자),50대, 2.00 ,1,,디지털
매체운영팀,디지털,국내,Jan-26,2026-01-12,사단,본부,온라인부,매체운영팀,M홈페이지,2014 모바일웹 퀵후원(하단푸터),[기타]모바일웹 퀵후원(하단푸터)_정기후원,5282,신규,국내아동권리보호사업(사단법인),국내(여자),30대, 2.00 ,1,,디지털
매체운영팀,디지털,결연,Jan-26,2026-01-12,사단,본부,온라인부,매체운영팀,PC공동캠페인,홈페이지후원메뉴-해외아동1:1결연,기타/P_메인퀵메뉴_지정결연,610,신규,해외아동결연,국내(남자),20대, 3.00 ,1,,디지털
매체운영팀,디지털,결연,Jan-26,2026-01-12,사단,본부,온라인부,매체운영팀,PC공동캠페인,홈페이지후원메뉴-해외아동1:1결연,기타/P_메인퀵메뉴_지정결연,610,신규,해외아동결연,국내(여자),20대, 3.00 ,1,,디지털
매체운영팀,디지털,결연,Jan-26,2026-01-12,사단,본부,온라인부,매체운영팀,PC공동캠페인,홈페이지후원메뉴-해외아동1:1결연,기타/P_메인퀵메뉴_지정결연,610,신규,해외아동결연,국내(여자),30대, 3.00 ,1,,디지털
매체운영팀,디지털,결연,Jan-26,2026-01-12,사단,본부,온라인부,매체운영팀,PC공동캠페인,홈페이지후원메뉴-해외아동1:1결연,기타/P_메인퀵메뉴_지정결연,610,신규,해외아동결연,국내(여자),50대, 3.00 ,1,,디지털
매체운영팀,디지털,국내,Jan-26,2026-01-12,사단,본부,온라인부,매체운영팀,PC광고마케팅,홈페이지후원메뉴-후원하기,기타/P_후원하기 메인_정기후원,4882,신규,국내아동권리보호사업(사단법인),국내(여자),50대, 2.00 ,1,,디지털
매체운영팀,디지털,국내,Jan-26,2026-01-12,사단,본부,온라인부,매체운영팀,PC홈페이지,홈페이지_퀵메뉴_정기후원,홈페이지/P_메인퀵메뉴_인터넷(신규),335,신규,국내아동권리보호사업(사단법인),국내(남자),50대, 3.00 ,1,,디지털
매체운영팀,디지털,기타,Jan-26,2026-01-12,사단,본부,온라인부,매체운영팀,PC홈페이지,홈페이지_퀵메뉴_정기후원,홈페이지/P_메인퀵메뉴_인터넷(신규),335,신규,전체사업지원,국내(여자),10대, 2.00 ,1,,디지털
매체운영팀,디지털,해외,Jan-26,2026-01-12,사단,본부,온라인부,매체운영팀,PC홈페이지,홈페이지_후원메뉴_사업후원,홈페이지후원메뉴-사업후원(보건의료),4996,신규,보건의료지원사업,국내(여자),30대, 5.00 ,1,,디지털
매체운영팀,디지털,국내,Jan-26,2026-01-12,사단,본부,온라인부,매체운영팀,PC홈페이지,홈페이지후원메뉴-퀵메뉴,메인 퀵메뉴/홈페이지 - 정기후원,338,신규,국내아동권리보호사업(사단법인),국내(남자),40대, 2.00 ,1,,디지털
매체운영팀,디지털,국내,Jan-26,2026-01-12,사단,본부,온라인부,매체운영팀,PC홈페이지,홈페이지후원메뉴-퀵메뉴,메인 퀵메뉴/홈페이지 - 정기후원,338,신규,국내아동권리보호사업(사단법인),단체,기타, 2.00 ,1,,#N/A
매체운영팀,디지털,해외,Jan-26,2026-01-12,사단,본부,온라인부,매체운영팀,PC홈페이지,홈페이지후원메뉴-퀵메뉴,메인 퀵메뉴/홈페이지 - 정기후원,338,신규,해외지역개발사업,국내(여자),30대, 1.00 ,1,,#N/A
매체운영팀,디지털,국내,Jan-26,2026-01-13,사단,본부,온라인부,매체운영팀,M홈페이지,모바일웹 사업후원,모바일웹_M_기관소개 하단,9071,신규,국내아동권리보호사업(사단법인),국내(여자),30대, 3.00 ,1,,#N/A
매체운영팀,디지털,해외,Jan-26,2026-01-13,사단,본부,온라인부,매체운영팀,M홈페이지,홈페이지_퀵메뉴_정기후원,모바일 정기후원 퀵메뉴_인터넷,5833,신규,식수위생지원사업,국내(여자),30대, 1.00 ,1,,#N/A
매체운영팀,디지털,기타,Jan-26,2026-01-13,사단,본부,온라인부,매체운영팀,M홈페이지,홈페이지_퀵메뉴_정기후원,모바일 정기후원 퀵메뉴_인터넷,5833,신규,대북지원사업,국내(여자),30대, 8.00 ,1,,#N/A
매체운영팀,디지털,국내,Jan-26,2026-01-13,사단,본부,온라인부,매체운영팀,M홈페이지,홈페이지_퀵메뉴_정기후원,모바일 정기후원 퀵메뉴_인터넷,5833,재후원,국내아동권리보호사업(사단법인),국내(남자),20대, 1.00 ,1,,#N/A
매체운영팀,디지털,해외,Jan-26,2026-01-13,사단,본부,온라인부,매체운영팀,M홈페이지,홈페이지_퀵메뉴_정기후원,모바일 정기후원 퀵메뉴_(기타),5835,신규,보건의료지원사업,국내(여자),10대, 2.00 ,1,,#N/A
매체운영팀,디지털,결연,Jan-26,2026-01-13,사단,본부,온라인부,매체운영팀,M홈페이지,홈페이지_퀵메뉴_정기후원,모바일 정기후원 퀵메뉴_(기타),5835,재후원,해외아동결연,국내(여자),20대, 3.00 ,1,,#N/A
매체운영팀,디지털,결연,Jan-26,2026-01-13,사단,본부,온라인부,매체운영팀,M홈페이지,2014 모바일웹 로그인메뉴 퀵후원,기타/M _ 로그인메뉴 퀵후원_정기후원,5658,신규,해외아동결연,국내(여자),30대, 3.00 ,1,,#N/A
매체운영팀,디지털,기타,Jan-26,2026-01-13,사단,본부,온라인부,매체운영팀,M홈페이지,2014 모바일웹 로그인메뉴 퀵후원,기타/M _ 로그인메뉴 퀵후원_정기후원,5658,신규,전체사업지원,국내(여자),30대,-0.70 ,1,,#N/A
매체운영팀,디지털,국내,Jan-26,2026-01-13,사단,본부,온라인부,매체운영팀,M홈페이지,2014 모바일웹 로그인메뉴 퀵후원,홈페이지/M _ 로그인메뉴 퀵후원_정기후원,5659,신규,국내아동권리보호사업(사단법인),국내(남자),30대, 2.00 ,1,,#N/A
매체운영팀,디지털,국내,Jan-26,2026-01-13,사단,본부,온라인부,매체운영팀,M홈페이지,2014 모바일웹 로그인메뉴 퀵후원,홈페이지/M _ 로그인메뉴 퀵후원_정기후원,5659,신규,국내아동권리보호사업(사단법인),국내(남자),40대, 2.00 ,1,,#N/A
매체운영팀,디지털,국내,Jan-26,2026-01-13,사단,본부,온라인부,매체운영팀,M홈페이지,2014 모바일웹 로그인메뉴 퀵후원,홈페이지/M _ 로그인메뉴 퀵후원_정기후원,5659,신규,국내아동권리보호사업(사단법인),국내(남자),50대, 1.00 ,1,,#N/A
매체운영팀,디지털,국내,Jan-26,2026-01-13,사단,본부,온라인부,매체운영팀,M홈페이지,2014 모바일웹 퀵후원(하단푸터),[기타]모바일웹 퀵후원(하단푸터)_정기후원,5282,신규,국내아동권리보호사업(사단법인),국내(남자),10대 미만, 2.00 ,1,,#N/A
매체운영팀,디지털,결연,Jan-26,2026-01-13,사단,본부,온라인부,매체운영팀,PC공동캠페인,홈페이지후원메뉴-해외아동1:1결연,기타/P_메인퀵메뉴_지정결연,610,신규,해외아동결연,국내(여자),30대, 3.00 ,1,,#N/A
매체운영팀,디지털,결연,Jan-26,2026-01-13,사단,본부,온라인부,매체운영팀,PC공동캠페인,홈페이지후원메뉴-해외아동1:1결연,기타/P_메인퀵메뉴_지정결연,610,신규,해외아동결연,단체,기타, 3.00 ,1,,#N/A
매체운영팀,디지털,결연,Jan-26,2026-01-13,사단,본부,온라인부,매체운영팀,PC광고마케팅,홈페이지후원메뉴-해외아동1:1결연,페북/P_ 메인퀵메뉴_비지정결연,4890,신규,해외아동결연,국내(여자),40대, 3.00 ,1,,#N/A
매체운영팀,디지털,국내,Jan-26,2026-01-13,사단,본부,온라인부,매체운영팀,PC광고마케팅,홈페이지후원메뉴-후원하기,기타/P_후원하기 메인_정기후원,4882,신규,국내아동권리보호사업(사단법인),국내(남자),70대, 2.00 ,1,,#N/A
매체운영팀,디지털,국내,Jan-26,2026-01-13,사단,본부,온라인부,매체운영팀,PC광고마케팅,홈페이지후원메뉴-후원하기,기타/P_후원하기 메인_정기후원,4882,신규,국내아동권리보호사업(사단법인),국내(여자),50대, 3.00 ,1,,#N/A
매체운영팀,디지털,국내,Jan-26,2026-01-13,사단,본부,온라인부,매체운영팀,PC홈페이지,홈페이지_퀵메뉴_정기후원,홈페이지/P_메인퀵메뉴_인터넷(신규),335,신규,국내아동권리보호사업(사단법인),국내(남자),30대, 7.00 ,2,,#N/A
매체운영팀,디지털,국내,Jan-26,2026-01-13,사단,본부,온라인부,매체운영팀,PC홈페이지,홈페이지_퀵메뉴_정기후원,홈페이지/P_메인퀵메뉴_인터넷(신규),335,신규,국내아동권리보호사업(사단법인),국내(여자),50대, 3.00 ,1,,#N/A
매체운영팀,디지털,해외,Jan-26,2026-01-13,사단,본부,온라인부,매체운영팀,PC홈페이지,홈페이지_퀵메뉴_정기후원,홈페이지/P_메인퀵메뉴_인터넷(신규),335,신규,식수위생지원사업,국내(남자),30대, 1.00 ,1,,#N/A
매체운영팀,디지털,국내,Jan-26,2026-01-13,사단,본부,온라인부,매체운영팀,PC홈페이지,홈페이지_퀵메뉴_정기후원,홈페이지/P_메인퀵메뉴_인터넷(신규),335,증액,국내아동권리보호사업(사단법인),국내(남자),60대, 2.00 ,1,,#N/A
매체운영팀,디지털,국내,Jan-26,2026-01-13,사단,본부,온라인부,매체운영팀,PC홈페이지,홈페이지후원메뉴-퀵메뉴,메인 퀵메뉴/홈페이지 - 정기후원,338,신규,국내아동권리보호사업(사단법인),국내(남자),30대, 2.00 ,1,,#N/A
매체운영팀,디지털,국내,Jan-26,2026-01-13,사단,본부,온라인부,매체운영팀,PC홈페이지,홈페이지후원메뉴-퀵메뉴,메인 퀵메뉴/홈페이지 - 정기후원,338,신규,국내아동권리보호사업(사단법인),국내(남자),70대, 1.00 ,1,,#N/A
매체운영팀,디지털,국내,Jan-26,2026-01-13,사단,본부,온라인부,매체운영팀,PC홈페이지,홈페이지후원메뉴-퀵메뉴,메인 퀵메뉴/홈페이지 - 정기후원,338,신규,국내아동권리보호사업(사단법인),국내(여자),50대, 1.00 ,1,,#N/A
매체운영팀,디지털,국내,Jan-26,2026-01-13,사단,본부,온라인부,매체운영팀,PC홈페이지,홈페이지후원메뉴-퀵메뉴,메인 퀵메뉴/홈페이지 - 정기후원,338,증액,국내아동권리보호사업(사단법인),국내(남자),40대, 2.00 ,1,,#N/A
매체운영팀,디지털,결연,Jan-26,2026-01-13,사단,본부,온라인부,매체운영팀,PC홈페이지,홈페이지후원메뉴-퀵메뉴,메인 퀵메뉴/홈페이지 - 정기후원,338,재후원,해외아동결연,국내(여자),40대, 3.00 ,1,,#N/A
매체운영팀,디지털,해외,Jan-26,2026-01-14,사단,본부,온라인부,매체운영팀,M모바일앱,모바일앱,모바일앱_M_정기후원,7564,재후원,해외지역개발사업,국내(여자),30대, 3.00 ,1,,#N/A
매체운영팀,디지털,결연,Jan-26,2026-01-14,사단,본부,온라인부,매체운영팀,M홈페이지,모바일웹 퀵메뉴,"[모바일]TV,라디오",5837,신규,해외아동결연,국내(여자),40대, 3.00 ,1,,#N/A
매체운영팀,디지털,해외,Jan-26,2026-01-14,사단,본부,온라인부,매체운영팀,M홈페이지,홈페이지_퀵메뉴_정기후원,모바일 정기후원 퀵메뉴_(기타),5835,신규,보건의료지원사업,국내(여자),50대, 2.00 ,1,,#N/A
매체운영팀,디지털,국내,Jan-26,2026-01-14,사단,본부,온라인부,매체운영팀,M홈페이지,2014 모바일웹 로그인메뉴 퀵후원,기타/M _ 로그인메뉴 퀵후원_정기후원,5658,신규,국내아동권리보호사업(사단법인),국내(여자),20대, 2.00 ,1,,#N/A
매체운영팀,디지털,결연,Jan-26,2026-01-14,사단,본부,온라인부,매체운영팀,M홈페이지,2014 모바일웹 로그인메뉴 퀵후원,홈페이지/M _ 로그인메뉴 퀵후원_정기후원,5659,신규,해외아동결연,국내(남자),30대, 6.00 ,1,,#N/A
매체운영팀,디지털,결연,Jan-26,2026-01-14,사단,본부,온라인부,매체운영팀,M홈페이지,2014 모바일웹 로그인메뉴 퀵후원,홈페이지/M _ 로그인메뉴 퀵후원_정기후원,5659,신규,해외아동결연,국내(남자),50대, 3.00 ,1,,#N/A
매체운영팀,디지털,국내,Jan-26,2026-01-14,사단,본부,온라인부,매체운영팀,M홈페이지,2014 모바일웹 로그인메뉴 퀵후원,홈페이지/M _ 로그인메뉴 퀵후원_정기후원,5659,신규,국내아동권리보호사업(사단법인),국내(여자),20대, 2.00 ,1,,#N/A
매체운영팀,디지털,기타,Jan-26,2026-01-14,사단,본부,온라인부,매체운영팀,M홈페이지,2014 모바일웹 로그인메뉴 퀵후원,홈페이지/M _ 로그인메뉴 퀵후원_정기후원,5659,신규,전체사업지원,국내(여자),20대, 1.00 ,1,,#N/A
매체운영팀,디지털,국내,Jan-26,2026-01-14,사단,본부,온라인부,매체운영팀,M홈페이지,2014 모바일웹 퀵후원(하단푸터),[기타]모바일웹 퀵후원(하단푸터)_정기후원,5282,신규,국내아동권리보호사업(사단법인),국내(여자),30대, 2.00 ,1,,#N/A
매체운영팀,디지털,결연,Jan-26,2026-01-14,사단,본부,온라인부,매체운영팀,PC공동캠페인,홈페이지후원메뉴-해외아동1:1결연,기타/P_메인퀵메뉴_지정결연,610,신규,해외아동결연,국내(여자),20대, 3.00 ,1,,#N/A
매체운영팀,디지털,결연,Jan-26,2026-01-14,사단,본부,온라인부,매체운영팀,PC공동캠페인,홈페이지후원메뉴-해외아동1:1결연,기타/P_메인퀵메뉴_지정결연,610,신규,해외아동결연,국내(여자),70대, 3.00 ,1,,#N/A
매체운영팀,디지털,국내,Jan-26,2026-01-14,사단,본부,온라인부,매체운영팀,PC광고마케팅,홈페이지후원메뉴-후원하기,기타/P_후원하기 메인_정기후원,4882,재후원,국내아동권리보호사업(사단법인),국내(남자),40대, 1.00 ,1,,#N/A
매체운영팀,디지털,국내,Jan-26,2026-01-14,사단,본부,온라인부,매체운영팀,PC홈페이지,홈페이지_퀵메뉴_정기후원,홈페이지/P_메인퀵메뉴_인터넷(신규),335,신규,국내아동권리보호사업(사단법인),국내(여자),30대, 1.00 ,1,,#N/A
매체운영팀,디지털,해외,Jan-26,2026-01-14,사단,본부,온라인부,매체운영팀,PC홈페이지,홈페이지_퀵메뉴_정기후원,홈페이지/P_메인퀵메뉴_인터넷(신규),335,신규,해외교육지원사업,국내(여자),30대, 2.00 ,1,,#N/A
매체운영팀,디지털,국내,Jan-26,2026-01-14,사단,본부,온라인부,매체운영팀,PC홈페이지,홈페이지_후원메뉴_사업후원,홈페이지후원메뉴-사업후원(국내아동권리),355,신규,국내아동권리보호사업(사단법인),국내(남자),50대, 5.00 ,1,,#N/A
매체운영팀,디지털,국내,Jan-26,2026-01-14,사단,본부,온라인부,매체운영팀,PC홈페이지,홈페이지_후원메뉴_사업후원,홈페이지후원메뉴-사업후원(국내아동권리),355,신규,국내아동권리보호사업(사단법인),국내(여자),50대, 3.00 ,1,,#N/A
매체운영팀,디지털,국내,Jan-26,2026-01-14,사단,본부,온라인부,매체운영팀,PC홈페이지,홈페이지후원메뉴-퀵메뉴,메인 퀵메뉴/홈페이지 - 정기후원,338,신규,국내아동권리보호사업(사단법인),국내(남자),70대,-0.50 ,1,,#N/A
매체운영팀,디지털,국내,Jan-26,2026-01-14,사단,본부,온라인부,매체운영팀,PC홈페이지,홈페이지후원메뉴-퀵메뉴,메인 퀵메뉴/홈페이지 - 정기후원,338,신규,국내아동권리보호사업(사단법인),단체,기타, 2.00 ,1,,#N/A
매체운영팀,디지털,해외,Jan-26,2026-01-14,사단,본부,온라인부,매체운영팀,PC홈페이지,홈페이지후원메뉴-퀵메뉴,메인 퀵메뉴/홈페이지 - 정기후원,338,신규,해외교육지원사업,국내(남자),20대, 1.00 ,1,,#N/A
매체운영팀,디지털,기타,Jan-26,2026-01-14,사단,본부,온라인부,매체운영팀,PC홈페이지,홈페이지후원메뉴-퀵메뉴,메인 퀵메뉴/홈페이지 - 정기후원,338,신규,전체사업지원,국내(남자),40대, 3.00 ,1,,#N/A
매체운영팀,디지털,국내,Jan-26,2026-01-14,사단,본부,온라인부,매체운영팀,PC홈페이지,홈페이지후원메뉴-퀵메뉴,메인 퀵메뉴/홈페이지 - 정기후원,338,증액,국내아동권리보호사업(사단법인),국내(남자),40대, 3.00 ,1,,#N/A
매체운영팀,디지털,기타,Jan-26,2026-01-15,사단,본부,온라인부,매체운영팀,M모바일앱,모바일앱,모바일앱_M_정기후원,7564,재후원,좋은이웃,국내(남자),40대, 1.00 ,1,,#N/A
매체운영팀,디지털,국내,Jan-26,2026-01-15,사단,본부,온라인부,매체운영팀,M홈페이지,모바일웹 사업후원,모바일웹_M_기관소개 하단,9071,신규,국내아동권리보호사업(사단법인),국내(남자),60대, 3.00 ,1,,#N/A
매체운영팀,디지털,해외,Jan-26,2026-01-15,사단,본부,온라인부,매체운영팀,M홈페이지,모바일웹 퀵메뉴,"[모바일]TV,라디오",5837,신규,식수위생지원사업,국내(남자),40대, 2.00 ,1,,#N/A
매체운영팀,디지털,국내,Jan-26,2026-01-15,사단,본부,온라인부,매체운영팀,M홈페이지,홈페이지_퀵메뉴_정기후원,모바일 정기후원 퀵메뉴_인터넷,5833,신규,국내아동권리보호사업(사단법인),국내(남자),기타, 2.00 ,1,,#N/A
매체운영팀,디지털,기타,Jan-26,2026-01-15,사단,본부,온라인부,매체운영팀,M홈페이지,홈페이지_퀵메뉴_정기후원,모바일 정기후원 퀵메뉴_인터넷,5833,신규,전체사업지원,국내(여자),40대, 2.00 ,1,,#N/A
매체운영팀,디지털,국내,Jan-26,2026-01-15,사단,본부,온라인부,매체운영팀,M홈페이지,홈페이지_퀵메뉴_정기후원,모바일 정기후원 퀵메뉴_(기타),5835,증액,국내아동권리보호사업(사단법인),국내(여자),50대, 1.00 ,1,,#N/A
매체운영팀,디지털,기타,Jan-26,2026-01-15,사단,본부,온라인부,매체운영팀,M홈페이지,홈페이지_퀵메뉴_정기후원,모바일 정기후원 퀵메뉴_(기타),5835,증액,대북지원사업,국내(남자),60대, 2.00 ,1,,#N/A
매체운영팀,디지털,국내,Jan-26,2026-01-15,사단,본부,온라인부,매체운영팀,M홈페이지,홈페이지_퀵메뉴_정기후원,모바일 정기후원 퀵메뉴_(기타),5835,재후원,국내아동권리보호사업(사단법인),국내(여자),20대, 1.00 ,1,,#N/A
매체운영팀,디지털,해외,Jan-26,2026-01-15,사단,본부,온라인부,매체운영팀,M홈페이지,2014 모바일웹 사업후원,[기타]2014 모바일웹 사업후원_해외교육,5243,신규,해외교육지원사업,국내(남자),60대, 2.00 ,1,,#N/A
매체운영팀,디지털,결연,Jan-26,2026-01-15,사단,본부,온라인부,매체운영팀,M홈페이지,2014 모바일웹 로그인메뉴 퀵후원,기타/M _ 로그인메뉴 퀵후원_정기후원,5658,신규,해외아동결연,국내(여자),20대, 3.00 ,1,,#N/A
매체운영팀,디지털,국내,Jan-26,2026-01-15,사단,본부,온라인부,매체운영팀,M홈페이지,2014 모바일웹 로그인메뉴 퀵후원,기타/M _ 로그인메뉴 퀵후원_정기후원,5658,신규,국내아동권리보호사업(사단법인),국내(남자),기타, 2.00 ,1,,#N/A
매체운영팀,디지털,국내,Jan-26,2026-01-15,사단,본부,온라인부,매체운영팀,M홈페이지,2014 모바일웹 로그인메뉴 퀵후원,홈페이지/M _ 로그인메뉴 퀵후원_정기후원,5659,신규,국내아동권리보호사업(사단법인),국내(여자),40대, 1.00 ,1,,#N/A
매체운영팀,디지털,국내,Jan-26,2026-01-15,사단,본부,온라인부,매체운영팀,M홈페이지,2014 모바일웹 로그인메뉴 퀵후원,홈페이지/M _ 로그인메뉴 퀵후원_정기후원,5659,신규,국내아동권리보호사업(사단법인),국내(여자),기타, 4.00 ,2,,#N/A
매체운영팀,디지털,해외,Jan-26,2026-01-15,사단,본부,온라인부,매체운영팀,M홈페이지,2014 모바일웹 로그인메뉴 퀵후원,홈페이지/M _ 로그인메뉴 퀵후원_정기후원,5659,신규,식수위생지원사업,국내(남자),20대, 2.00 ,1,,#N/A
매체운영팀,디지털,해외,Jan-26,2026-01-15,사단,본부,온라인부,매체운영팀,M홈페이지,2014 모바일웹 로그인메뉴 퀵후원,홈페이지/M _ 로그인메뉴 퀵후원_정기후원,5659,신규,보건의료지원사업,국내(여자),20대, 1.00 ,1,,#N/A
매체운영팀,디지털,기타,Jan-26,2026-01-15,사단,본부,온라인부,매체운영팀,M홈페이지,2014 모바일웹 로그인메뉴 퀵후원,홈페이지/M _ 로그인메뉴 퀵후원_정기후원,5659,신규,전체사업지원,국내(여자),30대, 1.00 ,1,,#N/A
매체운영팀,디지털,결연,Jan-26,2026-01-15,사단,본부,온라인부,매체운영팀,PC공동캠페인,홈페이지후원메뉴-해외아동1:1결연,기타/P_메인퀵메뉴_지정결연,610,재후원,해외아동결연,국내(여자),30대, 3.00 ,1,,#N/A
매체운영팀,디지털,결연,Jan-26,2026-01-15,사단,본부,온라인부,매체운영팀,PC광고마케팅,홈페이지후원메뉴-해외아동1:1결연,페북/P_ 메인퀵메뉴_비지정결연,4890,재후원,해외아동결연,국내(여자),50대, 3.00 ,1,,#N/A
매체운영팀,디지털,국내,Jan-26,2026-01-15,사단,본부,온라인부,매체운영팀,PC광고마케팅,홈페이지후원메뉴-후원하기,기타/P_후원하기 메인_정기후원,4882,신규,국내아동권리보호사업(사단법인),국내(남자),30대, 3.00 ,1,,#N/A
매체운영팀,디지털,결연,Jan-26,2026-01-15,사단,본부,온라인부,매체운영팀,PC홈페이지,홈페이지_퀵메뉴_정기후원,홈페이지/P_메인퀵메뉴_인터넷(신규),335,신규,해외아동결연,국내(남자),40대, 3.00 ,1,,#N/A
매체운영팀,디지털,국내,Jan-26,2026-01-15,사단,본부,온라인부,매체운영팀,PC홈페이지,홈페이지_퀵메뉴_정기후원,홈페이지/P_메인퀵메뉴_인터넷(신규),335,신규,국내아동권리보호사업(사단법인),국내(남자),50대, 5.00 ,1,,#N/A
매체운영팀,디지털,해외,Jan-26,2026-01-15,사단,본부,온라인부,매체운영팀,PC홈페이지,홈페이지_퀵메뉴_정기후원,홈페이지/P_메인퀵메뉴_인터넷(신규),335,신규,재난구호지원사업,국내(여자),20대, 2.00 ,1,,#N/A
매체운영팀,디지털,기타,Jan-26,2026-01-15,사단,본부,온라인부,매체운영팀,PC홈페이지,홈페이지_퀵메뉴_정기후원,홈페이지/P_메인퀵메뉴_인터넷(신규),335,신규,전체사업지원,국내(남자),40대, 2.00 ,1,,#N/A
매체운영팀,디지털,국내,Jan-26,2026-01-15,사단,본부,온라인부,매체운영팀,PC홈페이지,홈페이지_후원메뉴_사업후원,홈페이지후원메뉴-사업후원(국내아동권리),355,신규,국내아동권리보호사업(사단법인),국내(여자),30대, 2.00 ,1,,#N/A
매체운영팀,디지털,해외,Jan-26,2026-01-15,사단,본부,온라인부,매체운영팀,PC홈페이지,홈페이지후원메뉴-퀵메뉴,메인 퀵메뉴/홈페이지 - 정기후원,338,신규,해외지역개발사업,국내(남자),50대, 1.00 ,1,,#N/A
매체운영팀,디지털,기타,Jan-26,2026-01-15,사단,본부,온라인부,매체운영팀,PC홈페이지,홈페이지후원메뉴-퀵메뉴,메인 퀵메뉴/홈페이지 - 정기후원,338,신규,전체사업지원,국내(남자),20대, 3.00 ,1,,#N/A
매체운영팀,디지털,국내,Jan-26,2026-01-16,사단,본부,온라인부,매체운영팀,M모바일앱,모바일앱,모바일앱_M_상단GNB후원하기,7566,신규,국내아동권리보호사업(사단법인),국내(여자),10대, 1.00 ,1,,#N/A
매체운영팀,디지털,국내,Jan-26,2026-01-16,사단,본부,온라인부,매체운영팀,M홈페이지,모바일웹 사업후원,모바일웹_M_기관소개 하단,9071,신규,국내아동권리보호사업(사단법인),국내(여자),30대, 3.00 ,2,,#N/A
매체운영팀,디지털,국내,Jan-26,2026-01-16,사단,본부,온라인부,매체운영팀,M홈페이지,홈페이지_퀵메뉴_정기후원,모바일 정기후원 퀵메뉴_인터넷,5833,신규,국내아동권리보호사업(사단법인),국내(여자),30대, 1.00 ,1,,#N/A
매체운영팀,디지털,결연,Jan-26,2026-01-16,사단,본부,온라인부,매체운영팀,M홈페이지,홈페이지_퀵메뉴_정기후원,모바일 정기후원 퀵메뉴_인터넷,5833,재후원,해외아동결연,국내(여자),30대, 3.00 ,1,,#N/A
매체운영팀,디지털,해외,Jan-26,2026-01-16,사단,본부,온라인부,매체운영팀,M홈페이지,홈페이지_퀵메뉴_정기후원,모바일 정기후원 퀵메뉴_(기타),5835,신규,해외교육지원사업,국내(남자),10대, 1.00 ,1,,#N/A
매체운영팀,디지털,해외,Jan-26,2026-01-16,사단,본부,온라인부,매체운영팀,M홈페이지,홈페이지_퀵메뉴_정기후원,모바일 정기후원 퀵메뉴_(기타),5835,증액,재난구호지원사업,국내(여자),50대, 1.00 ,1,,#N/A
매체운영팀,디지털,기타,Jan-26,2026-01-16,사단,본부,온라인부,매체운영팀,M홈페이지,2014 모바일웹 로그인메뉴 퀵후원,기타/M _ 로그인메뉴 퀵후원_정기후원,5658,신규,전체사업지원,국내(여자),50대, 2.00 ,1,,#N/A
매체운영팀,디지털,국내,Jan-26,2026-01-16,사단,본부,온라인부,매체운영팀,M홈페이지,2014 모바일웹 퀵후원(하단푸터),[기타]모바일웹 퀵후원(하단푸터)_정기후원,5282,신규,국내아동권리보호사업(사단법인),국내(남자),60대, 2.00 ,1,,#N/A
매체운영팀,디지털,결연,Jan-26,2026-01-16,사단,본부,온라인부,매체운영팀,PC공동캠페인,홈페이지후원메뉴-해외아동1:1결연,기타/P_메인퀵메뉴_지정결연,610,신규,해외아동결연,국내(여자),30대, 3.00 ,1,,#N/A
매체운영팀,디지털,결연,Jan-26,2026-01-16,사단,본부,온라인부,매체운영팀,PC공동캠페인,홈페이지후원메뉴-해외아동1:1결연,기타/P_메인퀵메뉴_지정결연,610,재후원,해외아동결연,국내(남자),40대, 3.00 ,1,,#N/A
매체운영팀,디지털,국내,Jan-26,2026-01-16,사단,본부,온라인부,매체운영팀,PC광고마케팅,홈페이지후원메뉴-후원하기,기타/P_후원하기 메인_정기후원,4882,신규,국내아동권리보호사업(사단법인),국내(여자),50대, 2.00 ,1,,#N/A
매체운영팀,디지털,국내,Jan-26,2026-01-16,사단,본부,온라인부,매체운영팀,PC홈페이지,홈페이지후원메뉴-퀵메뉴,메인 퀵메뉴/홈페이지 - 정기후원,338,신규,국내아동권리보호사업(사단법인),국내(남자),50대, 2.00 ,1,,#N/A
매체운영팀,디지털,국내,Jan-26,2026-01-16,사단,본부,온라인부,매체운영팀,PC홈페이지,홈페이지후원메뉴-퀵메뉴,메인 퀵메뉴/홈페이지 - 정기후원,338,신규,국내아동권리보호사업(사단법인),국내(여자),10대 미만, 1.00 ,1,,#N/A
매체운영팀,디지털,국내,Jan-26,2026-01-16,사단,본부,온라인부,매체운영팀,PC홈페이지,홈페이지후원메뉴-퀵메뉴,메인 퀵메뉴/홈페이지 - 정기후원,338,신규,국내아동권리보호사업(사단법인),국내(여자),20대, 1.00 ,1,,#N/A
매체운영팀,디지털,국내,Jan-26,2026-01-16,사단,본부,온라인부,매체운영팀,PC홈페이지,홈페이지후원메뉴-퀵메뉴,메인 퀵메뉴/홈페이지 - 정기후원,338,신규,국내아동권리보호사업(사단법인),단체,기타, 2.00 ,1,,#N/A
매체운영팀,디지털,국내,Jan-26,2026-01-17,사단,본부,온라인부,매체운영팀,M홈페이지,모바일웹 퀵메뉴,"[모바일]TV,라디오",5837,신규,국내아동권리보호사업(사단법인),국내(여자),60대, 5.00 ,1,,#N/A
매체운영팀,디지털,기타,Jan-26,2026-01-17,사단,본부,온라인부,매체운영팀,M홈페이지,모바일웹 퀵메뉴,"[모바일]TV,라디오",5837,신규,전체사업지원,국내(남자),60대, 2.00 ,1,,#N/A
매체운영팀,디지털,해외,Jan-26,2026-01-17,사단,본부,온라인부,매체운영팀,M홈페이지,홈페이지_퀵메뉴_정기후원,모바일 정기후원 퀵메뉴_인터넷,5833,신규,보건의료지원사업,국내(남자),50대, 2.00 ,1,,#N/A
매체운영팀,디지털,국내,Jan-26,2026-01-17,사단,본부,온라인부,매체운영팀,M홈페이지,2014 모바일웹 로그인메뉴 퀵후원,홈페이지/M _ 로그인메뉴 퀵후원_정기후원,5659,신규,국내아동권리보호사업(사단법인),국내(남자),30대, 2.00 ,1,,#N/A
매체운영팀,디지털,국내,Jan-26,2026-01-17,사단,본부,온라인부,매체운영팀,M홈페이지,2014 모바일웹 퀵후원(하단푸터),[기타]모바일웹 퀵후원(하단푸터)_정기후원,5282,신규,국내아동권리보호사업(사단법인),국내(여자),20대, 1.00 ,1,,#N/A
매체운영팀,디지털,결연,Jan-26,2026-01-17,사단,본부,온라인부,매체운영팀,PC공동캠페인,홈페이지후원메뉴-해외아동1:1결연,기타/P_메인퀵메뉴_지정결연,610,신규,해외아동결연,국내(남자),20대, 3.00 ,1,,#N/A
매체운영팀,디지털,결연,Jan-26,2026-01-17,사단,본부,온라인부,매체운영팀,PC공동캠페인,홈페이지후원메뉴-해외아동1:1결연,기타/P_메인퀵메뉴_지정결연,610,신규,해외아동결연,국내(여자),30대, 3.00 ,1,,#N/A
매체운영팀,디지털,결연,Jan-26,2026-01-17,사단,본부,온라인부,매체운영팀,PC공동캠페인,홈페이지후원메뉴-해외아동1:1결연,기타/P_메인퀵메뉴_지정결연,610,증액,해외아동결연,국내(남자),40대, 3.00 ,1,,#N/A
매체운영팀,디지털,결연,Jan-26,2026-01-17,사단,본부,온라인부,매체운영팀,PC홈페이지,홈페이지_퀵메뉴_정기후원,홈페이지/P_메인퀵메뉴_인터넷(신규),335,신규,해외아동결연,국내(여자),20대, 3.00 ,1,,#N/A
매체운영팀,디지털,국내,Jan-26,2026-01-17,사단,본부,온라인부,매체운영팀,PC홈페이지,홈페이지_퀵메뉴_정기후원,홈페이지/P_메인퀵메뉴_인터넷(신규),335,신규,국내아동권리보호사업(사단법인),국내(여자),10대, 1.00 ,1,,#N/A
매체운영팀,디지털,결연,Jan-26,2026-01-17,사단,본부,온라인부,매체운영팀,PC홈페이지,홈페이지_퀵메뉴_정기후원,홈페이지/P_메인퀵메뉴_인터넷(신규),335,재후원,해외아동결연,국내(여자),40대, 3.00 ,1,,#N/A
매체운영팀,디지털,국내,Jan-26,2026-01-17,사단,본부,온라인부,매체운영팀,PC홈페이지,홈페이지후원메뉴-퀵메뉴,메인 퀵메뉴/홈페이지 - 정기후원,338,신규,국내아동권리보호사업(사단법인),국내(남자),50대, 5.00 ,1,,#N/A
매체운영팀,디지털,해외,Jan-26,2026-01-17,사단,본부,온라인부,매체운영팀,PC홈페이지,홈페이지후원메뉴-퀵메뉴,메인 퀵메뉴/홈페이지 - 정기후원,338,신규,해외교육지원사업,국내(여자),20대, 2.00 ,1,,#N/A
매체운영팀,디지털,국내,Jan-26,2026-01-17,사단,본부,온라인부,매체운영팀,PC홈페이지,홈페이지후원메뉴-퀵메뉴,메인 퀵메뉴/홈페이지 - 정기후원,338,재후원,국내아동권리보호사업(사단법인),국내(여자),30대, 2.00 ,1,,#N/A
매체운영팀,디지털,국내,Jan-26,2026-01-17,사복,본부,온라인부,매체운영팀,M홈페이지,모바일웹 사업후원,모바일웹_M_기관소개 하단,9071,증액,국내사업,국내(여자),30대, 2.00 ,1,,#N/A
매체운영팀,디지털,결연,Jan-26,2026-01-18,사단,본부,온라인부,매체운영팀,M모바일앱,모바일앱,모바일앱_M_상단GNB후원하기,7566,신규,해외아동결연,국내(남자),50대, 3.00 ,1,,#N/A
매체운영팀,디지털,결연,Jan-26,2026-01-18,사단,본부,온라인부,매체운영팀,M모바일앱,모바일앱,모바일앱_M_상단GNB후원하기,7566,신규,해외아동결연,국내(여자),60대, 3.00 ,1,,#N/A
매체운영팀,디지털,해외,Jan-26,2026-01-18,사단,본부,온라인부,매체운영팀,M모바일앱,모바일앱,모바일앱_M_상단GNB후원하기,7566,증액,보건의료지원사업,국내(남자),60대, 1.00 ,1,,#N/A
매체운영팀,디지털,해외,Jan-26,2026-01-18,사단,본부,온라인부,매체운영팀,M홈페이지,모바일웹 사업후원,모바일웹_M_기관소개 하단,9071,신규,식수위생지원사업,국내(여자),20대, 2.00 ,1,,#N/A
매체운영팀,디지털,해외,Jan-26,2026-01-18,사단,본부,온라인부,매체운영팀,M홈페이지,홈페이지_퀵메뉴_정기후원,모바일 정기후원 퀵메뉴_인터넷,5833,신규,보건의료지원사업,국내(여자),20대, 1.00 ,1,,#N/A
매체운영팀,디지털,해외,Jan-26,2026-01-18,사단,본부,온라인부,매체운영팀,M홈페이지,홈페이지_퀵메뉴_정기후원,모바일 정기후원 퀵메뉴_(기타),5835,신규,보건의료지원사업,국내(여자),40대, 2.00 ,1,,#N/A
매체운영팀,디지털,국내,Jan-26,2026-01-18,사단,본부,온라인부,매체운영팀,M홈페이지,2014 모바일웹 로그인메뉴 퀵후원,홈페이지/M _ 로그인메뉴 퀵후원_정기후원,5659,신규,국내아동권리보호사업(사단법인),국내(남자),40대, 1.00 ,1,,#N/A
매체운영팀,디지털,국내,Jan-26,2026-01-18,사단,본부,온라인부,매체운영팀,M홈페이지,2014 모바일웹 로그인메뉴 퀵후원,홈페이지/M _ 로그인메뉴 퀵후원_정기후원,5659,신규,국내아동권리보호사업(사단법인),국내(여자),10대, 1.00 ,1,,#N/A
매체운영팀,디지털,국내,Jan-26,2026-01-18,사단,본부,온라인부,매체운영팀,M홈페이지,2014 모바일웹 로그인메뉴 퀵후원,홈페이지/M _ 로그인메뉴 퀵후원_정기후원,5659,신규,국내아동권리보호사업(사단법인),국내(여자),20대, 3.00 ,1,,#N/A
매체운영팀,디지털,결연,Jan-26,2026-01-18,사단,본부,온라인부,매체운영팀,M홈페이지,2014 모바일웹 로그인메뉴 퀵후원,홈페이지/M _ 로그인메뉴 퀵후원_정기후원,5659,재후원,해외아동결연,국내(남자),30대, 3.00 ,1,,#N/A
매체운영팀,디지털,결연,Jan-26,2026-01-18,사단,본부,온라인부,매체운영팀,PC공동캠페인,홈페이지후원메뉴-해외아동1:1결연,기타/P_메인퀵메뉴_지정결연,610,신규,해외아동결연,국내(여자),20대, 3.00 ,1,,#N/A
매체운영팀,디지털,결연,Jan-26,2026-01-18,사단,본부,온라인부,매체운영팀,PC홈페이지,홈페이지_퀵메뉴_정기후원,홈페이지/P_메인퀵메뉴_인터넷(신규),335,신규,해외아동결연,국내(여자),20대, 3.00 ,1,,#N/A
매체운영팀,디지털,해외,Jan-26,2026-01-18,사단,본부,온라인부,매체운영팀,PC홈페이지,홈페이지후원메뉴-퀵메뉴,메인 퀵메뉴/홈페이지 - 정기후원,338,신규,해외교육지원사업,국내(여자),20대, 1.00 ,1,,#N/A
매체운영팀,디지털,국내,Jan-26,2026-01-19,사단,본부,온라인부,매체운영팀,M모바일앱,모바일앱,모바일앱_M_상단GNB후원하기,7566,신규,국내아동권리보호사업(사단법인),국내(남자),40대, 2.00 ,1,,#N/A
매체운영팀,디지털,국내,Jan-26,2026-01-19,사단,본부,온라인부,매체운영팀,M홈페이지,홈페이지_퀵메뉴_정기후원,모바일 정기후원 퀵메뉴_인터넷,5833,증액,국내아동권리보호사업(사단법인),국내(남자),60대, 10.00 ,1,,#N/A
매체운영팀,디지털,결연,Jan-26,2026-01-19,사단,본부,온라인부,매체운영팀,M홈페이지,홈페이지_퀵메뉴_정기후원,모바일 정기후원 퀵메뉴_(기타),5835,신규,해외아동결연,국내(여자),40대, 3.00 ,1,,#N/A
매체운영팀,디지털,국내,Jan-26,2026-01-19,사단,본부,온라인부,매체운영팀,M홈페이지,홈페이지_퀵메뉴_정기후원,모바일 정기후원 퀵메뉴_(기타),5835,신규,국내아동권리보호사업(사단법인),국내(남자),40대, 1.00 ,1,,#N/A
매체운영팀,디지털,국내,Jan-26,2026-01-19,사단,본부,온라인부,매체운영팀,M홈페이지,2014 모바일웹 로그인메뉴 퀵후원,홈페이지/M _ 로그인메뉴 퀵후원_정기후원,5659,신규,국내아동권리보호사업(사단법인),국내(남자),40대, 1.00 ,1,,#N/A
매체운영팀,디지털,국내,Jan-26,2026-01-19,사단,본부,온라인부,매체운영팀,M홈페이지,2014 모바일웹 로그인메뉴 퀵후원,홈페이지/M _ 로그인메뉴 퀵후원_정기후원,5659,신규,국내아동권리보호사업(사단법인),국내(여자),30대, 2.00 ,1,,#N/A
매체운영팀,디지털,해외,Jan-26,2026-01-19,사단,본부,온라인부,매체운영팀,M홈페이지,2014 모바일웹 로그인메뉴 퀵후원,홈페이지/M _ 로그인메뉴 퀵후원_정기후원,5659,신규,해외지역개발사업,국내(여자),20대, 1.00 ,1,,#N/A
매체운영팀,디지털,결연,Jan-26,2026-01-19,사단,본부,온라인부,매체운영팀,M홈페이지,2014 모바일웹 로그인메뉴 퀵후원,홈페이지/M _ 로그인메뉴 퀵후원_정기후원,5659,증액,해외아동결연,국내(여자),40대, 3.00 ,1,,#N/A
매체운영팀,디지털,결연,Jan-26,2026-01-19,사단,본부,온라인부,매체운영팀,PC공동캠페인,홈페이지후원메뉴-해외아동1:1결연,기타/P_메인퀵메뉴_지정결연,610,신규,해외아동결연,국내(여자),30대, 3.00 ,1,,#N/A
매체운영팀,디지털,결연,Jan-26,2026-01-19,사단,본부,온라인부,매체운영팀,PC광고마케팅,홈페이지후원메뉴-해외아동1:1결연,페북/P_ 메인퀵메뉴_비지정결연,4890,신규,해외아동결연,국내(여자),50대, 3.00 ,1,,#N/A
매체운영팀,디지털,국내,Jan-26,2026-01-19,사단,본부,온라인부,매체운영팀,PC광고마케팅,홈페이지후원메뉴-후원하기,기타/P_후원하기 메인_정기후원,4882,재후원,국내아동권리보호사업(사단법인),국내(여자),40대, 2.00 ,1,,#N/A
매체운영팀,디지털,기타,Jan-26,2026-01-19,사단,본부,온라인부,매체운영팀,PC홈페이지,홈페이지_퀵메뉴_정기후원,홈페이지/P_메인퀵메뉴_인터넷(신규),335,신규,전체사업지원,국내(남자),40대, 10.00 ,1,,#N/A
매체운영팀,디지털,국내,Jan-26,2026-01-19,사단,본부,온라인부,매체운영팀,PC홈페이지,홈페이지_후원메뉴_사업후원,홈페이지후원메뉴-사업후원(국내아동권리),355,신규,국내아동권리보호사업(사단법인),국내(여자),10대 미만, 1.00 ,1,,#N/A
매체운영팀,디지털,결연,Jan-26,2026-01-19,사단,본부,온라인부,매체운영팀,PC홈페이지,홈페이지후원메뉴-퀵메뉴,메인 퀵메뉴/홈페이지 - 정기후원,338,신규,해외아동결연,국내(여자),10대 미만, 3.00 ,1,,#N/A
매체운영팀,디지털,해외,Jan-26,2026-01-19,사단,본부,온라인부,매체운영팀,PC홈페이지,홈페이지후원메뉴-퀵메뉴,메인 퀵메뉴/홈페이지 - 정기후원,338,신규,보건의료지원사업,국내(남자),40대, 1.00 ,1,,#N/A
매체운영팀,디지털,기타,Jan-26,2026-01-19,사단,본부,온라인부,매체운영팀,PC홈페이지,홈페이지후원메뉴-퀵메뉴,메인 퀵메뉴/홈페이지 - 정기후원,338,신규,전체사업지원,국내(남자),50대, 2.00 ,1,,#N/A
매체운영팀,디지털,기타,Jan-26,2026-01-20,사단,본부,온라인부,매체운영팀,M홈페이지,모바일웹 사업후원,모바일웹_M_기관소개 하단,9071,재후원,대북지원사업,국내(남자),50대, 2.00 ,1,,#N/A
매체운영팀,디지털,해외,Jan-26,2026-01-20,사단,본부,온라인부,매체운영팀,M홈페이지,홈페이지_퀵메뉴_정기후원,모바일 정기후원 퀵메뉴_인터넷,5833,신규,보건의료지원사업,국내(여자),50대, 2.00 ,1,,#N/A
매체운영팀,디지털,기타,Jan-26,2026-01-20,사단,본부,온라인부,매체운영팀,M홈페이지,홈페이지_퀵메뉴_정기후원,모바일 정기후원 퀵메뉴_인터넷,5833,재후원,전체사업지원,국내(남자),40대, 2.00 ,1,,#N/A
매체운영팀,디지털,기타,Jan-26,2026-01-20,사단,본부,온라인부,매체운영팀,M홈페이지,홈페이지_퀵메뉴_정기후원,모바일 정기후원 퀵메뉴_인터넷,5833,재후원,전체사업지원,국내(여자),20대, 1.00 ,1,,#N/A
매체운영팀,디지털,기타,Jan-26,2026-01-20,사단,본부,온라인부,매체운영팀,M홈페이지,홈페이지_퀵메뉴_정기후원,모바일 정기후원 퀵메뉴_인터넷,5833,재후원,전체사업지원,국내(여자),40대, 1.00 ,1,,#N/A
매체운영팀,디지털,국내,Jan-26,2026-01-20,사단,본부,온라인부,매체운영팀,M홈페이지,홈페이지_퀵메뉴_정기후원,모바일 정기후원 퀵메뉴_(기타),5835,신규,국내아동권리보호사업(사단법인),국내(남자),20대, 1.00 ,1,,#N/A
매체운영팀,디지털,국내,Jan-26,2026-01-20,사단,본부,온라인부,매체운영팀,M홈페이지,홈페이지_퀵메뉴_정기후원,모바일 정기후원 퀵메뉴_(기타),5835,신규,국내아동권리보호사업(사단법인),국내(남자),50대, 3.00 ,1,,#N/A
매체운영팀,디지털,국내,Jan-26,2026-01-20,사단,본부,온라인부,매체운영팀,M홈페이지,2014 모바일웹 사업후원,[기타]2014 모바일웹 사업후원_국내,5248,신규,국내아동권리보호사업(사단법인),국내(남자),40대, 3.00 ,1,,#N/A
매체운영팀,디지털,결연,Jan-26,2026-01-20,사단,본부,온라인부,매체운영팀,M홈페이지,2014 모바일웹 로그인메뉴 퀵후원,홈페이지/M _ 로그인메뉴 퀵후원_정기후원,5659,신규,해외아동결연,국내(여자),20대, 3.00 ,1,,#N/A
매체운영팀,디지털,국내,Jan-26,2026-01-20,사단,본부,온라인부,매체운영팀,M홈페이지,2014 모바일웹 퀵후원(하단푸터),[기타]모바일웹 퀵후원(하단푸터)_정기후원,5282,증액,국내아동권리보호사업(사단법인),국내(여자),30대, 1.00 ,1,,#N/A
매체운영팀,디지털,결연,Jan-26,2026-01-20,사단,본부,온라인부,매체운영팀,PC공동캠페인,홈페이지후원메뉴-해외아동1:1결연,기타/P_메인퀵메뉴_지정결연,610,신규,해외아동결연,국내(여자),20대, 3.00 ,1,,#N/A
매체운영팀,디지털,결연,Jan-26,2026-01-20,사단,본부,온라인부,매체운영팀,PC공동캠페인,홈페이지후원메뉴-해외아동1:1결연,기타/P_메인퀵메뉴_지정결연,610,신규,해외아동결연,국내(여자),40대, 3.00 ,1,,#N/A
매체운영팀,디지털,결연,Jan-26,2026-01-20,사단,본부,온라인부,매체운영팀,PC공동캠페인,홈페이지후원메뉴-해외아동1:1결연,기타/P_메인퀵메뉴_지정결연,610,증액,해외아동결연,국내(남자),50대, 3.00 ,1,,#N/A
매체운영팀,디지털,결연,Jan-26,2026-01-20,사단,본부,온라인부,매체운영팀,PC광고마케팅,홈페이지후원메뉴-해외아동1:1결연,페북/P_ 메인퀵메뉴_비지정결연,4890,재후원,해외아동결연,국내(남자),50대, 9.00 ,1,,#N/A
매체운영팀,디지털,국내,Jan-26,2026-01-20,사단,본부,온라인부,매체운영팀,PC홈페이지,홈페이지_후원메뉴_사업후원,홈페이지후원메뉴-사업후원(국내아동권리),355,재후원,국내아동권리보호사업(사단법인),국내(남자),50대, 3.00 ,1,,#N/A
매체운영팀,디지털,해외,Jan-26,2026-01-20,사단,본부,온라인부,매체운영팀,PC홈페이지,홈페이지_후원메뉴_사업후원,홈페이지후원메뉴-사업후원(식수위생지원),3929,신규,식수위생지원사업,국내(여자),50대, 1.00 ,1,,#N/A
매체운영팀,디지털,국내,Jan-26,2026-01-20,사단,본부,온라인부,매체운영팀,PC홈페이지,홈페이지후원메뉴-퀵메뉴,메인 퀵메뉴/홈페이지 - 정기후원,338,신규,국내아동권리보호사업(사단법인),국내(여자),40대, 2.00 ,1,,#N/A
매체운영팀,디지털,해외,Jan-26,2026-01-20,사단,본부,온라인부,매체운영팀,PC홈페이지,홈페이지후원메뉴-퀵메뉴,메인 퀵메뉴/홈페이지 - 정기후원,338,신규,해외교육지원사업,국내(여자),10대, 2.00 ,1,,#N/A
매체운영팀,디지털,기타,Jan-26,2026-01-20,사단,본부,온라인부,매체운영팀,PC홈페이지,홈페이지후원메뉴-퀵메뉴,메인 퀵메뉴/홈페이지 - 정기후원,338,재후원,전체사업지원,국내(여자),40대, 2.00 ,1,,#N/A
매체운영팀,디지털,국내,Jan-26,2026-01-21,사단,본부,온라인부,매체운영팀,M모바일앱,모바일앱,모바일앱_M_상단GNB후원하기,7566,재후원,국내아동권리보호사업(사단법인),국내(여자),30대, 5.00 ,1,,#N/A
매체운영팀,디지털,국내,Jan-26,2026-01-21,사단,본부,온라인부,매체운영팀,M홈페이지,모바일웹 사업후원,모바일웹_M_기관소개 하단,9071,신규,국내아동권리보호사업(사단법인),국내(남자),50대, 3.00 ,1,,#N/A
매체운영팀,디지털,국내,Jan-26,2026-01-21,사단,본부,온라인부,매체운영팀,M홈페이지,모바일웹 퀵메뉴,"[모바일]TV,라디오",5837,신규,국내아동권리보호사업(사단법인),국내(여자),50대, 2.00 ,1,,#N/A
매체운영팀,디지털,결연,Jan-26,2026-01-21,사단,본부,온라인부,매체운영팀,M홈페이지,홈페이지_퀵메뉴_정기후원,모바일 정기후원 퀵메뉴_(기타),5835,신규,해외아동결연,국내(남자),30대, 3.00 ,1,,#N/A
매체운영팀,디지털,국내,Jan-26,2026-01-21,사단,본부,온라인부,매체운영팀,M홈페이지,홈페이지_퀵메뉴_정기후원,모바일 정기후원 퀵메뉴_(기타),5835,재후원,국내아동권리보호사업(사단법인),국내(여자),30대, 2.00 ,1,,#N/A
매체운영팀,디지털,국내,Jan-26,2026-01-21,사단,본부,온라인부,매체운영팀,M홈페이지,2014 모바일웹 사업후원,[기타]2014 모바일웹 사업후원_국내,5248,재후원,국내아동권리보호사업(사단법인),국내(여자),20대, 1.00 ,1,,#N/A
매체운영팀,디지털,국내,Jan-26,2026-01-21,사단,본부,온라인부,매체운영팀,M홈페이지,2014 모바일웹 사업후원,[기타]2014 모바일웹 사업후원_국내,5248,재후원,국내아동권리보호사업(사단법인),국내(여자),30대, 3.00 ,1,,#N/A
매체운영팀,디지털,국내,Jan-26,2026-01-21,사단,본부,온라인부,매체운영팀,M홈페이지,2014 모바일웹 로그인메뉴 퀵후원,기타/M _ 로그인메뉴 퀵후원_정기후원,5658,신규,국내아동권리보호사업(사단법인),국내(남자),10대, 1.00 ,1,,#N/A
매체운영팀,디지털,국내,Jan-26,2026-01-21,사단,본부,온라인부,매체운영팀,M홈페이지,2014 모바일웹 로그인메뉴 퀵후원,기타/M _ 로그인메뉴 퀵후원_정기후원,5658,신규,국내아동권리보호사업(사단법인),국내(여자),30대, 2.00 ,1,,#N/A
매체운영팀,디지털,국내,Jan-26,2026-01-21,사단,본부,온라인부,매체운영팀,M홈페이지,2014 모바일웹 로그인메뉴 퀵후원,홈페이지/M _ 로그인메뉴 퀵후원_정기후원,5659,증액,국내아동권리보호사업(사단법인),국내(여자),40대, 2.00 ,1,,#N/A
매체운영팀,디지털,기타,Jan-26,2026-01-21,사단,본부,온라인부,매체운영팀,M홈페이지,2014 모바일웹 로그인메뉴 퀵후원,홈페이지/M _ 로그인메뉴 퀵후원_정기후원,5659,증액,전체사업지원,외국인(여자),40대, 2.00 ,1,,#N/A
매체운영팀,디지털,결연,Jan-26,2026-01-21,사단,본부,온라인부,매체운영팀,PC공동캠페인,홈페이지후원메뉴-해외아동1:1결연,기타/P_메인퀵메뉴_지정결연,610,재후원,해외아동결연,국내(남자),40대, 3.00 ,1,,#N/A
매체운영팀,디지털,결연,Jan-26,2026-01-21,사단,본부,온라인부,매체운영팀,PC광고마케팅,홈페이지후원메뉴-해외아동1:1결연,페북/P_ 메인퀵메뉴_비지정결연,4890,신규,해외아동결연,국내(남자),10대, 3.00 ,1,,#N/A
매체운영팀,디지털,국내,Jan-26,2026-01-21,사단,본부,온라인부,매체운영팀,PC광고마케팅,홈페이지후원메뉴-후원하기,기타/P_후원하기 메인_정기후원,4882,신규,국내아동권리보호사업(사단법인),국내(여자),20대, 2.00 ,1,,#N/A
매체운영팀,디지털,국내,Jan-26,2026-01-21,사단,본부,온라인부,매체운영팀,PC광고마케팅,홈페이지후원메뉴-후원하기,기타/P_후원하기 메인_정기후원,4882,신규,국내아동권리보호사업(사단법인),국내(여자),50대, 1.00 ,1,,#N/A
매체운영팀,디지털,국내,Jan-26,2026-01-21,사단,본부,온라인부,매체운영팀,PC홈페이지,홈페이지_퀵메뉴_정기후원,홈페이지/P_메인퀵메뉴_인터넷(신규),335,신규,국내아동권리보호사업(사단법인),국내(여자),50대, 1.00 ,1,,#N/A
매체운영팀,디지털,국내,Jan-26,2026-01-21,사단,본부,온라인부,매체운영팀,PC홈페이지,홈페이지_후원메뉴_사업후원,홈페이지후원메뉴-사업후원(국내아동권리),355,신규,국내아동권리보호사업(사단법인),국내(남자),30대, 1.00 ,1,,#N/A
매체운영팀,디지털,국내,Jan-26,2026-01-21,사단,본부,온라인부,매체운영팀,PC홈페이지,홈페이지_후원메뉴_사업후원,홈페이지후원메뉴-사업후원(국내아동권리),355,신규,국내아동권리보호사업(사단법인),국내(남자),40대, 3.00 ,1,,#N/A
매체운영팀,디지털,국내,Jan-26,2026-01-21,사단,본부,온라인부,매체운영팀,PC홈페이지,홈페이지_후원메뉴_사업후원,홈페이지후원메뉴-사업후원(국내아동권리),355,재후원,국내아동권리보호사업(사단법인),국내(여자),40대, 3.00 ,1,,#N/A
매체운영팀,디지털,결연,Jan-26,2026-01-21,사단,본부,온라인부,매체운영팀,PC홈페이지,홈페이지후원메뉴-퀵메뉴,메인 퀵메뉴/홈페이지 - 정기후원,338,신규,해외아동결연,국내(남자),40대, 3.00 ,1,,#N/A
매체운영팀,디지털,결연,Jan-26,2026-01-21,사단,본부,온라인부,매체운영팀,PC홈페이지,홈페이지후원메뉴-퀵메뉴,메인 퀵메뉴/홈페이지 - 정기후원,338,신규,해외아동결연,국내(남자),60대, 3.00 ,1,,#N/A
매체운영팀,디지털,국내,Jan-26,2026-01-21,사단,본부,온라인부,매체운영팀,PC홈페이지,홈페이지후원메뉴-퀵메뉴,메인 퀵메뉴/홈페이지 - 정기후원,338,신규,국내아동권리보호사업(사단법인),국내(남자),40대, 2.00 ,1,,#N/A
매체운영팀,디지털,국내,Jan-26,2026-01-21,사단,본부,온라인부,매체운영팀,PC홈페이지,홈페이지후원메뉴-퀵메뉴,메인 퀵메뉴/홈페이지 - 정기후원,338,신규,국내아동권리보호사업(사단법인),국내(여자),40대, 2.00 ,1,,#N/A
매체운영팀,디지털,국내,Jan-26,2026-01-21,사단,본부,온라인부,매체운영팀,PC홈페이지,홈페이지후원메뉴-퀵메뉴,메인 퀵메뉴/홈페이지 - 정기후원,338,신규,국내아동권리보호사업(사단법인),국내(여자),50대, 2.00 ,1,,#N/A
매체운영팀,디지털,국내,Jan-26,2026-01-22,사단,본부,온라인부,매체운영팀,M모바일앱,모바일앱,모바일앱_M_상단GNB후원하기,7566,신규,국내아동권리보호사업(사단법인),국내(여자),30대, 1.00 ,1,,#N/A
매체운영팀,디지털,해외,Jan-26,2026-01-22,사단,본부,온라인부,매체운영팀,M홈페이지,모바일웹 퀵메뉴,"[모바일]TV,라디오",5837,신규,해외교육지원사업,국내(남자),70대, 2.00 ,1,,#N/A
매체운영팀,디지털,국내,Jan-26,2026-01-22,사단,본부,온라인부,매체운영팀,M홈페이지,홈페이지_퀵메뉴_정기후원,모바일 정기후원 퀵메뉴_인터넷,5833,신규,국내아동권리보호사업(사단법인),국내(여자),10대, 1.00 ,1,,#N/A
매체운영팀,디지털,국내,Jan-26,2026-01-22,사단,본부,온라인부,매체운영팀,M홈페이지,홈페이지_퀵메뉴_정기후원,모바일 정기후원 퀵메뉴_인터넷,5833,신규,국내아동권리보호사업(사단법인),국내(여자),50대, 2.00 ,1,,#N/A
매체운영팀,디지털,국내,Jan-26,2026-01-22,사단,본부,온라인부,매체운영팀,M홈페이지,홈페이지_퀵메뉴_정기후원,모바일 정기후원 퀵메뉴_인터넷,5833,증액,국내아동권리보호사업(사단법인),국내(여자),50대, 2.00 ,1,,#N/A
매체운영팀,디지털,국내,Jan-26,2026-01-22,사단,본부,온라인부,매체운영팀,M홈페이지,2014 모바일웹 사업후원,[기타]2014 모바일웹 사업후원_국내,5248,재후원,국내아동권리보호사업(사단법인),국내(여자),30대, 2.00 ,1,,#N/A
매체운영팀,디지털,해외,Jan-26,2026-01-22,사단,본부,온라인부,매체운영팀,M홈페이지,2014 모바일웹 로그인메뉴 퀵후원,홈페이지/M _ 로그인메뉴 퀵후원_정기후원,5659,신규,보건의료지원사업,국내(여자),50대, 2.00 ,1,,#N/A
매체운영팀,디지털,결연,Jan-26,2026-01-22,사단,본부,온라인부,매체운영팀,PC공동캠페인,홈페이지후원메뉴-해외아동1:1결연,기타/P_메인퀵메뉴_지정결연,610,신규,해외아동결연,국내(여자),50대, 3.00 ,1,,#N/A
매체운영팀,디지털,결연,Jan-26,2026-01-22,사단,본부,온라인부,매체운영팀,PC공동캠페인,홈페이지후원메뉴-해외아동1:1결연,기타/P_메인퀵메뉴_지정결연,610,증액,해외아동결연,국내(남자),40대, 3.00 ,1,,#N/A
매체운영팀,디지털,결연,Jan-26,2026-01-22,사단,본부,온라인부,매체운영팀,PC공동캠페인,홈페이지후원메뉴-해외아동1:1결연,기타/P_메인퀵메뉴_지정결연,610,증액,해외아동결연,국내(여자),50대, 3.00 ,1,,#N/A
매체운영팀,디지털,국내,Jan-26,2026-01-22,사단,본부,온라인부,매체운영팀,PC광고마케팅,홈페이지후원메뉴-후원하기,기타/P_후원하기 메인_정기후원,4882,재후원,국내아동권리보호사업(사단법인),국내(남자),40대, 1.00 ,1,,#N/A
매체운영팀,디지털,국내,Jan-26,2026-01-22,사단,본부,온라인부,매체운영팀,PC홈페이지,홈페이지_퀵메뉴_정기후원,홈페이지/P_메인퀵메뉴_인터넷(신규),335,신규,국내아동권리보호사업(사단법인),국내(남자),70대, 4.00 ,2,,#N/A
매체운영팀,디지털,국내,Jan-26,2026-01-22,사단,본부,온라인부,매체운영팀,PC홈페이지,홈페이지후원메뉴-퀵메뉴,메인 퀵메뉴/홈페이지 - 정기후원,338,신규,국내아동권리보호사업(사단법인),국내(남자),50대, 2.00 ,1,,#N/A
매체운영팀,디지털,국내,Jan-26,2026-01-22,사단,본부,온라인부,매체운영팀,PC홈페이지,홈페이지후원메뉴-퀵메뉴,메인 퀵메뉴/홈페이지 - 정기후원,338,신규,국내아동권리보호사업(사단법인),국내(남자),60대, 5.00 ,1,,#N/A
매체운영팀,디지털,국내,Jan-26,2026-01-22,사단,본부,온라인부,매체운영팀,PC홈페이지,홈페이지후원메뉴-퀵메뉴,메인 퀵메뉴/홈페이지 - 정기후원,338,신규,국내아동권리보호사업(사단법인),국내(여자),60대, 2.00 ,1,,#N/A
매체운영팀,디지털,국내,Jan-26,2026-01-22,사복,본부,온라인부,매체운영팀,PC광고마케팅,홈페이지후원메뉴-후원하기,기타/P_후원하기 메인_정기후원,4882,증액,국내사업,국내(남자),60대, 3.00 ,1,,#N/A
매체운영팀,디지털,결연,Jan-26,2026-01-23,사단,본부,온라인부,매체운영팀,M모바일앱,모바일앱,모바일앱_M_상단GNB후원하기,7566,신규,해외아동결연,국내(여자),20대, 3.00 ,1,,#N/A
매체운영팀,디지털,해외,Jan-26,2026-01-23,사단,본부,온라인부,매체운영팀,M홈페이지,모바일웹 사업후원,모바일웹_M_기관소개 하단,9071,신규,식수위생지원사업,단체,기타, 10.00 ,1,,#N/A
매체운영팀,디지털,기타,Jan-26,2026-01-23,사단,본부,온라인부,매체운영팀,M홈페이지,모바일웹 사업후원,모바일웹_M_기관소개 하단,9071,재후원,전체사업지원,국내(여자),40대, 1.00 ,1,,#N/A
매체운영팀,디지털,국내,Jan-26,2026-01-23,사단,본부,온라인부,매체운영팀,M홈페이지,홈페이지_퀵메뉴_정기후원,모바일 정기후원 퀵메뉴_인터넷,5833,신규,국내아동권리보호사업(사단법인),국내(남자),40대, 1.00 ,1,,#N/A
매체운영팀,디지털,국내,Jan-26,2026-01-23,사단,본부,온라인부,매체운영팀,M홈페이지,홈페이지_퀵메뉴_정기후원,모바일 정기후원 퀵메뉴_인터넷,5833,신규,국내아동권리보호사업(사단법인),국내(남자),50대, 2.00 ,1,,#N/A
매체운영팀,디지털,국내,Jan-26,2026-01-23,사단,본부,온라인부,매체운영팀,M홈페이지,홈페이지_퀵메뉴_정기후원,모바일 정기후원 퀵메뉴_인터넷,5833,재후원,국내아동권리보호사업(사단법인),국내(여자),40대, 3.00 ,1,,#N/A
매체운영팀,디지털,결연,Jan-26,2026-01-23,사단,본부,온라인부,매체운영팀,M홈페이지,홈페이지_퀵메뉴_정기후원,모바일 정기후원 퀵메뉴_(기타),5835,신규,해외아동결연,국내(여자),10대, 3.00 ,1,,#N/A
매체운영팀,디지털,국내,Jan-26,2026-01-23,사단,본부,온라인부,매체운영팀,M홈페이지,홈페이지_퀵메뉴_정기후원,모바일 정기후원 퀵메뉴_(기타),5835,신규,국내아동권리보호사업(사단법인),국내(남자),30대, 2.00 ,1,,#N/A
매체운영팀,디지털,국내,Jan-26,2026-01-23,사단,본부,온라인부,매체운영팀,M홈페이지,홈페이지_퀵메뉴_정기후원,모바일 정기후원 퀵메뉴_(기타),5835,신규,국내아동권리보호사업(사단법인),국내(남자),50대, 2.00 ,1,,#N/A
매체운영팀,디지털,국내,Jan-26,2026-01-23,사단,본부,온라인부,매체운영팀,M홈페이지,홈페이지_퀵메뉴_정기후원,모바일 정기후원 퀵메뉴_(기타),5835,신규,국내아동권리보호사업(사단법인),국내(여자),40대, 2.00 ,1,,#N/A
매체운영팀,디지털,국내,Jan-26,2026-01-23,사단,본부,온라인부,매체운영팀,M홈페이지,2014 모바일웹 로그인메뉴 퀵후원,홈페이지/M _ 로그인메뉴 퀵후원_정기후원,5659,신규,국내아동권리보호사업(사단법인),국내(남자),50대, 2.00 ,1,,#N/A
매체운영팀,디지털,결연,Jan-26,2026-01-23,사단,본부,온라인부,매체운영팀,PC공동캠페인,홈페이지후원메뉴-해외아동1:1결연,기타/P_메인퀵메뉴_지정결연,610,증액,해외아동결연,국내(여자),20대, 3.00 ,1,,#N/A
매체운영팀,디지털,국내,Jan-26,2026-01-23,사단,본부,온라인부,매체운영팀,PC광고마케팅,홈페이지후원메뉴-후원하기,기타/P_후원하기 메인_정기후원,4882,신규,국내아동권리보호사업(사단법인),국내(여자),20대, 2.00 ,1,,#N/A
매체운영팀,디지털,국내,Jan-26,2026-01-23,사단,본부,온라인부,매체운영팀,PC광고마케팅,홈페이지후원메뉴-후원하기,기타/P_후원하기 메인_정기후원,4882,신규,국내아동권리보호사업(사단법인),국내(여자),30대, 5.00 ,1,,#N/A
매체운영팀,디지털,결연,Jan-26,2026-01-23,사단,본부,온라인부,매체운영팀,PC홈페이지,홈페이지_퀵메뉴_정기후원,홈페이지/P_메인퀵메뉴_인터넷(신규),335,신규,해외아동결연,국내(남자),10대, 3.00 ,1,,#N/A
매체운영팀,디지털,기타,Jan-26,2026-01-23,사단,본부,온라인부,매체운영팀,PC홈페이지,홈페이지_퀵메뉴_정기후원,홈페이지/P_메인퀵메뉴_인터넷(신규),335,신규,전체사업지원,국내(남자),50대, 5.00 ,1,,#N/A
매체운영팀,디지털,결연,Jan-26,2026-01-23,사단,본부,온라인부,매체운영팀,PC홈페이지,홈페이지_퀵메뉴_정기후원,홈페이지/P_메인퀵메뉴_인터넷(신규),335,재후원,해외아동결연,국내(남자),50대, 3.00 ,1,,#N/A
매체운영팀,디지털,국내,Jan-26,2026-01-23,사단,본부,온라인부,매체운영팀,PC홈페이지,홈페이지_후원메뉴_사업후원,홈페이지후원메뉴-사업후원(국내아동권리),355,신규,국내아동권리보호사업(사단법인),국내(남자),40대, 2.00 ,1,,#N/A
매체운영팀,디지털,국내,Jan-26,2026-01-23,사단,본부,온라인부,매체운영팀,PC홈페이지,홈페이지_후원메뉴_사업후원,홈페이지후원메뉴-사업후원(국내아동권리),355,신규,국내아동권리보호사업(사단법인),국내(여자),40대, 2.00 ,1,,#N/A
매체운영팀,디지털,결연,Jan-26,2026-01-23,사단,본부,온라인부,매체운영팀,PC홈페이지,홈페이지후원메뉴-퀵메뉴,메인 퀵메뉴/홈페이지 - 정기후원,338,신규,해외아동결연,국내(여자),40대, 3.00 ,1,,#N/A
매체운영팀,디지털,국내,Jan-26,2026-01-23,사단,본부,온라인부,매체운영팀,PC홈페이지,홈페이지후원메뉴-퀵메뉴,메인 퀵메뉴/홈페이지 - 정기후원,338,증액,국내아동권리보호사업(사단법인),국내(여자),50대, 2.00 ,1,,#N/A
매체운영팀,디지털,결연,Jan-26,2026-01-24,사단,본부,온라인부,매체운영팀,M모바일앱,모바일앱,모바일앱_M_상단GNB후원하기,7566,신규,해외아동결연,국내(남자),50대, 3.00 ,1,,#N/A
매체운영팀,디지털,기타,Jan-26,2026-01-24,사단,본부,온라인부,매체운영팀,M홈페이지,모바일웹 퀵메뉴,"[모바일]TV,라디오",5837,신규,전체사업지원,국내(남자),60대, 1.00 ,1,,#N/A
매체운영팀,디지털,국내,Jan-26,2026-01-24,사단,본부,온라인부,매체운영팀,M홈페이지,홈페이지_퀵메뉴_정기후원,모바일 정기후원 퀵메뉴_인터넷,5833,신규,국내아동권리보호사업(사단법인),국내(남자),60대, 2.00 ,1,,#N/A
매체운영팀,디지털,국내,Jan-26,2026-01-24,사단,본부,온라인부,매체운영팀,M홈페이지,홈페이지_퀵메뉴_정기후원,모바일 정기후원 퀵메뉴_인터넷,5833,신규,국내아동권리보호사업(사단법인),국내(여자),40대, 2.00 ,1,,#N/A
매체운영팀,디지털,해외,Jan-26,2026-01-24,사단,본부,온라인부,매체운영팀,M홈페이지,홈페이지_퀵메뉴_정기후원,모바일 정기후원 퀵메뉴_인터넷,5833,신규,식수위생지원사업,국내(남자),20대, 1.00 ,1,,#N/A
매체운영팀,디지털,해외,Jan-26,2026-01-24,사단,본부,온라인부,매체운영팀,M홈페이지,홈페이지_퀵메뉴_정기후원,모바일 정기후원 퀵메뉴_인터넷,5833,증액,식수위생지원사업,국내(여자),30대, 1.00 ,1,,#N/A
매체운영팀,디지털,국내,Jan-26,2026-01-24,사단,본부,온라인부,매체운영팀,M홈페이지,홈페이지_퀵메뉴_정기후원,모바일 정기후원 퀵메뉴_(기타),5835,신규,국내아동권리보호사업(사단법인),국내(여자),50대, 2.00 ,1,,#N/A
매체운영팀,디지털,국내,Jan-26,2026-01-24,사단,본부,온라인부,매체운영팀,M홈페이지,홈페이지_퀵메뉴_정기후원,모바일 정기후원 퀵메뉴_(기타),5835,재후원,국내아동권리보호사업(사단법인),국내(남자),60대, 3.00 ,1,,#N/A
매체운영팀,디지털,국내,Jan-26,2026-01-24,사단,본부,온라인부,매체운영팀,M홈페이지,홈페이지_퀵메뉴_정기후원,모바일 정기후원 퀵메뉴_(기타),5835,재후원,국내아동권리보호사업(사단법인),국내(여자),20대, 2.00 ,1,,#N/A
매체운영팀,디지털,결연,Jan-26,2026-01-24,사단,본부,온라인부,매체운영팀,M홈페이지,2014 모바일웹 로그인메뉴 퀵후원,홈페이지/M _ 로그인메뉴 퀵후원_정기후원,5659,신규,해외아동결연,국내(여자),40대, 3.00 ,1,,#N/A
매체운영팀,디지털,국내,Jan-26,2026-01-24,사단,본부,온라인부,매체운영팀,M홈페이지,2014 모바일웹 로그인메뉴 퀵후원,홈페이지/M _ 로그인메뉴 퀵후원_정기후원,5659,신규,국내아동권리보호사업(사단법인),국내(여자),20대, 2.00 ,1,,#N/A
매체운영팀,디지털,기타,Jan-26,2026-01-24,사단,본부,온라인부,매체운영팀,PC홈페이지,홈페이지_퀵메뉴_정기후원,홈페이지/P_메인퀵메뉴_인터넷(신규),335,신규,전체사업지원,국내(남자),40대, 2.00 ,1,,#N/A
매체운영팀,디지털,국내,Jan-26,2026-01-24,사단,본부,온라인부,매체운영팀,PC홈페이지,홈페이지_퀵메뉴_정기후원,홈페이지/P_메인퀵메뉴_인터넷(신규),335,재후원,국내아동권리보호사업(사단법인),국내(남자),20대, 3.00 ,1,,#N/A
매체운영팀,디지털,기타,Jan-26,2026-01-24,사단,본부,온라인부,매체운영팀,PC홈페이지,홈페이지_퀵메뉴_정기후원,홈페이지/P_메인퀵메뉴_인터넷(신규),335,재후원,전체사업지원,국내(남자),40대, 2.00 ,1,,#N/A
매체운영팀,디지털,국내,Jan-26,2026-01-24,사단,본부,온라인부,매체운영팀,PC홈페이지,홈페이지_후원메뉴_사업후원,홈페이지후원메뉴-사업후원(국내아동권리),355,신규,국내아동권리보호사업(사단법인),국내(남자),70대, 2.00 ,1,,#N/A
매체운영팀,디지털,국내,Jan-26,2026-01-24,사단,본부,온라인부,매체운영팀,PC홈페이지,홈페이지후원메뉴-퀵메뉴,메인 퀵메뉴/홈페이지 - 정기후원,338,신규,국내아동권리보호사업(사단법인),국내(남자),50대, 1.00 ,1,,#N/A
매체운영팀,디지털,국내,Jan-26,2026-01-24,사단,본부,온라인부,매체운영팀,PC홈페이지,홈페이지후원메뉴-퀵메뉴,메인 퀵메뉴/홈페이지 - 정기후원,338,신규,국내아동권리보호사업(사단법인),국내(남자),60대, 2.00 ,1,,#N/A
매체운영팀,디지털,국내,Jan-26,2026-01-24,사단,본부,온라인부,매체운영팀,PC홈페이지,홈페이지후원메뉴-퀵메뉴,메인 퀵메뉴/홈페이지 - 정기후원,338,신규,국내아동권리보호사업(사단법인),국내(여자),30대, 2.00 ,1,,#N/A
매체운영팀,디지털,기타,Jan-26,2026-01-24,사단,본부,온라인부,매체운영팀,PC홈페이지,홈페이지후원메뉴-퀵메뉴,메인 퀵메뉴/홈페이지 - 정기후원,338,신규,전체사업지원,국내(남자),30대, 2.00 ,1,,#N/A
매체운영팀,디지털,기타,Jan-26,2026-01-24,사단,본부,온라인부,매체운영팀,PC홈페이지,홈페이지후원메뉴-퀵메뉴,메인 퀵메뉴/홈페이지 - 정기후원,338,신규,전체사업지원,국내(남자),50대, 2.00 ,1,,#N/A
매체운영팀,디지털,해외,Jan-26,2026-01-24,사단,본부,온라인부,매체운영팀,PC홈페이지,홈페이지후원메뉴-퀵메뉴,메인 퀵메뉴/홈페이지 - 정기후원,338,증액,해외지역개발사업,국내(여자),40대, 1.00 ,1,,#N/A
매체운영팀,디지털,국내,Jan-26,2026-01-24,사단,본부,온라인부,매체운영팀,PC홈페이지,홈페이지후원메뉴-퀵메뉴,메인 퀵메뉴/홈페이지 - 정기후원,338,재후원,국내아동권리보호사업(사단법인),국내(남자),20대, 1.00 ,1,,#N/A
매체운영팀,디지털,국내,Jan-26,2026-01-25,사단,본부,온라인부,매체운영팀,M모바일앱,모바일앱,모바일앱_M_정기후원,7564,신규,국내아동권리보호사업(사단법인),국내(남자),50대, 1.00 ,1,,#N/A
매체운영팀,디지털,결연,Jan-26,2026-01-25,사단,본부,온라인부,매체운영팀,M모바일앱,모바일앱,모바일앱_M_상단GNB후원하기,7566,신규,해외아동결연,국내(남자),30대, 3.00 ,1,,#N/A
매체운영팀,디지털,국내,Jan-26,2026-01-25,사단,본부,온라인부,매체운영팀,M홈페이지,홈페이지_퀵메뉴_정기후원,모바일 정기후원 퀵메뉴_인터넷,5833,신규,국내아동권리보호사업(사단법인),국내(남자),60대, 2.00 ,1,,#N/A
매체운영팀,디지털,기타,Jan-26,2026-01-25,사단,본부,온라인부,매체운영팀,M홈페이지,홈페이지_퀵메뉴_정기후원,모바일 정기후원 퀵메뉴_인터넷,5833,신규,전체사업지원,국내(여자),50대, 2.00 ,1,,#N/A
매체운영팀,디지털,기타,Jan-26,2026-01-25,사단,본부,온라인부,매체운영팀,M홈페이지,홈페이지_퀵메뉴_정기후원,모바일 정기후원 퀵메뉴_인터넷,5833,증액,전체사업지원,국내(남자),50대, 2.00 ,1,,#N/A
매체운영팀,디지털,국내,Jan-26,2026-01-25,사단,본부,온라인부,매체운영팀,M홈페이지,홈페이지_퀵메뉴_정기후원,모바일 정기후원 퀵메뉴_(기타),5835,신규,국내아동권리보호사업(사단법인),국내(남자),40대, 1.00 ,1,,#N/A
매체운영팀,디지털,국내,Jan-26,2026-01-25,사단,본부,온라인부,매체운영팀,M홈페이지,홈페이지_퀵메뉴_정기후원,모바일 정기후원 퀵메뉴_(기타),5835,신규,국내아동권리보호사업(사단법인),국내(여자),50대, 2.00 ,1,,#N/A
매체운영팀,디지털,국내,Jan-26,2026-01-25,사단,본부,온라인부,매체운영팀,M홈페이지,홈페이지_퀵메뉴_정기후원,모바일 정기후원 퀵메뉴_(기타),5835,신규,국내아동권리보호사업(사단법인),단체,기타, 1.00 ,1,,#N/A
매체운영팀,디지털,해외,Jan-26,2026-01-25,사단,본부,온라인부,매체운영팀,M홈페이지,홈페이지_퀵메뉴_정기후원,모바일 정기후원 퀵메뉴_(기타),5835,신규,보건의료지원사업,국내(여자),40대,-1.00 ,1,,#N/A
매체운영팀,디지털,국내,Jan-26,2026-01-25,사단,본부,온라인부,매체운영팀,M홈페이지,2014 모바일웹 로그인메뉴 퀵후원,기타/M _ 로그인메뉴 퀵후원_정기후원,5658,신규,국내아동권리보호사업(사단법인),국내(남자),30대, 2.00 ,1,,#N/A
매체운영팀,디지털,국내,Jan-26,2026-01-25,사단,본부,온라인부,매체운영팀,M홈페이지,2014 모바일웹 로그인메뉴 퀵후원,기타/M _ 로그인메뉴 퀵후원_정기후원,5658,재후원,국내아동권리보호사업(사단법인),국내(여자),30대, 3.00 ,1,,#N/A
매체운영팀,디지털,결연,Jan-26,2026-01-25,사단,본부,온라인부,매체운영팀,PC공동캠페인,홈페이지후원메뉴-해외아동1:1결연,기타/P_메인퀵메뉴_지정결연,610,신규,해외아동결연,국내(여자),30대, 3.00 ,1,,#N/A
매체운영팀,디지털,결연,Jan-26,2026-01-25,사단,본부,온라인부,매체운영팀,PC공동캠페인,홈페이지후원메뉴-해외아동1:1결연,기타/P_메인퀵메뉴_지정결연,610,증액,해외아동결연,국내(남자),40대, 3.00 ,1,,#N/A
매체운영팀,디지털,국내,Jan-26,2026-01-25,사단,본부,온라인부,매체운영팀,PC광고마케팅,홈페이지후원메뉴-후원하기,기타/P_후원하기 메인_정기후원,4882,신규,국내아동권리보호사업(사단법인),국내(여자),20대, 1.00 ,1,,#N/A
매체운영팀,디지털,국내,Jan-26,2026-01-25,사단,본부,온라인부,매체운영팀,PC홈페이지,홈페이지_후원메뉴_사업후원,홈페이지후원메뉴-사업후원(국내아동권리),355,신규,국내아동권리보호사업(사단법인),국내(남자),50대, 3.00 ,1,,#N/A
매체운영팀,디지털,국내,Jan-26,2026-01-25,사단,본부,온라인부,매체운영팀,PC홈페이지,홈페이지후원메뉴-퀵메뉴,메인 퀵메뉴/홈페이지 - 정기후원,338,신규,국내아동권리보호사업(사단법인),국내(여자),20대, 1.00 ,1,,#N/A
매체운영팀,디지털,해외,Jan-26,2026-01-26,사단,본부,온라인부,매체운영팀,M모바일앱,모바일앱,모바일앱_M_상단GNB후원하기,7566,증액,해외교육지원사업,국내(남자),40대, 1.00 ,1,,#N/A
매체운영팀,디지털,국내,Jan-26,2026-01-26,사단,본부,온라인부,매체운영팀,M홈페이지,모바일웹 사업후원,모바일웹_M_기관소개 하단,9071,신규,국내아동권리보호사업(사단법인),국내(여자),50대, 2.00 ,1,,#N/A
매체운영팀,디지털,국내,Jan-26,2026-01-26,사단,본부,온라인부,매체운영팀,M홈페이지,모바일웹 사업후원,모바일웹_M_기관소개 하단,9071,재후원,국내아동권리보호사업(사단법인),국내(남자),50대, 4.00 ,1,,#N/A
매체운영팀,디지털,해외,Jan-26,2026-01-26,사단,본부,온라인부,매체운영팀,M홈페이지,모바일웹 퀵메뉴,"[모바일]TV,라디오",5837,신규,보건의료지원사업,국내(남자),50대, 2.00 ,1,,#N/A
매체운영팀,디지털,국내,Jan-26,2026-01-26,사단,본부,온라인부,매체운영팀,M홈페이지,홈페이지_퀵메뉴_정기후원,모바일 정기후원 퀵메뉴_인터넷,5833,신규,국내아동권리보호사업(사단법인),국내(여자),20대, 2.00 ,1,,#N/A
매체운영팀,디지털,국내,Jan-26,2026-01-26,사단,본부,온라인부,매체운영팀,M홈페이지,홈페이지_퀵메뉴_정기후원,모바일 정기후원 퀵메뉴_안내자료,5834,신규,국내아동권리보호사업(사단법인),국내(남자),10대, 1.00 ,1,,#N/A
매체운영팀,디지털,기타,Jan-26,2026-01-26,사단,본부,온라인부,매체운영팀,M홈페이지,홈페이지_퀵메뉴_정기후원,모바일 정기후원 퀵메뉴_(기타),5835,신규,대북지원사업,국내(여자),40대, 2.00 ,1,,#N/A
매체운영팀,디지털,국내,Jan-26,2026-01-26,사단,본부,온라인부,매체운영팀,M홈페이지,2014 모바일웹 사업후원,[기타]2014 모바일웹 사업후원_국내,5248,신규,국내아동권리보호사업(사단법인),국내(여자),30대, 3.00 ,2,,#N/A
매체운영팀,디지털,국내,Jan-26,2026-01-26,사단,본부,온라인부,매체운영팀,M홈페이지,2014 모바일웹 사업후원,[기타]2014 모바일웹 사업후원_국내,5248,증액,국내아동권리보호사업(사단법인),국내(여자),40대, 3.00 ,1,,#N/A
매체운영팀,디지털,결연,Jan-26,2026-01-26,사단,본부,온라인부,매체운영팀,M홈페이지,2014 모바일웹 로그인메뉴 퀵후원,홈페이지/M _ 로그인메뉴 퀵후원_정기후원,5659,신규,해외아동결연,국내(남자),40대, 3.00 ,1,,#N/A
매체운영팀,디지털,국내,Jan-26,2026-01-26,사단,본부,온라인부,매체운영팀,M홈페이지,2014 모바일웹 로그인메뉴 퀵후원,홈페이지/M _ 로그인메뉴 퀵후원_정기후원,5659,신규,국내아동권리보호사업(사단법인),국내(남자),50대, 3.00 ,1,,#N/A
매체운영팀,디지털,국내,Jan-26,2026-01-26,사단,본부,온라인부,매체운영팀,M홈페이지,2014 모바일웹 로그인메뉴 퀵후원,홈페이지/M _ 로그인메뉴 퀵후원_정기후원,5659,신규,국내아동권리보호사업(사단법인),국내(남자),60대, 2.00 ,1,,#N/A
매체운영팀,디지털,국내,Jan-26,2026-01-26,사단,본부,온라인부,매체운영팀,M홈페이지,2014 모바일웹 로그인메뉴 퀵후원,홈페이지/M _ 로그인메뉴 퀵후원_정기후원,5659,신규,국내아동권리보호사업(사단법인),국내(여자),10대, 5.00 ,1,,#N/A
매체운영팀,디지털,국내,Jan-26,2026-01-26,사단,본부,온라인부,매체운영팀,M홈페이지,2014 모바일웹 로그인메뉴 퀵후원,홈페이지/M _ 로그인메뉴 퀵후원_정기후원,5659,신규,국내아동권리보호사업(사단법인),국내(여자),30대, 2.00 ,1,,#N/A
매체운영팀,디지털,결연,Jan-26,2026-01-26,사단,본부,온라인부,매체운영팀,PC공동캠페인,홈페이지후원메뉴-해외아동1:1결연,기타/P_메인퀵메뉴_지정결연,610,신규,해외아동결연,국내(남자),30대, 6.00 ,2,,#N/A
매체운영팀,디지털,결연,Jan-26,2026-01-26,사단,본부,온라인부,매체운영팀,PC공동캠페인,홈페이지후원메뉴-해외아동1:1결연,기타/P_메인퀵메뉴_지정결연,610,신규,해외아동결연,국내(여자),10대, 3.00 ,1,,#N/A
매체운영팀,디지털,결연,Jan-26,2026-01-26,사단,본부,온라인부,매체운영팀,PC공동캠페인,홈페이지후원메뉴-해외아동1:1결연,기타/P_메인퀵메뉴_지정결연,610,신규,해외아동결연,국내(여자),30대, 3.00 ,1,,#N/A
매체운영팀,디지털,결연,Jan-26,2026-01-26,사단,본부,온라인부,매체운영팀,PC공동캠페인,홈페이지후원메뉴-해외아동1:1결연,기타/P_메인퀵메뉴_지정결연,610,신규,해외아동결연,단체,기타, 3.00 ,1,,#N/A
매체운영팀,디지털,결연,Jan-26,2026-01-26,사단,본부,온라인부,매체운영팀,PC광고마케팅,홈페이지후원메뉴-해외아동1:1결연,페북/P_ 메인퀵메뉴_비지정결연,4890,재후원,해외아동결연,국내(여자),50대, 3.00 ,1,,#N/A
매체운영팀,디지털,국내,Jan-26,2026-01-26,사단,본부,온라인부,매체운영팀,PC광고마케팅,홈페이지후원메뉴-후원하기,기타/P_후원하기 메인_정기후원,4882,재후원,국내아동권리보호사업(사단법인),국내(남자),30대, 3.00 ,1,,#N/A
매체운영팀,디지털,국내,Jan-26,2026-01-26,사단,본부,온라인부,매체운영팀,PC홈페이지,홈페이지_퀵메뉴_정기후원,홈페이지/P_메인퀵메뉴_인터넷(신규),335,신규,국내아동권리보호사업(사단법인),국내(남자),60대, 2.00 ,1,,#N/A
매체운영팀,디지털,국내,Jan-26,2026-01-26,사단,본부,온라인부,매체운영팀,PC홈페이지,홈페이지_후원메뉴_사업후원,홈페이지후원메뉴-사업후원(국내아동권리),355,신규,국내아동권리보호사업(사단법인),국내(남자),50대, 1.00 ,1,,#N/A
매체운영팀,디지털,국내,Jan-26,2026-01-26,사단,본부,온라인부,매체운영팀,PC홈페이지,홈페이지_후원메뉴_사업후원,홈페이지후원메뉴-사업후원(국내아동권리),355,신규,국내아동권리보호사업(사단법인),국내(여자),40대, 5.00 ,1,,#N/A
매체운영팀,디지털,국내,Jan-26,2026-01-26,사단,본부,온라인부,매체운영팀,PC홈페이지,홈페이지_후원메뉴_사업후원,홈페이지후원메뉴-사업후원(국내아동권리),355,재후원,국내아동권리보호사업(사단법인),국내(남자),40대, 2.00 ,1,,#N/A
매체운영팀,디지털,기타,Jan-26,2026-01-26,사단,본부,온라인부,매체운영팀,PC홈페이지,홈페이지후원메뉴-퀵메뉴,메인 퀵메뉴/홈페이지 - 정기후원,338,신규,전체사업지원,국내(남자),60대, 2.00 ,1,,#N/A
매체운영팀,디지털,기타,Jan-26,2026-01-26,사단,본부,온라인부,매체운영팀,PC홈페이지,홈페이지후원메뉴-퀵메뉴,메인 퀵메뉴/홈페이지 - 정기후원,338,재후원,전체사업지원,국내(남자),40대, 1.00 ,1,,#N/A
매체운영팀,디지털,국내,Jan-26,2026-01-27,사단,본부,온라인부,매체운영팀,M홈페이지,홈페이지_퀵메뉴_정기후원,모바일 정기후원 퀵메뉴_인터넷,5833,신규,국내아동권리보호사업(사단법인),국내(남자),50대, 2.00 ,1,,#N/A
매체운영팀,디지털,국내,Jan-26,2026-01-27,사단,본부,온라인부,매체운영팀,M홈페이지,홈페이지_퀵메뉴_정기후원,모바일 정기후원 퀵메뉴_인터넷,5833,증액,국내아동권리보호사업(사단법인),국내(여자),20대, 2.00 ,1,,#N/A
매체운영팀,디지털,기타,Jan-26,2026-01-27,사단,본부,온라인부,매체운영팀,M홈페이지,홈페이지_퀵메뉴_정기후원,모바일 정기후원 퀵메뉴_(기타),5835,신규,전체사업지원,국내(남자),20대, 1.00 ,1,,#N/A
매체운영팀,디지털,기타,Jan-26,2026-01-27,사단,본부,온라인부,매체운영팀,M홈페이지,홈페이지_퀵메뉴_정기후원,모바일 정기후원 퀵메뉴_(기타),5835,신규,전체사업지원,국내(여자),20대, 1.00 ,1,,#N/A
매체운영팀,디지털,결연,Jan-26,2026-01-27,사단,본부,온라인부,매체운영팀,M홈페이지,2014 모바일웹 로그인메뉴 퀵후원,홈페이지/M _ 로그인메뉴 퀵후원_정기후원,5659,신규,해외아동결연,국내(여자),30대, 3.00 ,1,,#N/A
매체운영팀,디지털,국내,Jan-26,2026-01-27,사단,본부,온라인부,매체운영팀,M홈페이지,2014 모바일웹 로그인메뉴 퀵후원,홈페이지/M _ 로그인메뉴 퀵후원_정기후원,5659,신규,국내아동권리보호사업(사단법인),국내(남자),30대, 1.00 ,1,,#N/A
매체운영팀,디지털,국내,Jan-26,2026-01-27,사단,본부,온라인부,매체운영팀,M홈페이지,2014 모바일웹 로그인메뉴 퀵후원,홈페이지/M _ 로그인메뉴 퀵후원_정기후원,5659,신규,국내아동권리보호사업(사단법인),국내(여자),40대, 1.00 ,1,,#N/A
매체운영팀,디지털,해외,Jan-26,2026-01-27,사단,본부,온라인부,매체운영팀,M홈페이지,2014 모바일웹 로그인메뉴 퀵후원,홈페이지/M _ 로그인메뉴 퀵후원_정기후원,5659,신규,보건의료지원사업,국내(남자),70대, 2.00 ,1,,#N/A
매체운영팀,디지털,결연,Jan-26,2026-01-27,사단,본부,온라인부,매체운영팀,PC공동캠페인,홈페이지후원메뉴-해외아동1:1결연,기타/P_메인퀵메뉴_지정결연,610,신규,해외아동결연,국내(남자),30대, 3.00 ,1,,#N/A
매체운영팀,디지털,결연,Jan-26,2026-01-27,사단,본부,온라인부,매체운영팀,PC공동캠페인,홈페이지후원메뉴-해외아동1:1결연,기타/P_메인퀵메뉴_지정결연,610,신규,해외아동결연,국내(여자),30대, 3.00 ,1,,#N/A
매체운영팀,디지털,결연,Jan-26,2026-01-27,사단,본부,온라인부,매체운영팀,PC공동캠페인,홈페이지후원메뉴-해외아동1:1결연,기타/P_메인퀵메뉴_지정결연,610,증액,해외아동결연,국내(여자),20대, 2.00 ,1,,#N/A
매체운영팀,디지털,결연,Jan-26,2026-01-27,사단,본부,온라인부,매체운영팀,PC공동캠페인,홈페이지후원메뉴-해외아동1:1결연,기타/P_메인퀵메뉴_지정결연,610,재후원,해외아동결연,국내(여자),40대, 3.00 ,1,,#N/A
매체운영팀,디지털,결연,Jan-26,2026-01-27,사단,본부,온라인부,매체운영팀,PC광고마케팅,홈페이지후원메뉴-해외아동1:1결연,페북/P_ 메인퀵메뉴_비지정결연,4890,신규,해외아동결연,국내(여자),20대, 3.00 ,1,,#N/A
매체운영팀,디지털,국내,Jan-26,2026-01-27,사단,본부,온라인부,매체운영팀,PC홈페이지,홈페이지_퀵메뉴_정기후원,홈페이지/P_메인퀵메뉴_인터넷(신규),335,신규,국내아동권리보호사업(사단법인),국내(여자),10대, 4.00 ,2,,#N/A
매체운영팀,디지털,국내,Jan-26,2026-01-27,사단,본부,온라인부,매체운영팀,PC홈페이지,홈페이지후원메뉴-퀵메뉴,메인 퀵메뉴/홈페이지 - 정기후원,338,신규,국내아동권리보호사업(사단법인),국내(남자),30대, 1.00 ,1,,#N/A
매체운영팀,디지털,국내,Jan-26,2026-01-27,사단,본부,온라인부,매체운영팀,PC홈페이지,홈페이지후원메뉴-퀵메뉴,메인 퀵메뉴/홈페이지 - 정기후원,338,신규,국내아동권리보호사업(사단법인),국내(여자),30대, 2.00 ,1,,#N/A
매체운영팀,디지털,국내,Jan-26,2026-01-27,사복,본부,온라인부,매체운영팀,PC광고마케팅,홈페이지후원메뉴-후원하기,기타/P_후원하기 메인_정기후원,4882,증액,국내사업,국내(남자),40대, 2.00 ,1,,#N/A
매체운영팀,디지털,국내,Jan-26,2026-01-28,사단,본부,온라인부,매체운영팀,M모바일앱,모바일앱,모바일앱_M_상단GNB후원하기,7566,신규,국내아동권리보호사업(사단법인),국내(남자),50대, 2.00 ,1,,#N/A
매체운영팀,디지털,국내,Jan-26,2026-01-28,사단,본부,온라인부,매체운영팀,M홈페이지,모바일웹 퀵메뉴,"[모바일]TV,라디오",5837,증액,국내아동권리보호사업(사단법인),국내(남자),40대, 1.00 ,1,,#N/A
매체운영팀,디지털,국내,Jan-26,2026-01-28,사단,본부,온라인부,매체운영팀,M홈페이지,홈페이지_퀵메뉴_정기후원,모바일 정기후원 퀵메뉴_인터넷,5833,신규,국내아동권리보호사업(사단법인),국내(여자),30대, 1.00 ,1,,#N/A
매체운영팀,디지털,국내,Jan-26,2026-01-28,사단,본부,온라인부,매체운영팀,M홈페이지,홈페이지_퀵메뉴_정기후원,모바일 정기후원 퀵메뉴_(기타),5835,신규,국내아동권리보호사업(사단법인),국내(여자),10대, 1.00 ,1,,#N/A
매체운영팀,디지털,국내,Jan-26,2026-01-28,사단,본부,온라인부,매체운영팀,M홈페이지,홈페이지_퀵메뉴_정기후원,모바일 정기후원 퀵메뉴_(기타),5835,재후원,국내아동권리보호사업(사단법인),국내(여자),50대, 2.00 ,1,,#N/A
매체운영팀,디지털,국내,Jan-26,2026-01-28,사단,본부,온라인부,매체운영팀,M홈페이지,2014 모바일웹 로그인메뉴 퀵후원,홈페이지/M _ 로그인메뉴 퀵후원_정기후원,5659,신규,국내아동권리보호사업(사단법인),국내(여자),40대, 2.00 ,1,,#N/A
매체운영팀,디지털,해외,Jan-26,2026-01-28,사단,본부,온라인부,매체운영팀,M홈페이지,2014 모바일웹 로그인메뉴 퀵후원,홈페이지/M _ 로그인메뉴 퀵후원_정기후원,5659,신규,보건의료지원사업,국내(여자),40대, 3.00 ,1,,#N/A
매체운영팀,디지털,기타,Jan-26,2026-01-28,사단,본부,온라인부,매체운영팀,M홈페이지,2014 모바일웹 로그인메뉴 퀵후원,홈페이지/M _ 로그인메뉴 퀵후원_정기후원,5659,신규,전체사업지원,국내(여자),30대, 1.00 ,1,,#N/A
매체운영팀,디지털,해외,Jan-26,2026-01-28,사단,본부,온라인부,매체운영팀,M홈페이지,2014 모바일웹 로그인메뉴 퀵후원,홈페이지/M _ 로그인메뉴 퀵후원_정기후원,5659,재후원,해외교육지원사업,국내(남자),20대, 2.00 ,1,,#N/A
매체운영팀,디지털,결연,Jan-26,2026-01-28,사단,본부,온라인부,매체운영팀,PC공동캠페인,홈페이지후원메뉴-해외아동1:1결연,기타/P_메인퀵메뉴_지정결연,610,재후원,해외아동결연,국내(여자),30대, 3.00 ,1,,#N/A
매체운영팀,디지털,결연,Jan-26,2026-01-28,사단,본부,온라인부,매체운영팀,PC공동캠페인,홈페이지후원메뉴-해외아동1:1결연,기타/P_메인퀵메뉴_지정결연,610,재후원,해외아동결연,국내(여자),60대, 3.00 ,1,,#N/A
매체운영팀,디지털,결연,Jan-26,2026-01-28,사단,본부,온라인부,매체운영팀,PC광고마케팅,홈페이지후원메뉴-해외아동1:1결연,페북/P_ 메인퀵메뉴_비지정결연,4890,신규,해외아동결연,국내(남자),50대, 3.00 ,1,,#N/A
매체운영팀,디지털,국내,Jan-26,2026-01-28,사단,본부,온라인부,매체운영팀,PC홈페이지,홈페이지_퀵메뉴_정기후원,홈페이지/P_메인퀵메뉴_인터넷(신규),335,신규,국내아동권리보호사업(사단법인),국내(남자),30대, 2.00 ,1,,#N/A
매체운영팀,디지털,국내,Jan-26,2026-01-28,사단,본부,온라인부,매체운영팀,PC홈페이지,홈페이지_퀵메뉴_정기후원,홈페이지/P_메인퀵메뉴_인터넷(신규),335,신규,국내아동권리보호사업(사단법인),국내(남자),40대, 5.00 ,1,,#N/A
매체운영팀,디지털,국내,Jan-26,2026-01-28,사단,본부,온라인부,매체운영팀,PC홈페이지,홈페이지_퀵메뉴_정기후원,홈페이지/P_메인퀵메뉴_인터넷(신규),335,신규,국내아동권리보호사업(사단법인),단체,기타, 1.00 ,1,,#N/A
매체운영팀,디지털,국내,Jan-26,2026-01-28,사단,본부,온라인부,매체운영팀,PC홈페이지,홈페이지_후원메뉴_사업후원,홈페이지후원메뉴-사업후원(국내아동권리),355,재후원,국내아동권리보호사업(사단법인),국내(남자),50대, 2.00 ,1,,#N/A
매체운영팀,디지털,결연,Jan-26,2026-01-28,사단,본부,온라인부,매체운영팀,PC홈페이지,홈페이지후원메뉴-퀵메뉴,메인 퀵메뉴/홈페이지 - 정기후원,338,신규,해외아동결연,단체,기타, 3.00 ,1,,#N/A
매체운영팀,디지털,국내,Jan-26,2026-01-28,사단,본부,온라인부,매체운영팀,PC홈페이지,홈페이지후원메뉴-퀵메뉴,메인 퀵메뉴/홈페이지 - 정기후원,338,신규,국내아동권리보호사업(사단법인),국내(여자),60대, 2.00 ,1,,#N/A
매체운영팀,디지털,해외,Jan-26,2026-01-29,사단,본부,온라인부,매체운영팀,M모바일앱,모바일앱,모바일앱_M_정기후원,7564,신규,보건의료지원사업,국내(여자),10대, 1.00 ,1,,#N/A
매체운영팀,디지털,국내,Jan-26,2026-01-29,사단,본부,온라인부,매체운영팀,M모바일앱,모바일앱,모바일앱_M_정기후원,7564,증액,국내아동권리보호사업(사단법인),국내(여자),20대, 1.00 ,1,,#N/A
매체운영팀,디지털,해외,Jan-26,2026-01-29,사단,본부,온라인부,매체운영팀,M모바일앱,모바일앱,모바일앱_M_정기후원,7564,증액,식수위생지원사업,국내(여자),20대, 2.00 ,1,,#N/A
매체운영팀,디지털,해외,Jan-26,2026-01-29,사단,본부,온라인부,매체운영팀,M모바일앱,모바일앱,모바일앱_M_정기후원,7564,증액,보건의료지원사업,국내(여자),20대, 2.00 ,1,,#N/A
매체운영팀,디지털,해외,Jan-26,2026-01-29,사단,본부,온라인부,매체운영팀,M모바일앱,모바일앱,모바일앱_M_정기후원,7564,증액,재난구호지원사업,국내(여자),20대, 2.00 ,1,,#N/A
매체운영팀,디지털,국내,Jan-26,2026-01-29,사단,본부,온라인부,매체운영팀,M홈페이지,모바일웹 사업후원,모바일웹_M_기관소개 하단,9071,재후원,국내아동권리보호사업(사단법인),국내(여자),30대, 2.00 ,1,,#N/A
매체운영팀,디지털,국내,Jan-26,2026-01-29,사단,본부,온라인부,매체운영팀,M홈페이지,모바일웹 퀵메뉴,"[모바일]TV,라디오",5837,신규,국내아동권리보호사업(사단법인),국내(여자),40대, 2.00 ,1,,#N/A
매체운영팀,디지털,국내,Jan-26,2026-01-29,사단,본부,온라인부,매체운영팀,M홈페이지,모바일웹 퀵메뉴,"[모바일]TV,라디오",5837,신규,국내아동권리보호사업(사단법인),국내(여자),50대, 2.00 ,1,,#N/A
매체운영팀,디지털,해외,Jan-26,2026-01-29,사단,본부,온라인부,매체운영팀,M홈페이지,모바일웹 퀵메뉴,"[모바일]TV,라디오",5837,신규,보건의료지원사업,국내(여자),50대, 2.00 ,1,,#N/A
매체운영팀,디지털,결연,Jan-26,2026-01-29,사단,본부,온라인부,매체운영팀,M홈페이지,홈페이지_퀵메뉴_정기후원,모바일 정기후원 퀵메뉴_인터넷,5833,신규,해외아동결연,국내(여자),20대, 3.00 ,1,,#N/A
매체운영팀,디지털,국내,Jan-26,2026-01-29,사단,본부,온라인부,매체운영팀,M홈페이지,홈페이지_퀵메뉴_정기후원,모바일 정기후원 퀵메뉴_인터넷,5833,신규,국내아동권리보호사업(사단법인),국내(남자),40대, 3.00 ,1,,#N/A
매체운영팀,디지털,국내,Jan-26,2026-01-29,사단,본부,온라인부,매체운영팀,M홈페이지,홈페이지_퀵메뉴_정기후원,모바일 정기후원 퀵메뉴_인터넷,5833,신규,국내아동권리보호사업(사단법인),국내(여자),60대, 2.00 ,1,,#N/A
매체운영팀,디지털,기타,Jan-26,2026-01-29,사단,본부,온라인부,매체운영팀,M홈페이지,홈페이지_퀵메뉴_정기후원,모바일 정기후원 퀵메뉴_인터넷,5833,신규,전체사업지원,국내(남자),10대 미만, 1.00 ,1,,#N/A
매체운영팀,디지털,기타,Jan-26,2026-01-29,사단,본부,온라인부,매체운영팀,M홈페이지,홈페이지_퀵메뉴_정기후원,모바일 정기후원 퀵메뉴_인터넷,5833,신규,전체사업지원,국내(여자),10대 미만, 1.00 ,1,,#N/A
매체운영팀,디지털,기타,Jan-26,2026-01-29,사단,본부,온라인부,매체운영팀,M홈페이지,홈페이지_퀵메뉴_정기후원,모바일 정기후원 퀵메뉴_인터넷,5833,신규,전체사업지원,국내(여자),30대, 2.00 ,1,,#N/A
매체운영팀,디지털,국내,Jan-26,2026-01-29,사단,본부,온라인부,매체운영팀,M홈페이지,2014 모바일웹 로그인메뉴 퀵후원,기타/M _ 로그인메뉴 퀵후원_정기후원,5658,신규,국내아동권리보호사업(사단법인),국내(남자),20대, 1.00 ,1,,#N/A
매체운영팀,디지털,기타,Jan-26,2026-01-29,사단,본부,온라인부,매체운영팀,M홈페이지,2014 모바일웹 로그인메뉴 퀵후원,기타/M _ 로그인메뉴 퀵후원_정기후원,5658,신규,전체사업지원,국내(남자),40대, 3.00 ,2,,#N/A
매체운영팀,디지털,국내,Jan-26,2026-01-29,사단,본부,온라인부,매체운영팀,M홈페이지,2014 모바일웹 로그인메뉴 퀵후원,홈페이지/M _ 로그인메뉴 퀵후원_정기후원,5659,신규,국내아동권리보호사업(사단법인),국내(여자),50대, 1.00 ,1,,#N/A
매체운영팀,디지털,결연,Jan-26,2026-01-29,사단,본부,온라인부,매체운영팀,PC공동캠페인,홈페이지후원메뉴-해외아동1:1결연,기타/P_메인퀵메뉴_지정결연,610,신규,해외아동결연,국내(남자),10대, 3.00 ,1,,#N/A
매체운영팀,디지털,결연,Jan-26,2026-01-29,사단,본부,온라인부,매체운영팀,PC공동캠페인,홈페이지후원메뉴-해외아동1:1결연,기타/P_메인퀵메뉴_지정결연,610,신규,해외아동결연,국내(남자),20대, 3.00 ,1,,#N/A
매체운영팀,디지털,결연,Jan-26,2026-01-29,사단,본부,온라인부,매체운영팀,PC공동캠페인,홈페이지후원메뉴-해외아동1:1결연,기타/P_메인퀵메뉴_지정결연,610,신규,해외아동결연,국내(남자),60대, 3.00 ,1,,#N/A
매체운영팀,디지털,결연,Jan-26,2026-01-29,사단,본부,온라인부,매체운영팀,PC공동캠페인,홈페이지후원메뉴-해외아동1:1결연,기타/P_메인퀵메뉴_지정결연,610,신규,해외아동결연,국내(여자),20대, 3.00 ,1,,#N/A
매체운영팀,디지털,결연,Jan-26,2026-01-29,사단,본부,온라인부,매체운영팀,PC공동캠페인,홈페이지후원메뉴-해외아동1:1결연,기타/P_메인퀵메뉴_지정결연,610,증액,해외아동결연,국내(여자),20대, 3.00 ,1,,#N/A
매체운영팀,디지털,결연,Jan-26,2026-01-29,사단,본부,온라인부,매체운영팀,PC광고마케팅,홈페이지후원메뉴-해외아동1:1결연,페북/P_ 메인퀵메뉴_비지정결연,4890,신규,해외아동결연,국내(남자),30대, 6.00 ,1,,#N/A
매체운영팀,디지털,국내,Jan-26,2026-01-29,사단,본부,온라인부,매체운영팀,PC광고마케팅,홈페이지후원메뉴-후원하기,기타/P_후원하기 메인_정기후원,4882,신규,국내아동권리보호사업(사단법인),국내(남자),40대, 2.00 ,1,,#N/A
매체운영팀,디지털,국내,Jan-26,2026-01-29,사단,본부,온라인부,매체운영팀,PC홈페이지,홈페이지_후원메뉴_사업후원,홈페이지후원메뉴-사업후원(국내아동권리),355,신규,국내아동권리보호사업(사단법인),국내(남자),40대, 2.00 ,1,,#N/A
매체운영팀,디지털,국내,Jan-26,2026-01-29,사단,본부,온라인부,매체운영팀,PC홈페이지,홈페이지_후원메뉴_사업후원,홈페이지후원메뉴-사업후원(국내아동권리),355,신규,국내아동권리보호사업(사단법인),국내(남자),70대, 2.00 ,1,,#N/A
매체운영팀,디지털,결연,Jan-26,2026-01-29,사단,본부,온라인부,매체운영팀,PC홈페이지,홈페이지후원메뉴-퀵메뉴,메인 퀵메뉴/홈페이지 - 정기후원,338,신규,해외아동결연,국내(남자),20대, 3.00 ,1,,#N/A
매체운영팀,디지털,결연,Jan-26,2026-01-30,사단,본부,온라인부,매체운영팀,M모바일앱,모바일앱,모바일앱_M_상단GNB후원하기,7566,신규,해외아동결연,국내(여자),10대, 3.00 ,1,,#N/A
매체운영팀,디지털,결연,Jan-26,2026-01-30,사단,본부,온라인부,매체운영팀,M홈페이지,홈페이지_퀵메뉴_정기후원,모바일 정기후원 퀵메뉴_인터넷,5833,신규,해외아동결연,국내(남자),50대, 3.00 ,1,,#N/A
매체운영팀,디지털,국내,Jan-26,2026-01-30,사단,본부,온라인부,매체운영팀,M홈페이지,홈페이지_퀵메뉴_정기후원,모바일 정기후원 퀵메뉴_인터넷,5833,신규,국내아동권리보호사업(사단법인),국내(여자),10대, 1.00 ,1,,#N/A
매체운영팀,디지털,국내,Jan-26,2026-01-30,사단,본부,온라인부,매체운영팀,M홈페이지,홈페이지_퀵메뉴_정기후원,모바일 정기후원 퀵메뉴_(기타),5835,신규,국내아동권리보호사업(사단법인),국내(여자),50대, 2.00 ,1,,#N/A
매체운영팀,디지털,국내,Jan-26,2026-01-30,사단,본부,온라인부,매체운영팀,M홈페이지,2014 모바일웹 로그인메뉴 퀵후원,기타/M _ 로그인메뉴 퀵후원_정기후원,5658,신규,국내아동권리보호사업(사단법인),국내(남자),50대, 2.00 ,1,,#N/A
매체운영팀,디지털,결연,Jan-26,2026-01-30,사단,본부,온라인부,매체운영팀,M홈페이지,2014 모바일웹 로그인메뉴 퀵후원,홈페이지/M _ 로그인메뉴 퀵후원_정기후원,5659,신규,해외아동결연,국내(남자),50대, 3.00 ,1,,#N/A
매체운영팀,디지털,국내,Jan-26,2026-01-30,사단,본부,온라인부,매체운영팀,M홈페이지,2014 모바일웹 로그인메뉴 퀵후원,홈페이지/M _ 로그인메뉴 퀵후원_정기후원,5659,신규,국내아동권리보호사업(사단법인),국내(남자),60대, 2.00 ,1,,#N/A
매체운영팀,디지털,국내,Jan-26,2026-01-30,사단,본부,온라인부,매체운영팀,M홈페이지,2014 모바일웹 로그인메뉴 퀵후원,홈페이지/M _ 로그인메뉴 퀵후원_정기후원,5659,신규,국내아동권리보호사업(사단법인),국내(여자),10대, 2.00 ,1,,#N/A
매체운영팀,디지털,해외,Jan-26,2026-01-30,사단,본부,온라인부,매체운영팀,M홈페이지,2014 모바일웹 로그인메뉴 퀵후원,홈페이지/M _ 로그인메뉴 퀵후원_정기후원,5659,신규,보건의료지원사업,국내(남자),20대, 1.00 ,1,,#N/A
매체운영팀,디지털,기타,Jan-26,2026-01-30,사단,본부,온라인부,매체운영팀,M홈페이지,2014 모바일웹 로그인메뉴 퀵후원,홈페이지/M _ 로그인메뉴 퀵후원_정기후원,5659,신규,전체사업지원,국내(남자),10대, 1.00 ,1,,#N/A
매체운영팀,디지털,국내,Jan-26,2026-01-30,사단,본부,온라인부,매체운영팀,M홈페이지,2014 모바일웹 퀵후원(하단푸터),[기타]모바일웹 퀵후원(하단푸터)_정기후원,5282,증액,국내아동권리보호사업(사단법인),국내(여자),40대, 2.00 ,1,,#N/A
매체운영팀,디지털,결연,Jan-26,2026-01-30,사단,본부,온라인부,매체운영팀,PC공동캠페인,홈페이지후원메뉴-해외아동1:1결연,기타/P_메인퀵메뉴_지정결연,610,신규,해외아동결연,국내(남자),50대, 3.00 ,1,,#N/A
매체운영팀,디지털,결연,Jan-26,2026-01-30,사단,본부,온라인부,매체운영팀,PC공동캠페인,홈페이지후원메뉴-해외아동1:1결연,기타/P_메인퀵메뉴_지정결연,610,증액,해외아동결연,국내(여자),40대, 3.00 ,1,,#N/A
매체운영팀,디지털,국내,Jan-26,2026-01-30,사단,본부,온라인부,매체운영팀,PC광고마케팅,홈페이지후원메뉴-후원하기,기타/P_후원하기 메인_정기후원,4882,신규,국내아동권리보호사업(사단법인),국내(남자),60대, 2.00 ,1,,#N/A
매체운영팀,디지털,국내,Jan-26,2026-01-30,사단,본부,온라인부,매체운영팀,PC광고마케팅,홈페이지후원메뉴-후원하기,기타/P_후원하기 메인_정기후원,4882,신규,국내아동권리보호사업(사단법인),국내(여자),30대, 2.00 ,1,,#N/A
매체운영팀,디지털,해외,Jan-26,2026-01-30,사단,본부,온라인부,매체운영팀,PC광고마케팅,홈페이지후원메뉴-후원하기,기타/P_후원하기 메인_정기후원,4882,신규,재난구호지원사업,국내(여자),30대, 2.00 ,1,,#N/A
매체운영팀,디지털,국내,Jan-26,2026-01-30,사단,본부,온라인부,매체운영팀,PC홈페이지,홈페이지_퀵메뉴_정기후원,홈페이지/P_메인퀵메뉴_인터넷(신규),335,신규,국내아동권리보호사업(사단법인),국내(남자),40대, 5.00 ,1,,#N/A
매체운영팀,디지털,국내,Jan-26,2026-01-30,사단,본부,온라인부,매체운영팀,PC홈페이지,홈페이지_퀵메뉴_정기후원,홈페이지/P_메인퀵메뉴_인터넷(신규),335,신규,국내아동권리보호사업(사단법인),국내(여자),40대, 2.00 ,1,,#N/A
매체운영팀,디지털,결연,Jan-26,2026-01-30,사단,본부,온라인부,매체운영팀,PC홈페이지,홈페이지후원메뉴-퀵메뉴,메인 퀵메뉴/홈페이지 - 정기후원,338,신규,해외아동결연,국내(남자),40대, 3.00 ,1,,#N/A
매체운영팀,디지털,국내,Jan-26,2026-01-30,사단,본부,온라인부,매체운영팀,PC홈페이지,홈페이지후원메뉴-퀵메뉴,메인 퀵메뉴/홈페이지 - 정기후원,338,신규,국내아동권리보호사업(사단법인),국내(여자),50대, 1.50 ,1,,#N/A
매체운영팀,디지털,국내,Jan-26,2026-01-31,사단,본부,온라인부,매체운영팀,M모바일앱,모바일앱,모바일앱_M_정기후원,7564,신규,국내아동권리보호사업(사단법인),국내(남자),50대, 2.00 ,1,,#N/A
매체운영팀,디지털,국내,Jan-26,2026-01-31,사단,본부,온라인부,매체운영팀,M홈페이지,홈페이지_퀵메뉴_정기후원,모바일 정기후원 퀵메뉴_인터넷,5833,신규,국내아동권리보호사업(사단법인),국내(여자),30대, 2.00 ,1,,#N/A
매체운영팀,디지털,해외,Jan-26,2026-01-31,사단,본부,온라인부,매체운영팀,M홈페이지,홈페이지_퀵메뉴_정기후원,모바일 정기후원 퀵메뉴_인터넷,5833,신규,보건의료지원사업,국내(여자),40대, 2.00 ,1,,#N/A
매체운영팀,디지털,결연,Jan-26,2026-01-31,사단,본부,온라인부,매체운영팀,M홈페이지,홈페이지_퀵메뉴_정기후원,모바일 정기후원 퀵메뉴_(기타),5835,신규,해외아동결연,단체,기타, 3.00 ,1,,#N/A
매체운영팀,디지털,국내,Jan-26,2026-01-31,사단,본부,온라인부,매체운영팀,M홈페이지,홈페이지_퀵메뉴_정기후원,모바일 정기후원 퀵메뉴_(기타),5835,신규,국내아동권리보호사업(사단법인),국내(남자),30대, 2.00 ,2,,#N/A
매체운영팀,디지털,해외,Jan-26,2026-01-31,사단,본부,온라인부,매체운영팀,M홈페이지,홈페이지_퀵메뉴_정기후원,모바일 정기후원 퀵메뉴_(기타),5835,신규,보건의료지원사업,국내(여자),20대, 2.00 ,1,,#N/A
매체운영팀,디지털,기타,Jan-26,2026-01-31,사단,본부,온라인부,매체운영팀,M홈페이지,홈페이지_퀵메뉴_정기후원,모바일 정기후원 퀵메뉴_(기타),5835,신규,전체사업지원,국내(여자),50대, 2.00 ,1,,#N/A
매체운영팀,디지털,국내,Jan-26,2026-01-31,사단,본부,온라인부,매체운영팀,M홈페이지,2014 모바일웹 로그인메뉴 퀵후원,홈페이지/M _ 로그인메뉴 퀵후원_정기후원,5659,신규,국내아동권리보호사업(사단법인),국내(여자),30대, 2.00 ,1,,#N/A
매체운영팀,디지털,해외,Jan-26,2026-01-31,사단,본부,온라인부,매체운영팀,M홈페이지,2014 모바일웹 로그인메뉴 퀵후원,홈페이지/M _ 로그인메뉴 퀵후원_정기후원,5659,신규,해외지역개발사업,국내(여자),20대,-0.50 ,1,,#N/A
매체운영팀,디지털,기타,Jan-26,2026-01-31,사단,본부,온라인부,매체운영팀,M홈페이지,2014 모바일웹 로그인메뉴 퀵후원,홈페이지/M _ 로그인메뉴 퀵후원_정기후원,5659,신규,전체사업지원,국내(여자),50대, 1.00 ,1,,#N/A
매체운영팀,디지털,기타,Jan-26,2026-01-31,사단,본부,온라인부,매체운영팀,M홈페이지,2014 모바일웹 로그인메뉴 퀵후원,홈페이지/M _ 로그인메뉴 퀵후원_정기후원,5659,신규,전체사업지원,단체,기타, 2.00 ,1,,#N/A
매체운영팀,디지털,결연,Jan-26,2026-01-31,사단,본부,온라인부,매체운영팀,PC공동캠페인,홈페이지후원메뉴-해외아동1:1결연,기타/P_메인퀵메뉴_지정결연,610,신규,해외아동결연,국내(남자),20대, 3.00 ,1,,#N/A
매체운영팀,디지털,결연,Jan-26,2026-01-31,사단,본부,온라인부,매체운영팀,PC공동캠페인,홈페이지후원메뉴-해외아동1:1결연,기타/P_메인퀵메뉴_지정결연,610,재후원,해외아동결연,국내(여자),10대, 3.00 ,1,,#N/A
매체운영팀,디지털,국내,Jan-26,2026-01-31,사단,본부,온라인부,매체운영팀,PC홈페이지,홈페이지_퀵메뉴_정기후원,홈페이지/P_메인퀵메뉴_인터넷(신규),335,신규,국내아동권리보호사업(사단법인),국내(남자),20대, 5.00 ,1,,#N/A
매체운영팀,디지털,국내,Jan-26,2026-01-31,사단,본부,온라인부,매체운영팀,PC홈페이지,홈페이지_퀵메뉴_정기후원,홈페이지/P_메인퀵메뉴_인터넷(신규),335,신규,국내아동권리보호사업(사단법인),국내(남자),40대, 2.00 ,1,,#N/A
매체운영팀,디지털,국내,Jan-26,2026-01-31,사단,본부,온라인부,매체운영팀,PC홈페이지,홈페이지_퀵메뉴_정기후원,홈페이지/P_메인퀵메뉴_인터넷(신규),335,신규,국내아동권리보호사업(사단법인),국내(남자),50대, 1.00 ,1,,#N/A
매체운영팀,디지털,국내,Jan-26,2026-01-31,사단,본부,온라인부,매체운영팀,PC홈페이지,홈페이지_퀵메뉴_정기후원,홈페이지/P_메인퀵메뉴_인터넷(신규),335,신규,국내아동권리보호사업(사단법인),국내(여자),30대, 1.00 ,1,,#N/A
매체운영팀,디지털,국내,Jan-26,2026-01-31,사단,본부,온라인부,매체운영팀,PC홈페이지,홈페이지후원메뉴-퀵메뉴,메인 퀵메뉴/홈페이지 - 정기후원,338,신규,국내아동권리보호사업(사단법인),국내(여자),60대, 2.00 ,1,,#N/A
매체운영팀,디지털,국내,Jan-26,2026-01-31,사복,본부,온라인부,매체운영팀,M홈페이지,모바일웹 사업후원,모바일웹_M_기관소개 하단,9071,증액,국내사업,기업,기업, 3.00 ,1,,#N/A
